tele/tasmota/600605/RESULT {"IrReceived":{"Protocol":"JVC","Bits":16,"Data":"0xC2CC","DataLSB":"0x4333","Repeat":0,"RawData":"+8525-4140+615-1495+610-1500E-445EgEg+605-450+580-1530J-470E-1505J-1525Hi+585l+600-1510JkJlEgO-21580Hf+590kJlEgEgEgJkJ-475JkJkOlJtJkJkJtJtJ-21585JkJkJtPiJlJtJkJ-480+575kJkJtHiJkJkPiJtP","RawDataInfo":[103,103,0]}}
tele/tasmota/600605/RESULT {"IrReceived":{"Protocol":"JVC","Bits":16,"Data":"0xC214","DataLSB":"0x4328","Repeat":0,"RawData":"+8500-4165+610-1500Cd+580-475C-445+585-470EfCdEfEiCgCgC-1505Ei+605jK-450KlC-23670E-1535KdK-455EfKlEfE-1530HiEfEfEfKj+600lEpEfEfE-23700Q-1510EpEf+590-465+575-480VwQsQlKlEfEfEpEfEpQlVwQ","RawDataInfo":[103,103,0]}}
tele/tasmota/600605/RESULT {"IrReceived":{"Protocol":"JVC","Bits":16,"Data":"0xC2A4","DataLSB":"0x4325","Repeat":0,"RawData":"+8500-4165+580-1530+605-1500+610-450C-480+600hEhCdEhE-1505C-475EkC-470EhEkClClC-22640EkCdEhClCiCl+575dClE-1510OiJpClClCdClCiO-22645O-1535OrOiJ-455OiOiOrOiOrOiJpJsOiOrOiClO","RawDataInfo":[103,103,0]}}
tele/tasmota/600605/RESULT {"IrReceived":{"Protocol":"JVC","Bits":16,"Data":"0xC244","DataLSB":"0x4322","Repeat":0,"RawData":"+8530-4135+610-1495+580-1530E-470C-445+585gChC-1500E-475ChCjChCh+605hI-1525L-450LnE-23695ImEfChCnLhEgCjEkIgEfLnChLnEfEkE-480EoEfL-1505LnEkEkLn+600-1510EkRnEfRnEkEkEfRnEkE","RawDataInfo":[103,103,0]}}
tele/tasmota/600605/RESULT {"IrReceived":{"Protocol":"JVC","Bits":16,"Data":"0xC2CC","DataLSB":"0x4333","Repeat":0,"RawData":"+8525-4140+610-1500Cd+590-465C-445Cg+605gCd+585-470CdI-1525CgH-450Cd+580-1530MjHlM-21585IkHdClHlCgMjCdMjCdCdMjClMnMnM-475HlMoM-1535+600-1505HlHlHlHlHsHlMnMn+575-480MuMnMnMpMpM","RawDataInfo":[103,103,0]}}
tele/tasmota/600605/RESULT {"IrReceived":{"Protocol":"JVC","Bits":16,"Data":"0xC214","DataLSB":"0x4328","Repeat":0,"RawData":"+8535-4130+610-1500C-1505C-440Cf+615f+585-465CdC-445C-450CjCjCd+580-470L-1525HmCjL-23695+605ePeLmLmL-475HmPdPkPkPkCjCdLmPeLqLqP-23670L-1530CePkLqPkLqLsCjLqLqLq+600eL-480LsTkLuL","RawDataInfo":[103,103,0]}}
tele/tasmota/600605/RESULT {"IrReceived":{"Protocol":"JVC","Bits":16,"Data":"0xC2A4","DataLSB":"0x4325","Repeat":0,"RawData":"+8525-4140+610-1500CdC-445+580-475F-470CeF-1530+585hFi+605-450FiCeKlK-1505ClCeF-22640KmKdKlFhKlKlKmKlKmFgFiFgFgFiFhFgFnKmCdKlFgF-480+575oKmFgKmFoFiFgFoFiFgFoF","RawDataInfo":[103,103,0]}}
tele/tasmota/600605/RESULT {"IrReceived":{"Protocol":"JVC","Bits":16,"Data":"0xC244","DataLSB":"0x4322","Repeat":0,"RawData":"+8495-4170+580-1530+605-1505C-475CgCg+610-450CdEiCgCdEiEiCgCdCgC-480+600-23675EfK-1510CgCgCgCjKmCjKiCdCj+575jEiN-1535K-455NjC-23695NoNoNjNjNjNjNoKpKpNoNjNjNjNoNjNjN","RawDataInfo":[103,103,0]}}
tele/tasmota/600605/RESULT {"IrReceived":{"Protocol":"SAMSUNG36","Bits":36,"Data":"0x400ED02F","DataLSB":"0x2700BF4","Repeat":0,"RawData":"+4585-4390+555-445C-450+550dCd+580-415G-1420G-420GjCdCdGjGjGjC-440CdGjG-4420C-1445GiFmGjFmFmFdF-1450+575-425FdGjOpOpFeFnFeFnO-1425FnFnF","RawDataInfo":[77,77,0]}}
tele/tasmota/600605/RESULT {"IrReceived":{"Protocol":"SAMSUNG36","Bits":36,"Data":"0x400E906F","DataLSB":"0x27009F6","Repeat":0,"RawData":"+4560-4415+580-420+555-445E-440+560gEf+550-1445HgEfEfCd+585-415EfEfHgCdCdC-4420+575-1420CoCoCdCoCdClE-1450IfEfCdCdIfH-1440EjIfEjIpIjEjE","RawDataInfo":[77,77,0]}}
tele/tasmota/600605/RESULT {"IrReceived":{"Protocol":"SAMSUNG36","Bits":36,"Data":"0x400E609F","DataLSB":"0x27006F9","Repeat":0,"RawData":"+4585-4390+585-415+555-445+580-420CdEfG-1420GhGhGdGdEfGh+575h+550-450KfKlG-4420GiJ-1425K-1450KlKlGiKoKlKl+570-425KlKlKoPqJqKo+545oR-1455RoKoR","RawDataInfo":[77,77,0]}}
tele/tasmota/600605/RESULT {"IrReceived":{"Protocol":"SAMSUNG36","Bits":36,"Data":"0x400EC03F","DataLSB":"0x27003FC","Repeat":0,"RawData":"+4580-4390+580-420+585-415Cd+555-445CdC-1420GhGhGhGh+560-440GhEfGkCdGhC-4420CiC-1425+550-1445CdCi+575mGhGhGhP-425PdN-450NhNrN-1450NoCiCiCiNsC","RawDataInfo":[77,77,0]}}
tele/tasmota/600605/RESULT {"IrReceived":{"Protocol":"SAMSUNG36","Bits":36,"Data":"0x400ED02F","DataLSB":"0x2700BF4","Repeat":0,"RawData":"+4580-4390+555-445+550-450Ed+580-420EdC-1445GhG-415+575hCdCdGhCdEfEdEdE-4450E-1450EmEiK-425EmEiEfEmEfEdEfEfEf+570-430EmEfEmEm+545mQ-1455Q","RawDataInfo":[77,77,0]}}
tele/tasmota/600605/RESULT {"IrReceived":{"Protocol":"SAMSUNG36","Bits":36,"Data":"0x400E906F","DataLSB":"0x27009F6","Repeat":0,"RawData":"+4580-4390+555-445+560-440Cd+580-420Cf+550-1445CdIdEfCdCdGhGhCdG-415+585kG-4420G-1420CjIjGhGnGhGhGnGhC-450CdIdGhIjGnGhCjI-1450+575-1425QrI","RawDataInfo":[77,77,0]}}
tele/tasmota/600605/RESULT {"IrReceived":{"Protocol":"SAMSUNG36","Bits":36,"Data":"0x400E609F","DataLSB":"0x27006F9","Repeat":0,"RawData":"+4580-4395+580-420+555-445CdCdEf+550-1445+560-440CdEfCdEjEfEfEfCdC-415C-4420C-1420CmCmCdCdCmG-1450GfEfEfCd+575-425EhEfCdGhGnGnGnO-1425O","RawDataInfo":[77,77,0]}}
tele/tasmota/600605/RESULT {"IrReceived":{"Protocol":"SAMSUNG","Bits":32,"Data":"0xE0E028D7","DataLSB":"0x70714EB","Repeat":0,"RawData":"+4570-4455+610-1630+635-1605C-1635C-500E-470+640iChChCdCgEf+615-490Ch+630-475ChEnMnEiE-1610EiCgEnMnCh+605-1640MoPhMoChCgPgMoM-46725A-4450CgPgPgChChMnPhM-480PqPgPqP-505PuPhChPu+600uPhPqVuPqChPuV-510VqVqVuVqPhVqVqVqV-46755+4560-4465VqVqVqVu+625tPhVuVuVqVqVqVwVuVwVwVwVwVwV-1665+575-530+575-1645Vw+595w+595wV-1645+595-1670+575-530+575-1670+575-535+575-1670+575-1670+575-1670+575","RawDataInfo":[203,203,0]}}
tele/tasmota/600605/RESULT {"IrReceived":{"Protocol":"SAMSUNG","Bits":32,"Data":"0xE0E036C9","DataLSB":"0x7076C93","Repeat":0,"RawData":"+4565-4460+630-1610+610-1635+605fC-480G-500EiGiC-475C-1615GfGfGiGiGiChGiG-505GiG-1640Gm+600lGmGmChGm+625kNlGlNmGlNlGmN-46755+4585-4440NmGmNmNlNlGiNlNlNmNmNmNlN-510NlO-485NsNsNlNmNmNsNmN-1645NsNuNu+595-530+575wXuNsNsNuV-46760+4555-4470VuN-1670X-1670+580lVsVsV-535X-535X-1670X-1670X-1670+570-535+570-535+570-535X-540+570-535+570-535+570-535+570-1670+570-1670+570-535+570-1670+570-1670+570-540+570-1675+570-1675+565-540+565-540+565-1675+565-540+565-540+565-1675+565","RawDataInfo":[203,203,0]}}
tele/tasmota/600605/RESULT {"IrReceived":{"Protocol":"SAMSUNG","Bits":32,"Data":"0xE0E06897","DataLSB":"0x70716E9","Repeat":0,"RawData":"+4555-4470+600-1640CdC-1645C-505C-510C-530+575gCg+595-1650JeC-1665IhI-535ImIm+570mImI-1670NoImNoNmNmNmNoNmN-540NoNmNoNoNoN-46790+4530-4495NoNoNoNpNpNpNpNpN-1675Nt+565tNpUpUpUpNpU-545UtNtNpUtNpNmUpUtUpUpUtUpUtNtUtUqRsNtNtNtUpUpNpUpUpNtUtNtNpUpUpNpUpUvUtUtUpUtUpUpNpNtUpNpUtUpNtUtUtN","RawDataInfo":[203,203,0]}}
tele/tasmota/600605/RESULT {"IrReceived":{"Protocol":"SAMSUNG","Bits":32,"Data":"0xE0E0A857","DataLSB":"0x70715EA","Repeat":0,"RawData":"+4560-4465+605-1640+600dEdE-505EfEfEfEf+625-1620EdEdEfG-485E-510EjEjE-1645EjEkEjEkEjEjE-530+575jEkElMkElMk+595kN-1670M-46760+4555-4490M-1665MoMoM-535Ml+580lMtMt+570oMoVoVtVtVtVtVtVoVtVoVtV-1675+565-540VyVyXyVwXyXwXyVwVwVwX-46790+4525-4500VwVwVwXyXyXyXyVyVoXwVwVyXyVtVyXyXwVyVwXyXwXyXyVyVtXwXyVwXyVwXwXwX","RawDataInfo":[203,203,0]}}
tele/tasmota/600605/RESULT {"IrReceived":{"Protocol":"NEC","Bits":32,"Data":"0x1FE906F","DataLSB":"0x807F09F6","Repeat":0,"RawData":"+9080-4420+660-470+665-465Cd+630-495C-475G-500+655iK-1580C-1575+635-1600G-1605ClGpKlClKiGpGjGjGpGjGjGjGjG-505GpKlGj+625-1610Rs+650-1585GpR-40190+9045-2190R","RawDataInfo":[71,71,0]}}
tele/tasmota/600605/RESULT {"IrReceived":{"Protocol":"NEC","Bits":32,"Data":"0x1FE906F","DataLSB":"0x807F09F6","Repeat":0,"RawData":"+9055-4445+665-465+640-495+660-470GhGhChGhG-1575+630-1600G-1580Gl+655l+635kMlN-1605GhGlGhGhNkM-475MpJ-500MhJqJoJoJqJoMlGlJoM-40160+9075-2160J","RawDataInfo":[71,71,0]}}
tele/tasmota/600605/RESULT {"IrReceived":{"Protocol":"NEC","Bits":32,"Data":"0x1FE20DF","DataLSB":"0x807F04FB","Repeat":0,"RawData":"+9080-4420+660-470CdCd+665-465CdCd+630-500C-1575+635-1600C-1580+655lCiG-1605ClGnGhC-475MoG-1610GhGhMoGh+650-480GpMl+625-505Q-1585GpGp+640-1595SpS-40190+9045-2190S","RawDataInfo":[71,71,0]}}
tele/tasmota/600605/RESULT {"IrReceived":{"Protocol":"NEC","Bits":32,"Data":"0x1FEA05F","DataLSB":"0x807F05FA","Repeat":0,"RawData":"+9080-4420+660-465+635-495C-470CgCgEfEf+655-1580+640-1600+630-1605LkLmEkCiEkCgHiCgC-1575H-475CoHoL-500LpLpHiLpHiHiHiHiHiL-40185+9050-2185L","RawDataInfo":[71,71,0]}}
tele/tasmota/600605/RESULT {"IrReceived":{"Protocol":"NEC","Bits":32,"Data":"0x1FE609F","DataLSB":"0x807F06F9","Repeat":0,"RawData":"+9060-4440+665-465CdCd+660-470+635-495+640-490EfG-1600E-1575+630kGkElElGkGk+650-485M-500GkM-1605Gh+655-475MpMpN-480R-1580MpMpMqM-1610+625vMvMvM-40190+9050-2190W","RawDataInfo":[71,71,0]}}
tele/tasmota/179E4E/RESULT {"IrReceived":{"Protocol":"NEC","Bits":32,"Data":"0x20DF906F","DataLSB":"0x4FB09F6","Repeat":0}}
tele/tasmota/600605/RESULT {"IrReceived":{"Protocol":"NEC","Bits":32,"Data":"0x20DF906F","DataLSB":"0x4FB09F6","Repeat":0,"RawData":"+9160-4515+630-525CdC-1655CdCd+655-500FgCdCe+625eH-530CeCe+650-1630H-1660HeHeHiHiHlHiHiHiHiHiHlHlHiHlHlHlHl+620-40300+9155-2240M","RawDataInfo":[71,71,0]}}
tele/tasmota/600605/RESULT {"IrReceived":{"Protocol":"NEC","Bits":32,"Data":"0x20DFC03F","DataLSB":"0x4FB03FC","Repeat":0,"RawData":"+9160-4515+655-500+630-530E-1655E-525+625fIfIhEhEgI-1660IfIgIgIjIj+650-1630IgIjEhK-510+620fIfIfIfIfIfIjIjIjIjKlIgI-40300+9155-2240N","RawDataInfo":[71,71,0]}}
tele/tasmota/600605/RESULT {"IrReceived":{"Protocol":"NEC","Bits":32,"Data":"0x20DFC03F","DataLSB":"0x4FB03FC","Repeat":0,"RawData":"+9160-4515+630-525+655-500C-1650EfEfCdC-530+650f+625-1655CkJhI-1630JkJkJ-1660JkJmJkJhJhJhJhJhJh+620hJhJmJmJmNmJmJmN-40300+9155-2240N","RawDataInfo":[71,71,0]}}
tele/tasmota/600605/RESULT {"IrReceived":{"Protocol":"NEC","Bits":32,"Data":"0x20DFC03F","DataLSB":"0x4FB03FC","Repeat":0,"RawData":"+9160-4515+655-500Cd+630-1655E-525CdEgEg+650dEfEfCdE-1650EfEf+625fC-1630EfJfHdCdJ-530JgEgH-505EgHmEfJ-1660JnJfJfHkJ-40295+9155-2235J","RawDataInfo":[71,71,0]}}
tele/tasmota/600605/RESULT {"IrReceived":{"Protocol":"NEC","Bits":0,"Data":"0xFFFFFFFFFFFFFFFF","DataLSB":"0xFFFFFFFFFFFFFFFF","Repeat":1,"RawData":"+9155-2240+625","RawDataInfo":[3,3,0]}}
tele/tasmota/600605/RESULT {"IrReceived":{"Protocol":"NEC","Bits":32,"Data":"0x20DF40BF","DataLSB":"0x4FB02FD","Repeat":0,"RawData":"+9165-4510+655-500+630-525E-1655EfEf+635-520EfEfEgE-1650+660-495+650-1630EgEgEgK-1625EiCn+625-530CdEfMdEfEqPgPqM-1635PgP-1660PsEgPsP-40295+9155-2235P","RawDataInfo":[71,71,0]}}
tele/tasmota/600605/RESULT {"IrReceived":{"Protocol":"NEC","Bits":0,"Data":"0xFFFFFFFFFFFFFFFF","DataLSB":"0xFFFFFFFFFFFFFFFF","Repeat":1,"RawData":"+9160-2235+650","RawDataInfo":[3,3,0]}}
tele/tasmota/600605/RESULT {"IrReceived":{"Protocol":"NEC","Bits":32,"Data":"0x20DFC03F","DataLSB":"0x4FB03FC","Repeat":0,"RawData":"+9160-4515+630-525CdC-1655CdCdCdCdCd+650-1630+625-1660CdC-1650+655gCeKgFgKgKgK-500KlFlKlCdCdFlKlK-1625KgFgCeCeFgH-40295A-2235H","RawDataInfo":[71,71,0]}}
tele/tasmota/600605/RESULT {"IrReceived":{"Protocol":"UNKNOWN","Bits":34,"Hash":"0x4C3D81CC","Repeat":0,"RawData":"+505-625+530b+1655-630+525bCbCbCbCb+1660bG-650AbGbDbGeDbGh+1630bGbCbCbCbCbC-620C-645+510bCbGbGbGbGbGbGb+40300-9150+2235j","RawDataInfo":[68,68,0]}}
tele/tasmota/600605/RESULT {"IrReceived":{"Protocol":"NEC","Bits":0,"Data":"0xFFFFFFFFFFFFFFFF","DataLSB":"0xFFFFFFFFFFFFFFFF","Repeat":1,"RawData":"+9155-2240+625","RawDataInfo":[3,3,0]}}
tele/tasmota/600605/RESULT {"IrReceived":{"Protocol":"NEC","Bits":32,"Data":"0x20DFC03F","DataLSB":"0x4FB03FC","Repeat":0,"RawData":"+9155-4525+620-530+625dE-1660EdEd+645-505EdCdEfCfEdCfCfCfCfCfCfCfCdCdCdC-535CdCiCdCdCfCfCfCfCfCfC-40300+9150-2240C","RawDataInfo":[71,71,0]}}
tele/tasmota/600605/RESULT {"IrReceived":{"Protocol":"NEC","Bits":0,"Data":"0xFFFFFFFFFFFFFFFF","DataLSB":"0xFFFFFFFFFFFFFFFF","Repeat":1,"RawData":"+9155-2240+620","RawDataInfo":[3,3,0]}}
tele/tasmota/600605/RESULT {"IrReceived":{"Protocol":"NEC","Bits":32,"Data":"0x20DFC03F","DataLSB":"0x4FB03FC","Repeat":0,"RawData":"+9155-4520+620-530CdC-1660CdCdCdCdCdCeCeC-535CeCeCeCeCeCeCeCfCfCfCfCfCfCfCdC-1665CgCg+615gCgHgC-40305+9150-2265+595","RawDataInfo":[71,71,0]}}
tele/tasmota/600605/RESULT {"IrReceived":{"Protocol":"NEC","Bits":0,"Data":"0xFFFFFFFFFFFFFFFF","DataLSB":"0xFFFFFFFFFFFFFFFF","Repeat":1,"RawData":"+9150-2240+620","RawDataInfo":[3,3,0]}}
tele/tasmota/600605/RESULT {"IrReceived":{"Protocol":"UNKNOWN","Bits":32,"Hash":"0xB1316703","Repeat":0,"RawData":"+620-535AbAbAbAbA-1665+615cA-540D-1685+600f+595-1690+590iHiHiHiH-560HkHkJkHkJkJkHkJiJiJiJ-1695JiJiJ-40330+9125-2270J","RawDataInfo":[63,63,0]}}
tele/tasmota/600605/RESULT {"IrReceived":{"Protocol":"NEC","Bits":32,"Data":"0x20DFC03F","DataLSB":"0x4FB03FC","Repeat":0,"RawData":"+9150-4525+620-535CdC-1665CdCdCdC-560+595d+615eH-1670HfGeH-1690GjGjGjGjGj+600f+590fLfLfL-565LmLmLmLjLjLjLjLjLjL-40330+9120-2270L","RawDataInfo":[71,71,0]}}
tele/tasmota/600605/RESULT {"IrReceived":{"Protocol":"NEC","Bits":0,"Data":"0xFFFFFFFFFFFFFFFF","DataLSB":"0xFFFFFFFFFFFFFFFF","Repeat":1,"RawData":"+9150-2245+615","RawDataInfo":[3,3,0]}}
tele/tasmota/600605/RESULT {"IrReceived":{"Protocol":"NEC","Bits":32,"Data":"0x20DFC03F","DataLSB":"0x4FB03FC","Repeat":0,"RawData":"+9150-4520+620-535C-530C-1660CdCdCdCd+615dC-1665ChCdChChChChGhGhG-1685+595dC-560J-540GkJkJkJkJkJ-1690JmJm+590mJmNmN-40330+9120-2270N","RawDataInfo":[71,71,0]}}
tele/tasmota/179E4E/RESULT {"IrReceived":{"Protocol":"NEC","Bits":32,"Data":"0x20DFC03F","DataLSB":"0x4FB03FC","Repeat":0}}
tele/tasmota/179E4E/RESULT {"IrReceived":{"Protocol":"NEC","Bits":32,"Data":"0x20DFC03F","DataLSB":"0x4FB03FC","Repeat":0}}
tele/tasmota/179E4E/RESULT {"IrReceived":{"Protocol":"NEC","Bits":32,"Data":"0x20DFC03F","DataLSB":"0x4FB03FC","Repeat":0}}
tele/tasmota/179E4E/RESULT {"IrReceived":{"Protocol":"NEC","Bits":0,"Data":"0xFFFFFFFFFFFFFFFF","DataLSB":"0xFFFFFFFFFFFFFFFF","Repeat":1}}
tele/tasmota/179E4E/RESULT {"IrReceived":{"Protocol":"NEC","Bits":32,"Data":"0x20DF40BF","DataLSB":"0x4FB02FD","Repeat":0}}
tele/tasmota/179E4E/RESULT {"IrReceived":{"Protocol":"NEC","Bits":32,"Data":"0x20DFC03F","DataLSB":"0x4FB03FC","Repeat":0}}
tele/tasmota/179E4E/RESULT {"IrReceived":{"Protocol":"NEC","Bits":32,"Data":"0x20DFC03F","DataLSB":"0x4FB03FC","Repeat":0}}
tele/tasmota/179E4E/RESULT {"IrReceived":{"Protocol":"UNKNOWN","Bits":35,"Hash":"0xEC124809","Repeat":0}}
tele/tasmota/179E4E/RESULT {"IrReceived":{"Protocol":"NEC","Bits":0,"Data":"0xFFFFFFFFFFFFFFFF","DataLSB":"0xFFFFFFFFFFFFFFFF","Repeat":1}}
tele/tasmota/179E4E/RESULT {"IrReceived":{"Protocol":"NEC","Bits":32,"Data":"0x20DFC03F","DataLSB":"0x4FB03FC","Repeat":0}}
tele/tasmota/179E4E/RESULT {"IrReceived":{"Protocol":"NEC","Bits":0,"Data":"0xFFFFFFFFFFFFFFFF","DataLSB":"0xFFFFFFFFFFFFFFFF","Repeat":1}}
tele/tasmota/179E4E/RESULT {"IrReceived":{"Protocol":"NEC","Bits":32,"Data":"0x20DFC03F","DataLSB":"0x4FB03FC","Repeat":0}}
tele/tasmota/179E4E/RESULT {"IrReceived":{"Protocol":"NEC","Bits":0,"Data":"0xFFFFFFFFFFFFFFFF","DataLSB":"0xFFFFFFFFFFFFFFFF","Repeat":1}}
tele/tasmota/179E4E/RESULT {"IrReceived":{"Protocol":"NEC","Bits":32,"Data":"0x20DFC03F","DataLSB":"0x4FB03FC","Repeat":0}}
tele/tasmota/179E4E/RESULT {"IrReceived":{"Protocol":"NEC","Bits":32,"Data":"0x20DFC03F","DataLSB":"0x4FB03FC","Repeat":0}}
tele/tasmota/179E4E/RESULT {"IrReceived":{"Protocol":"UNKNOWN","Bits":38,"Hash":"0x31CC180D","Repeat":0}}
tele/tasmota/179E4E/RESULT {"IrReceived":{"Protocol":"UNKNOWN","Bits":67,"Hash":"0x99247F8B","Repeat":0}}
tele/tasmota/600605/RESULT {"IrReceived":{"Protocol":"NEC","Bits":32,"Data":"0x20DF906F","DataLSB":"0x4FB09F6","Repeat":0,"RawData":"+9145-4550+570-560+595d+590-1715CdF-565FfCdF-585C-1695Fg+580kCgF-1670+610-1690HgFlFnFhFh+615-1665+620dF-540FiHcIhFjFgFrFnMnCgCgH-40335+9120-2270O","RawDataInfo":[71,71,0]}}
tele/tasmota/179E4E/RESULT {"IrReceived":{"Protocol":"NEC","Bits":32,"Data":"0x20DF906F","DataLSB":"0x4FB09F6","Repeat":0}}
tele/tasmota/600605/RESULT {"IrReceived":{"Protocol":"NEC","Bits":32,"Data":"0x20DF906F","DataLSB":"0x4FB09F6","Repeat":0,"RawData":"+9120-4580+590-540+615d+595-1715C-565HcCdFhC-585+570-1690CgC-560CkJ-1695EkC-1670CgCnCiCdCmClFiJh+610dElJgJgHhCkCgCkCkJ-40355+9125-2270C","RawDataInfo":[71,71,0]}}
tele/tasmota/179E4E/RESULT {"IrReceived":{"Protocol":"NEC","Bits":32,"Data":"0x20DF906F","DataLSB":"0x4FB09F6","Repeat":0}}
tele/tasmota/600605/RESULT {"IrReceived":{"Protocol":"NEC","Bits":32,"Data":"0x20DF906F","DataLSB":"0x4FB09F6","Repeat":0,"RawData":"+9120-4550+590-565C-585C-1690+570eGdCdCdCcC-1670CfC-560C-1715CfGjGfCjChCcDdC-1695CeDdCeGe+620-515CjGkCcCfCfGjGf+615-40330A-2270G","RawDataInfo":[71,71,0]}}
tele/tasmota/600605/RESULT {"IrReceived"tele/tasmota/600605/RESULT {"IrReceived":{"Protocol":"NEC","Bits":32,"Data":"0x20DF906F","DataLSB":"0x4FB09F6","Repeat":0,"RawData":"+9150-4520+620-535C-530C-1660Cd+600-550CeCeCdC-1665+625fCdCfCfJfCfCfCf+595-560CdCfCdCeGlCdCdCfJfCeCiCiCfCiC-40300+9155-2240C","RawDataInfo":[71,71,0]}}
tele/tasmota/179E4E/RESULT {"IrReceived":{"Protocol":"NEC","Bits":32,"Data":"0x20DF906F","DataLSB":"0x4FB09F6","Repeat":0}}
tele/tasmota/600605/RESULT {"IrReceived":{"Protocol":"NEC","Bits":32,"Data":"0x20DFC03F","DataLSB":"0x4FB03FC","Repeat":0,"RawData":"+9150-4525+620-535C-530C-1660CeCe+600-555CdCdCfCfCdCfCfCfC-1665CfCfCiCdCdCdCdCdCdCd+595-560CiCfG-1685CfCfCi+615-40305A-2240M","RawDataInfo":[71,71,0]}}
tele/tasmota/600605/RESULT {"IrReceived":{"Protocol":"NEC","Bits":0,"Data":"0xFFFFFFFFFFFFFFFF","DataLSB":"0xFFFFFFFFFFFFFFFF","Repeat":1,"RawData":"+9150-2240+620","RawDataInfo":[3,3,0]}}
tele/tasmota/600605/RESULT {"IrReceived":{"Protocol":"NEC","Bits":32,"Data":"0x20DFC03F","DataLSB":"0x4FB03FC","Repeat":0,"RawData":"+9155-4520+620-540+615-535C-1665CfCfCfCfCfCgCgCfC-1660CgCgCgChCh+595-1690CfCdCfCfCfCfCdCfCgChCgCgCgEgC-40305+9150-2240E","RawDataInfo":[71,71,0]}}
tele/tasmota/179E4E/RESULT {"IrReceived":{"Protocol":"NEC","Bits":32,"Data":"0x20DFC03F","DataLSB":"0x4FB03FC","Repeat":0}}
tele/tasmota/179E4E/RESULT {"IrReceived":{"Protocol":"NEC","Bits":0,"Data":"0xFFFFFFFFFFFFFFFF","DataLSB":"0xFFFFFFFFFFFFFFFF","Repeat":1}}
tele/tasmota/179E4E/RESULT {"IrReceived":{"Protocol":"NEC","Bits":32,"Data":"0x20DFC03F","DataLSB":"0x4FB03FC","Repeat":0}}
tele/tasmota/600605/RESULT {"IrReceived":{"Protocol":"NEC","Bits":0,"Data":"0xFFFFFFFFFFFFFFFF","DataLSB":"0xFFFFFFFFFFFFFFFF","Repeat":1,"RawData":"+9150-2250+615","RawDataInfo":[3,3,0]}}
tele/tasmota/179E4E/RESULT {"IrReceived":{"Protocol":"NEC","Bits":32,"Data":"0x20DF906F","DataLSB":"0x4FB09F6","Repeat":0}}
tele/tasmota/600605/RESULT {"IrReceived":{"Protocol":"NEC","Bits":32,"Data":"0x20DF906F","DataLSB":"0x4FB09F6","Repeat":0,"RawData":"+9150-4525+620-535+595-560C-1660CdCdCdCdCdE-1690C-1665Cd+615iC-1670JiCiJhEiCfEfEhE-540+610f+590fEf+565nNhN-1695NoNhNhNhNpN-40310+9145-2270+570","RawDataInfo":[71,71,0]}}
tele/tasmota/600605/RESULT {"IrReceived":{"Protocol":"NEC","Bits":32,"Data":"0x20DFC03F","DataLSB":"0x4FB03FC","Repeat":0,"RawData":"+9150-4520+620-530Cd+595-1645+665dC-535ChC-540CdC-1665C-1660CdCkCjCjCkCkCkCkChChChCdE-560ChChChCjE-1685CjCk+600-1690Cj+615-40305A-2240P","RawDataInfo":[71,71,0]}}
tele/tasmota/600605/RESULT {"IrReceived":{"Protocol":"NEC","Bits":0,"Data":"0xFFFFFFFFFFFFFFFF","DataLSB":"0xFFFFFFFFFFFFFFFF","Repeat":1,"RawData":"+9150-2240+620","RawDataInfo":[3,3,0]}}
tele/tasmota/179E4E/RESULT {"IrReceived":{"Protocol":"NEC","Bits":32,"Data":"0x20DFC03F","DataLSB":"0x4FB03FC","Repeat":0}}
cmnd/tasmota/600605/IRsend {"Protocol":"NEC","Data":0x10EF00FF,"Bits":32}
stat/tasmota/600605/RESULT {"IRSend":"Done"}
tele/tasmota/179E4E/RESULT {"IrReceived":{"Protocol":"NEC","Bits":32,"Data":"0x10EF00FF","DataLSB":"0x8F700FF","Repeat":0}}
tele/tasmota/179E4E/RESULT {"IrReceived":{"Protocol":"NEC","Bits":32,"Data":"0x20DF906F","DataLSB":"0x4FB09F6","Repeat":0}}
tele/tasmota/179E4E/RESULT {"IrReceived":{"Protocol":"NEC","Bits":32,"Data":"0x20DFC03F","DataLSB":"0x4FB03FC","Repeat":0}}
tele/tasmota/179E4E/RESULT {"IrReceived":{"Protocol":"NEC","Bits":0,"Data":"0xFFFFFFFFFFFFFFFF","DataLSB":"0xFFFFFFFFFFFFFFFF","Repeat":1}}
tele/tasmota/179E4E/RESULT {"IrReceived":{"Protocol":"NEC","Bits":32,"Data":"0x20DFC03F","DataLSB":"0x4FB03FC","Repeat":0}}
tele/tasmota/179E4E/RESULT {"IrReceived":{"Protocol":"NEC","Bits":32,"Data":"0x20DF40BF","DataLSB":"0x4FB02FD","Repeat":0}}
tele/tasmota/179E4E/RESULT {"IrReceived":{"Protocol":"NEC","Bits":0,"Data":"0xFFFFFFFFFFFFFFFF","DataLSB":"0xFFFFFFFFFFFFFFFF","Repeat":1}}
tele/tasmota/600605/RESULT {"IrReceived":{"Protocol":"NEC","Bits":32,"Data":"0x20DF906F","DataLSB":"0x4FB09F6","Repeat":0,"RawData":"+9170-4515+655-500+630-525+625-1655Cd+650-505G-530GkGkGhGhEfEhG-1660GlGlGhGlGkGkGl+620kEfMkGkGkEhGlGkGhGlGhMlG-40300+9150-2240M","RawDataInfo":[71,71,0]}}
tele/tasmota/tele/tasmota/179E4E/RESULT {"IrReceived":{"Protocol":"NEC","Bits":32,"Data":"0x20DFC03F","DataLSB":"0x4FB03FC","Repeat":0,"RawData":"+9175-4500+615-535+645-510+640-1640CdGfCdEfCdEhGhEfEhGh+620-1665GhEhIjGhEfGfIdGfGf+675-485GfGfEhEhGhEhEhGhE-40275+9155-2240G","RawDataInfo":[71,71,0]}}
tele/tasmota/600605/RESULT {"IrReceived":{"Protocol":"NEC","Bits":32,"Data":"0x20DFC03F","DataLSB":"0x4FB03FC","Repeat":0,"RawData":"+9155-4520+625-530+600-555C-1660Cd+620dE-560HdCdHgHgHdHgHgHgHgHgHgH-1665H-535HdHkHdHkHdHdHkHgHj+615gHgHgHgH-40300+9130-2265H","RawDataInfo":[71,71,0]}}
cmnd/tasmota/600605/IRsend {"Protocol":"JVC","Data":0x317,"Bits":16}
stat/tasmota/600605/RESULT {"IRSend":"Done"}
tele/tasmota/179E4E/RESULT {"IrReceived":{"Protocol":"JVC","Bits":16,"Data":"0x317","DataLSB":"0xC0E8","Repeat":0,"RawData":"+8440-4240+590-475C-465CeC-470+585e+595eC-1665C-1670GfHeCeCiCdCiCjCjC","RawDataInfo":[35,35,0]}}
cmnd/tasmota/600605/IRsend {"Protocol":"SAMSUNG","Data":0xE0E040BF,"Bits":32}
tele/tasmota/179E4E/RESULT {"IrReceived":{"Protocol":"SAMSUNG","Bits":32,"Data":"0xE0E040BF","DataLSB":"0x70702FD","Repeat":0,"RawData":"+4520-4465+625-1635+615-1630+620fE-515G-510G-505GiGiGfEdGfEhGjGiGiGiGiG-1625GiGiGiGjGiGiGf+610-520EfEdL-1640LnLdEdE","RawDataInfo":[67,67,0]}}
stat/tasmota/600605/RESULT {"IRSend":"Done"}
cmnd/tasmota/600605/IRsend {"Protocol":"SAMSUNG36","Data":0x400E00FF,"Bits":36}
stat/tasmota/600605/RESULT {"IRSend":"Done"}
tele/tasmota/179E4E/RESULT {"IrReceived":{"Protocol":"SAMSUNG36","Bits":36,"Data":"0x400E00FF","DataLSB":"0x27000FF","Repeat":0,"RawData":"+4565-4415+570-445+565dEdEdCdE-1425EdEdEdEdEdEdC-440EdEd+560dH-4425C-1420EfEfEdEdEdEdEdEdCdEdEdEfEfEjEfEfEj+580-1410EfE","RawDataInfo":[77,77,0]}}
cmnd/tasmota/600605/IRsend {"Protocol":"SAMSUNG36","Data":0x400EBC43,"Bits":36}
stat/tasmota/600605/RESULT {"IRSend":"Done"}
tele/tasmota/179E4E/RESULT {"IrReceived":{"Protocol":"SAMSUNG36","Bits":36,"Data":"0x400EBC43","DataLSB":"0x2703DC2","Repeat":0,"RawData":"+4565-4420+570-445+565dCdEdEdE-1425EdEdEdEdEdEdEdEdEdEdE-4415C-1420EhEfEdEfEdEfEhEfChC-440EdEdEfCiCiCiCdChCfC","RawDataInfo":[77,77,0]}}
cmnd/tasmota/600605/IRsend IRSend 38000,+8390-4205+525-1580CdCcCcCcCcCdCcCdCdCcCcCdCdCcCcC-41995
tele/tasmota/179E4E/RESULT {"IrReceived":{"Protocol":"JVC","Bits":16,"Data":"0xC2CC","DataLSB":"0x4333","Repeat":0,"RawData":"+8440-4155+590-1525CdC-465CeCe+595eC-1520C-470CgCdCeCeCdCgChCeC","RawDataInfo":[35,35,0]}}
stat/tasmota/600605/RESULT {"IRSend":"Done"}
cmnd/tasmota/600605/IRsend IRSend 38000,+8390-4205+525-1580CdCcCcCcCcCdCcCdCdCcCcCdCdCcCcC-41995
stat/tasmota/600605/RESULT {"IRSend":"Done"}
tele/tasmota/179E4E/RESULT {"IrReceived":{"Protocol":"JVC","Bits":16,"Data":"0xC2CC","DataLSB":"0x4333","Repeat":0,"RawData":"+8440-4155+590-1525CdC-465CeC-470CeCd+585fC-1520CdCeCf+595hCdCfCeC","RawDataInfo":[35,35,0]}}
cmnd/tasmota/600605/IRsend IRSend 38000,+4525-4445+500cCcCcCcCcC-1475CcCcCcCcCcCcCcCcCcCcCbCdCdCdCcCdCdCcCdCcCcCcCcCcCcCdCcCdCdCdCdC-26875
stat/tasmota/600605/RESULT {"IRSend":"Done"}
tele/tasmota/179E4E/RESULT {"IrReceived":{"Protocol":"SAMSUNG36","Bits":36,"Data":"0x400ED02F","DataLSB":"0x2700BF4","Repeat":0,"RawData":"+4575-4400+565-445C-440Cd+570dCdC-1420C-450CdCdChCdCdCdFd+560dCdC-4390CgCgC-1425CdCgCkCdCgChCeChCdCdChCgCdCgCkCgCgC","RawDataInfo":[77,77,0]}}
cmnd/tasmota/600605/IRsend IRSend 38000,+4470a+550-1685BcBcBbBbBbBbBbBcBcBcBbBbBbBbBbBbBbBcBbBcBbBbBbBcBcBbBcBbBcBcBcB-30005
stat/tasmota/600605/RESULT {"IRSend":"Done"}
tele/tasmota/179E4E/RESULT {"IrReceived":{"Protocol":"SAMSUNG","Bits":32,"Data":"0xE0E028D7","DataLSB":"0x70714EB","Repeat":0,"RawData":"+4520-4420+610-1630+615dCdC-495E-490EgEfEgE-1625+600-1640CdEgEgEgEgEgEgEgEdI-505CdIkCfEgEdCdCfEdC-500Ed+605-1635CnC","RawDataInfo":[67,67,0]}}
cmnd/tasmota/600605/IRsend IRSend 38000,+9020-4525+550cCcCcCcCcCcCcCcC-1685CdCdCdCdCdCdCdCdCcCcCdCcCcCcCcCcCdCdCcCdCdCdCdC-43995
stat/tasmota/600605/RESULT {"IRSend":"Done"}
tele/tasmota/179E4E/RESULT {"IrReceived":{"Protocol":"NEC","Bits":32,"Data":"0xFF906F","DataLSB":"0xFF09F6","Repeat":0,"RawData":"+9065-4480+610-500+615-495C-490EgEfEgEgEgE-1630ChC-1635ChCiChCiCh+600-1640CfEg+620-1620CdEfCgEgEg+595kChEfEhChEhChE","RawDataInfo":[67,67,0]}}
cmnd/tasmota/600605/IRsend 0,9000,4500,562,562,562,562,562,562,562,562,562,562,562,562,562,562,562,562,562,1687,562,1687,562,1687,562,1687,562,1687,562,1687,562,1687,562,1687,562,1687,562,1687,562,1687,562,562,562,562,562,562,562,1687,562,562,562,562,562,562,562,562,562,1687,562,1687,562,1687,562,562,562,1687,562,41000,9000,2250,562,50000
cmnd/tasmota/600605/IRsend 0,9000,4500,562,562,562,562,562,1687,562,562,562,562,562,562,562,562,562,562,562,1687,562,1687,562,562,562,1687,562,1687,562,1687,562,1687,562,1687,562,1687,562,562,562,1687,562,562,562,562,562,1687,562,562,562,562,562,562,562,1687,562,562,562,1687,562,1687,562,562,562,1687,562,1687,562,41000,9000,2250,562,50000
stat/tasmota/600605/RESULT {"IRSend":"Done"}
tele/tasmota/179E4E/RESULT {"IrReceived":{"Protocol":"NEC","Bits":32,"Data":"0xFFE21D","DataLSB":"0xFF47B8","Repeat":0,"RawData":"+9035-4465+620-515+615-520+610fEfGfEfG-525+640-490E-1640CkCkCkCkG-1645CkCkCkCkGlCdGfEfGlEdEfGfEfGlCkCk+625-505EkC-41070+9045-2205E","RawDataInfo":[71,71,0]}}
tele/tasmota/179E4E/RESULT {"IrReceived":{"Protocol":"NEC","Bits":32,"Data":"0x20DFA45B","DataLSB":"0x4FB25DA","Repeat":0,"RawData":"+9035-4470+615-515C-520C-1640+620d+610eCeH-525+640-490CfGfGdH-1645GfGfGfGfGfGdG-1635GdGdGfGdCdGdCfCdGfGfGdGfGfC-41080+9050-2195+645","RawDataInfo":[71,71,0]}}
stat/tasmota/600605/RESULT {"IRSend":"Done"}
cmnd/tasmota/600605/IRsend 38000,8389,4207,526,1578,526,1578,526,526,526,526,526,526,526,526,526,1578,526,526,526,1578,526,1578,526,526,526,1578,526,526,526,526,526,526,526,526,526,41995
stat/tasmota/600605/RESULT {"IRSend":"Done"}
tele/tasmota/179E4E/RESULT {"IrReceived":{"Protocol":"JVC","Bits":16,"Data":"0xC2D0","DataLSB":"0x430B","Repeat":0,"RawData":"+8440-4160+590-1525+585-1530C-470CgCgEgCdEgCdEdCgEdC-475EgCgEhE","RawDataInfo":[35,35,0]}}
cmnd/tasmota/600605/IRsend 9020,4523,552,552,552,552,552,552,552,552,552,552,552,552,552,552,552,1683,552,1683,552,1683,552,1683,552,1683,552,1683,552,1683,552,1683,552,552,552,1683,552,1683,552,1683,552,1683,552,1683,552,552,552,552,552,552,552,552,552,552,552,552,552,552,552,552,552,1683,552,1683,552,1683,552,43994
stat/tasmota/600605/RESULT {"IRSend":"Done"}
tele/tasmota/179E4E/RESULT {"IrReceived":{"Protocol":"UNKNOWN","Bits":36,"Hash":"0x9BC18716","Repeat":0,"RawData":"+4665-430+540-555+575-535+585-530GhEfEfEf+1790-475+310-1175+230-2010+210-2035M-1905+305-1265+1060-500+195-1260+200-2040+205p+1050-1075+1050-1650+840-955+945-1050+220wVyX-1660+225-1290+190-525+220-1310+170-525+220-1370+280-1485U-920+260l+1090h+370-1255+42425","RawDataInfo":[71,71,0]}}
cmnd/tasmota/600605/IRsend 4470,4470,552,1683,552,1683,552,1683,552,552,552,552,552,552,552,552,552,552,552,1683,552,1683,552,1683,552,552,552,552,552,552,552,552,552,552,552,552,552,1683,552,552,552,552,552,552,552,552,552,552,552,552,552,1683,552,552,552,1683,552,1683,552,1683,552,1683,552,1683,552,1683,552,30004
stat/tasmota/600605/RESULT {"IRSend":"Done"}
tele/tasmota/179E4E/RESULT {"IrReceived":{"Protocol":"UNKNOWN","Bits":34,"Hash":"0xBA5E4BC0","Repeat":0,"RawData":"+4660-365+1835-430+1815d+1810d+680dGdGdGd+710-405FdEd+1860-380GdGdGdGdGdGdEdG-425GdGd+675dGdM-440Fl+685dF-435FdFpFdCiFn+30075","RawDataInfo":[67,67,0]}}
cmnd/tasmota/600605/IRsend 4523,4444,500,500,500,500,500,500,500,500,500,500,500,1473,500,500,500,500,500,500,500,500,500,500,500,500,500,500,500,500,500,500,500,500,500,4444,500,1473,500,1473,500,1473,500,500,500,1473,500,1473,500,500,500,1473,500,500,500,500,500,500,500,500,500,500,500,500,500,1473,500,500,500,1473,500,1473,500,1473,500,1473,500,26875
stat/tasmota/600605/RESULT {"IRSend":"Done"}
tele/tasmota/179E4E/RESULT {"IrReceived":{"Protocol":"UNKNOWN","Bits":39,"Hash":"0x86DA8408","Repeat":0,"RawData":"+4520-445+690-300+680-345+665fG-320E-325+1615-360+685fC-295+655-375+635-370+640qRqRqRqPqRq+4490-460+1575-420+1565-415Wv+630o+1570vWxRqZxYoPoPoPoYoPoZvYoWvWxZxWv+26940","RawDataInfo":[77,77,0]}}
cmnd/tasmota/600605/IRsend 38000,8389,4207,526,1578,526,1578,526,526,526,526,526,526,526,526,526,1578,526,526,526,1578,526,1578,526,526,526,1578,526,526,526,526,526,526,526,526,526,41995
stat/tasmota/600605/RESULT {"IRSend":"Done"}
tele/tasmota/179E4E/RESULT {"IrReceived":{"Protocol":"JVC","Bits":16,"Data":"0xC2D0","DataLSB":"0x430B","Repeat":0,"RawData":"+8440-4160+585-1525+590dC-475E-470CfCgE-1520EfCdEhEfCdEgCgEgCfC","RawDataInfo":[35,35,0]}}
cmnd/tasmota/600605/IRsend 9020,4523,552,552,552,552,552,552,552,552,552,552,552,552,552,552,552,1683,552,1683,552,1683,552,1683,552,1683,552,1683,552,1683,552,1683,552,552,552,1683,552,1683,552,1683,552,1683,552,1683,552,552,552,552,552,552,552,552,552,552,552,552,552,552,552,552,552,1683,552,1683,552,1683,552,43994
stat/tasmota/600605/RESULT {"IRSend":"Done"}
tele/tasmota/179E4E/RESULT {"IrReceived":{"Protocol":"UNKNOWN","Bits":34,"Hash":"0xBEAA3B7E","Repeat":0,"RawData":"+4635-460+540-580+560-530+575-535+590-525+585fKfKf+1790b+1840-420+1795-435+1810-430+1815rQrSrQrE-555+1780bSrQ-450O-425SrEtKfKtEfKt+565jI-550XyLr+1740-505M-400+44110","RawDataInfo":[67,67,0]}}
cmnd/tasmota/6006C3/IRsend {"Protocol":"NEC","Bits":32,"Data":0x1FEA05F}
stat/tasmota/6006C3/RESULT {"IRSend":"Done"}
cmnd/tasmota/6006C3/IRsend {"Protocol":"NEC","Bits":32,"Data":0x1FEA05F}
stat/tasmota/6006C3/RESULT {"IRSend":"Done"}
cmnd/tasmota/6006C3/IRsend {"Protocol":"JVC","Bits":16,"Data":0xC0E8,"Repeat":10}
stat/tasmota/6006C3/RESULT {"IRSend":"Done"}
cmnd/tasmota/600605/IRsend 0,8388,4207,526,1578,526,1578,526,526,526,526,526,526,526,526,526,1578,526,526,526,1578,526,1578,526,526,526,526,526,526,526,526,526,526,526,526,526,50000
tele/tasmota/179E4E/RESULT {"IrReceived":{"Protocol":"JVC","Bits":16,"Data":"0xC2C0","DataLSB":"0x4303","Repeat":0,"RawData":"+8440-4160+585-1525C-1530C-480C-470C-475ChCdCfCdCeChChCgCfCgChC","RawDataInfo":[35,35,0]}}
stat/tasmota/600605/RESULT {"IRSend":"Done"}
cmnd/tasmota/600605/IRsend 0,8388,4207,526,1578,526,1578,526,526,526,526,526,526,526,526,526,1578,526,526,526,1578,526,1578,526,526,526,526,526,526,526,526,526,526,526,526,526,50000
stat/tasmota/600605/RESULT {"IRSend":"Done"}
tele/tasmota/179E4E/RESULT {"IrReceived":{"Protocol":"JVC","Bits":16,"Data":"0xC2C0","DataLSB":"0x4303","Repeat":0,"RawData":"+8440-4160+585-1525C-1530C-480C-475CgCgCdCfCdCeCgC-470Cg+590hCgIhC","RawDataInfo":[35,35,0]}}
cmnd/tasmota/600605/IRsend 0,8388,4207,526,1578,526,1578,526,526,526,526,526,526,526,526,526,1578,526,526,526,526,526,526,526,1578,526,526,526,526,526,526,526,526,526,526,526,50000
stat/tasmota/600605/RESULT {"IRSend":"Done"}
tele/tasmota/179E4E/RESULT {"IrReceived":{"Protocol":"JVC","Bits":16,"Data":"0xC220","DataLSB":"0x4304","Repeat":0,"RawData":"+8435-4160+590-1525+585dE-475EfE-470CgEdEfEfEf+580-1530E-480HfEfEfEfE","RawDataInfo":[35,35,0]}}
cmnd/tasmota/600605/IRsend 0,9000,4500,562,562,562,562,562,562,562,562,562,562,562,562,562,562,562,562,562,1687,562,1687,562,1687,562,1687,562,1687,562,1687,562,1687,562,1687,562,1687,562,562,562,1687,562,562,562,562,562,562,562,1687,562,562,562,562,562,1687,562,562,562,1687,562,1687,562,1687,562,562,562,1687,562,50000
stat/tasmota/600605/RESULT {"IRSend":"Done"}
tele/tasmota/179E4E/RESULT {"IrReceived":{"Protocol":"NEC","Bits":32,"Data":"0xFFA25D","DataLSB":"0xFF45BA","Repeat":0,"RawData":"+9035-4465+620-515+610-525E-520+615gEfEgEfEgH-1640CiCiCiHiCiCiCiCiCdE-1645CdEgEfEjC-510HgEjCdEjC-1635CiCdEjC","RawDataInfo":[67,67,0]}}
cmnd/tasmota/600605/IRsend 0,9000,4500,562,562,562,562,562,562,562,562,562,562,562,562,562,562,562,562,562,1687,562,1687,562,1687,562,1687,562,1687,562,1687,562,1687,562,1687,562,1687,562,562,562,1687,562,562,562,562,562,562,562,1687,562,562,562,562,562,1687,562,562,562,1687,562,1687,562,1687,562,562,562,1687,562,50000
stat/tasmota/600605/RESULT {"IRSend":"Done"}
tele/tasmota/179E4E/RESULT {"IrReceived":{"Protocol":"NEC","Bits":32,"Data":"0xFFA25D","DataLSB":"0xFF45BA","Repeat":0,"RawData":"+9030-4470+620-515C-510+610-520+615gF-525CeHgCeF-1645C-1640CkCk+600-1650HkC-1635FjCkHdHkCdFiFgHkCdFiFjCdFjCkCkCdFjC","RawDataInfo":[67,67,0]}}
cmnd/tasmota/600605/IRsend 0,9000,4500,562,562,562,562,562,562,562,562,562,562,562,562,562,562,562,562,562,1687,562,1687,562,1687,562,1687,562,1687,562,1687,562,1687,562,1687,562,1687,562,562,562,1687,562,562,562,562,562,562,562,1687,562,562,562,562,562,1687,562,562,562,1687,562,1687,562,1687,562,562,562,1687,562,50000
stat/tasmota/600605/RESULT {"IRSend":"Done"}
tele/tasmota/179E4E/RESULT {"IrReceived":{"Protocol":"NEC","Bits":32,"Data":"0xFFA25D","DataLSB":"0xFF45BA","Repeat":0,"RawData":"+9030-4470+615-520+610dE-525EdEdEfEdCdE-1645+620-1640HiHiHiHiEgHiHiHdH-1635H-515+560-585EdCiHkEdEg+625-510Ci+600-1650CiHkHiH","RawDataInfo":[67,67,0]}}
cmnd/tasmota/600605/IRsend 0,9000,4500,562,562,562,562,562,562,562,562,562,562,562,562,562,562,562,562,562,1687,562,1687,562,1687,562,1687,562,1687,562,1687,562,1687,562,1687,562,1687,562,562,562,1687,562,562,562,562,562,562,562,1687,562,562,562,562,562,1687,562,562,562,1687,562,1687,562,1687,562,562,562,1687,562,50000
stat/tasmota/600605/RESULT {"IRSend":"Done"}
tele/tasmota/179E4E/RESULT {"IrReceived":{"Protocol":"NEC","Bits":32,"Data":"0xFFA25D","DataLSB":"0xFF45BA","Repeat":0,"RawData":"+9030-4470+620-515+610-525E-520+615gEfEgEfEfE-1645H-1640C-1635CjCjCkCjHjCjCdEiHgHdCdHjHdCdHjHgHjHjHjCdHjH","RawDataInfo":[67,67,0]}}
cmnd/tasmota/600605/IRsend 0,9000,4500,562,562,562,562,562,562,562,562,562,562,562,562,562,562,562,562,562,1687,562,1687,562,1687,562,1687,562,1687,562,1687,562,1687,562,1687,562,1687,562,1687,562,1687,562,562,562,562,562,562,562,1687,562,562,562,562,562,562,562,562,562,1687,562,1687,562,1687,562,562,562,1687,562,50000
stat/tasmota/600605/RESULT {"IRSend":"Done"}
tele/tasmota/179E4E/RESULT {"IrReceived":{"Protocol":"NEC","Bits":32,"Data":"0xFFE21D","DataLSB":"0xFF47B8","Repeat":0,"RawData":"+9040-4465+620-515+610-525E-520+615gEfEfEgEgE-1645C-1640HjHjHjHjHjCjCjCjCjHdCdCdHjCdHgHdCdHjHjCjCdHjH","RawDataInfo":[67,67,0]}}
cmnd/tasmota/600605/IRsend 0,9000,4500,562,562,562,562,562,562,562,562,562,562,562,562,562,562,562,562,562,1687,562,1687,562,1687,562,1687,562,1687,562,1687,562,1687,562,1687,562,562,562,1687,562,1687,562,562,562,562,562,562,562,1687,562,562,562,1687,562,562,562,562,562,1687,562,1687,562,1687,562,562,562,1687,562,50000
stat/tasmota/600605/RESULT {"IRSend":"Done"}
tele/tasmota/179E4E/RESULT {"IrReceived":{"Protocol":"NEC","Bits":32,"Data":"0xFF629D","DataLSB":"0xFF46B9","Repeat":0,"RawData":"+9035-4465+620-515+610-525E-520+615gEfEfHdEgE-1645C-1640CjCjCjCjCjCjCdEiHjCdEgEfEiCdEiCdEfHjCjCjCdHjC","RawDataInfo":[67,67,0]}}
cmnd/tasmota/600605/IRsend 0,9000,4500,562,562,562,562,562,562,562,562,562,562,562,562,562,562,562,562,562,1687,562,1687,562,1687,562,1687,562,1687,562,1687,562,1687,562,1687,562,1687,562,1687,562,1687,562,562,562,562,562,562,562,1687,562,562,562,562,562,562,562,562,562,1687,562,1687,562,1687,562,562,562,1687,562,50000
stat/tasmota/600605/RESULT {"IRSend":"Done"}
tele/tasmota/179E4E/RESULT {"IrReceived":{"Protocol":"NEC","Bits":32,"Data":"0xFFE21D","DataLSB":"0xFF47B8","Repeat":0,"RawData":"+9035-4470+615-515+610-525E-520EfEgCgEfEgE-1645+620-1640Ij+625-1630IjEhEhIjIjIjCjI-510EfEgEhIdEgEfEgCjIjIjIdEhI","RawDataInfo":[67,67,0]}}
cmnd/tasmota/600605/IRsend 0,9000,4500,562,562,562,562,562,562,562,562,562,562,562,562,562,562,562,562,562,1687,562,1687,562,1687,562,1687,562,1687,562,1687,562,1687,562,1687,562,562,562,1687,562,1687,562,1687,562,1687,562,562,562,1687,562,562,562,1687,562,562,562,562,562,562,562,562,562,1687,562,562,562,1687,562,50000
stat/tasmota/600605/RESULT {"IRSend":"Done"}
tele/tasmota/179E4E/RESULT {"IrReceived":{"Protocol":"NEC","Bits":32,"Data":"0xFF7A85","DataLSB":"0xFF5EA1","Repeat":0,"RawData":"+9035-4470+615-515C-520+610-525FeCeFgFeCeF-1645+620-1640IjFhFhIjIjFhIdFjIjCjIjIdFhCdCjIdFgFeFgFhCeCjC","RawDataInfo":[67,67,0]}}
cmnd/tasmota/600605/IRsend 0,9000,4500,562,562,562,562,562,562,562,562,562,562,562,562,562,562,562,562,562,1687,562,1687,562,1687,562,1687,562,1687,562,1687,562,1687,562,1687,562,1687,562,562,562,1687,562,1687,562,562,562,562,562,562,562,562,562,562,562,1687,562,562,562,562,562,1687,562,1687,562,1687,562,1687,562,50000
stat/tasmota/600605/RESULT {"IRSend":"Done"}
tele/tasmota/179E4E/RESULT {"IrReceived":{"Protocol":"NEC","Bits":32,"Data":"0xFFB04F","DataLSB":"0xFF0DF2","Repeat":0,"RawData":"+9045-4455+620-515C-510+610-525CeF-520+615hCeFgF-1645C-1640CkCk+625-1635CkFjCkIkCeIkCkCdIhFgFhIhFjCdFhIjIkCkCkC","RawDataInfo":[67,67,0]}}
cmnd/tasmota/600605/IRsend 0,9000,4500,562,562,562,562,562,562,562,562,562,562,562,562,562,562,562,562,562,1687,562,1687,562,1687,562,1687,562,1687,562,1687,562,1687,562,1687,562,1687,562,562,562,1687,562,1687,562,562,562,562,562,562,562,562,562,562,562,1687,562,562,562,562,562,1687,562,1687,562,1687,562,1687,562,50000
stat/tasmota/600605/RESULT {"IRSend":"Done"}
tele/tasmota/179E4E/RESULT {"IrReceived":{"Protocol":"NEC","Bits":32,"Data":"0xFFB04F","DataLSB":"0xFF0DF2","Repeat":0,"RawData":"+9050-4455+615-520+610d+620-515EdE-525EhEd+625-505E-1645F-1640FlCkClI-1630FlFlEkFdElFlCgFgEdCdEhEkCdEdEkFlFlFlF","RawDataInfo":[67,67,0]}}
cmnd/tasmota/600605/IRsend 0,9000,4500,562,562,562,562,562,562,562,562,562,562,562,562,562,562,562,562,562,1687,562,1687,562,1687,562,1687,562,1687,562,1687,562,1687,562,1687,562,562,562,1687,562,1687,562,562,562,562,562,562,562,1687,562,562,562,1687,562,562,562,562,562,1687,562,1687,562,1687,562,562,562,1687,562,50000
stat/tasmota/600605/RESULT {"IRSend":"Done"}
tele/tasmota/179E4E/RESULT {"IrReceived":{"Protocol":"NEC","Bits":32,"Data":"0xFF629D","DataLSB":"0xFF46B9","Repeat":0,"RawData":"+9030-4470+615-520+610dE-525EfCdEdEfEdC-1640+620gHgHgCgEgHgHgH-515EgHgH-510EfEdE-1645HiEkHiEdEkHgHgHiEkC","RawDataInfo":[67,67,0]}}
cmnd/tasmota/600605/IRsend 0,9000,4500,562,562,562,562,562,562,562,562,562,562,562,562,562,562,562,562,562,1687,562,1687,562,1687,562,1687,562,1687,562,1687,562,1687,562,1687,562,562,562,1687,562,1687,562,562,562,562,562,562,562,1687,562,562,562,1687,562,562,562,562,562,1687,562,1687,562,1687,562,562,562,1687,562,50000
stat/tasmota/600605/RESULT {"IRSend":"Done"}
tele/tasmota/179E4E/RESULT {"IrReceived":{"Protocol":"NEC","Bits":32,"Data":"0xFF629D","DataLSB":"0xFF46B9","Repeat":0,"RawData":"+9035-4470+615-520+610dE-525EdCdEfEdCdE-1645+625-1630+620-1640JkJkCkJkJkH-505JkJkJ-515CdCdCkCmJkJmCdCkJkJkCmJkJ","RawDataInfo":[67,67,0]}}
cmnd/tasmota/600605/IRsend 0,9000,4500,562,562,562,562,562,562,562,562,562,562,562,562,562,562,562,562,562,1687,562,1687,562,1687,562,1687,562,1687,562,1687,562,1687,562,1687,562,1687,562,562,562,1687,562,1687,562,562,562,562,562,562,562,562,562,562,562,1687,562,562,562,562,562,1687,562,1687,562,1687,562,1687,562,50000
stat/tasmota/600605/RESULT {"IRSend":"Done"}
tele/tasmota/179E4E/RESULT {"IrReceived":{"Protocol":"NEC","Bits":32,"Data":"0xFFB04F","DataLSB":"0xFF0DF2","Repeat":0,"RawData":"+9030-4470+620-515+610-520+615fE-525EfGfEhEfG-1640CiCiCi+625iGiCiGiCiCdE-1645CiCdEfGfEfGfEiJ-510GfEkCiCiCiG","RawDataInfo":[67,67,0]}}
cmnd/tasmota/600605/IRsend 0,9000,4500,562,562,562,562,562,562,562,562,562,562,562,562,562,562,562,562,562,1687,562,1687,562,1687,562,1687,562,1687,562,1687,562,1687,562,1687,562,1687,562,562,562,1687,562,1687,562,562,562,562,562,562,562,562,562,562,562,1687,562,562,562,562,562,1687,562,1687,562,1687,562,1687,562,50000
stat/tasmota/600605/RESULT {"IRSend":"Done"}
tele/tasmota/179E4E/RESULT {"IrReceived":{"Protocol":"NEC","Bits":32,"Data":"0xFFB04F","DataLSB":"0xFF0DF2","Repeat":0,"RawData":"+9030-4470+615-520+610dCdE-525EfEdEfEdC-1640+620gHgHgHgHgHgHgHgH-515E-1645HgHiEfEdEfEdCgHiEfEjHgHgHgC","RawDataInfo":[67,67,0]}}
cmnd/tasmota/600605/IRsend 0,9000,4500,562,562,562,562,562,562,562,562,562,562,562,562,562,562,562,562,562,1687,562,1687,562,1687,562,1687,562,1687,562,1687,562,1687,562,1687,562,1687,562,562,562,562,562,1687,562,562,562,562,562,562,562,562,562,562,562,1687,562,1687,562,562,562,1687,562,1687,562,1687,562,1687,562,50000
stat/tasmota/600605/RESULT {"IRSend":"Done"}
tele/tasmota/179E4E/RESULT {"IrReceived":{"Protocol":"NEC","Bits":32,"Data":"0xFF906F","DataLSB":"0xFF09F6","Repeat":0,"RawData":"+9030-4470+615-515C-520+610-525FgFeFgFgFeF-1645+620-1640IjIjIjIjIjCjCjCeCdIjIdCeCdIdCeCjIjCdIjIjIjIjI","RawDataInfo":[67,67,0]}}
cmnd/tasmota/600605/IRsend 0,9000,4500,562,562,562,562,562,562,562,562,562,562,562,562,562,562,562,562,562,1687,562,1687,562,1687,562,1687,562,1687,562,1687,562,1687,562,1687,562,1687,562,562,562,1687,562,562,562,1687,562,562,562,562,562,562,562,562,562,1687,562,562,562,1687,562,562,562,1687,562,1687,562,1687,562,50000
stat/tasmota/600605/RESULT {"IRSend":"Done"}
tele/tasmota/179E4E/RESULT {"IrReceived":{"Protocol":"NEC","Bits":32,"Data":"0xFFA857","DataLSB":"0xFF15EA","Repeat":0,"RawData":"+9030-4470+620-515+610-525E-520EfEgEfEgEfE-1645C-1640+615iCiCiCiJhEiJiJdJiCdEhJgJdCdJdCiCdCiJgJiCiCiC","RawDataInfo":[67,67,0]}}
cmnd/tasmota/600605/IRsend 0,9000,4500,562,562,562,562,562,562,562,562,562,562,562,562,562,562,562,562,562,1687,562,1687,562,1687,562,1687,562,1687,562,1687,562,1687,562,1687,562,1687,562,1687,562,1687,562,562,562,562,562,562,562,1687,562,562,562,562,562,562,562,562,562,1687,562,1687,562,1687,562,562,562,1687,562,41000,9000,2250,562,50000
cmnd/tasmota/600605/IRsend 0,9000,4500,562,562,562,562,562,1687,562,562,562,562,562,562,562,562,562,562,562,1687,562,1687,562,562,562,1687,562,1687,562,1687,562,1687,562,1687,562,1687,562,562,562,1687,562,562,562,562,562,1687,562,562,562,562,562,562,562,1687,562,562,562,1687,562,1687,562,562,562,1687,562,1687,562,41000,9000,2250,562,50000
tele/tasmota/179E4E/RESULT {"IrReceived":{"Protocol":"NEC","Bits":32,"Data":"0xFFE21D","DataLSB":"0xFF47B8","Repeat":0,"RawData":"+9045-4460+615-515C-520+610-525FeFgFgCdFgF-1645C-1640+545-1710+620iLiLiLiLi+625-1635CiCiCeL-510FgFhLdFgFeFgFhLiCiLoCiL-41080A-2205C","RawDataInfo":[71,71,0]}}
tele/tasmota/179E4E/RESULT {"IrReceived":{"Protocol":"UNKNOWN","Bits":31,"Hash":"0xF8F17C3C","Repeat":0,"RawData":"+515-620A-615+520-590+540cAc+1640cGcAbGbGcGcGcGcGcDcGcAbAcGbAb+510cDcG-600+535cGcG-625+505cGbGb+41060-9045+2205c","RawDataInfo":[62,62,0]}}
stat/tasmota/600605/RESULT {"IRSend":"Done"}
stat/tasmota/600605/RESULT {"IRSend":"Done"}
cmnd/tasmota/6006C3/IRsend 0,9000,4500,562,562,562,562,562,562,562,562,562,562,562,562,562,562,562,1687,562,1687,562,1687,562,1687,562,1687,562,1687,562,1687,562,1687,562,562,562,562,562,1687,562,562,562,562,562,1687,562,562,562,562,562,562,562,1687,562,562,562,1687,562,1687,562,562,562,1687,562,1687,562,1687,562,41000,9000,2250,562,50000
stat/tasmota/6006C3/RESULT {"IRSend":"Done"}
cmnd/tasmota/6006C3/IRsend {"Protocol":"NEC","Bits":32,"Data":0x1FEA05F}
stat/tasmota/6006C3/RESULT {"IRSend":"Done"}
cmnd/tasmota/6006C3/IRsend {"Protocol":"NEC","Bits":32,"Data":0x1FEA05F}
stat/tasmota/6006C3/RESULT {"IRSend":"Done"}
cmnd/tasmota/6006C3/IRsend {"Protocol":"NEC","Bits":32,"Data":0x1FEA05F}
stat/tasmota/6006C3/RESULT {"IRSend":"Done"}
cmnd/tasmota/6006C3/IRsend {"Protocol":"NEC","Bits":32,"Data":0x1FEA05F}
stat/tasmota/6006C3/RESULT {"IRSend":"Done"}
cmnd/tasmota/6006C3/IRsend {"Protocol":"NEC","Bits":32,"Data":0x1FE906F}
stat/tasmota/6006C3/RESULT {"IRSend":"Done"}
cmnd/tasmota/6006C3/IRsend {"Protocol":"NEC","Bits":32,"Data":0x1FE906F}
stat/tasmota/6006C3/RESULT {"IRSend":"Done"}
cmnd/tasmota/6006C3/IRsend {"Protocol":"NEC","Bits":32,"Data":0x1FEA05F}
stat/tasmota/6006C3/RESULT {"IRSend":"Done"}
cmnd/tasmota/6006C3/IRsend {"Protocol":"NEC","Bits":32,"Data":0x1FEA05F}
stat/tasmota/6006C3/RESULT {"IRSend":"Done"}
cmnd/tasmota/6006C3/IRsend {"Protocol":"JVC","Bits":16,"Data":0xC0E8,"Repeat":10}
stat/tasmota/6006C3/RESULT {"IRSend":"Done"}
cmnd/tasmota/6006C3/IRsend {"Protocol":"NEC","Bits":32,"Data":0x1FEA05F}
stat/tasmota/6006C3/RESULT {"IRSend":"Done"}
cmnd/tasmota/6006C3/IRsend {"Protocol":"NEC","Bits":32,"Data":0x1FEA05F}
stat/tasmota/6006C3/RESULT {"IRSend":"Done"}
cmnd/tasmota/6006C3/IRsend {"Protocol":"NEC","Bits":32,"Data":0x1FEE01F}
stat/tasmota/6006C3/RESULT {"IRSend":"Done"}
cmnd/tasmota/6006C3/IRsend {"Protocol":"NEC","Bits":32,"Data":0x1FE906F}
stat/tasmota/6006C3/RESULT {"IRSend":"Done"}
cmnd/tasmota/6006C3/IRsend {"Protocol":"NEC","Bits":32,"Data":0x1FEA05F}
stat/tasmota/6006C3/RESULT {"IRSend":"Done"}
cmnd/tasmota/6006C3/IRsend {"Protocol":"NEC","Bits":32,"Data":0x1FED827}
stat/tasmota/6006C3/RESULT {"IRSend":"Done"}
cmnd/tasmota/6006C3/IRsend {"Protocol":"NEC","Bits":32,"Data":0x1FEA05F}
stat/tasmota/6006C3/RESULT {"IRSend":"Done"}
cmnd/tasmota/6006C3/IRsend {"Protocol":"NEC","Bits":32,"Data":0x1FEE01F}
stat/tasmota/6006C3/RESULT {"IRSend":"Done"}
cmnd/tasmota/6006C3/IRsend {"Protocol":"NEC","Bits":32,"Data":0x1FEA05F}
stat/tasmota/6006C3/RESULT {"IRSend":"Done"}
cmnd/tasmota/6006C3/IRsend {"Protocol":"NEC","Bits":32,"Data":0x1FEA05F}
stat/tasmota/6006C3/RESULT {"IRSend":"Done"}
cmnd/tasmota/6006C3/IRsend {"Protocol":"JVC","Bits":16,"Data":0xC038}
stat/tasmota/6006C3/RESULT {"IRSend":"Done"}
cmnd/tasmota/6006C3/IRsend {"Protocol":"JVC","Bits":16,"Data":0xC038}
stat/tasmota/6006C3/RESULT {"IRSend":"Done"}
cmnd/tasmota/6006C3/IRsend {"Protocol":"JVC","Bits":16,"Data":0xC038}
stat/tasmota/6006C3/RESULT {"IRSend":"Done"}
cmnd/tasmota/6006C3/IRsend {"Protocol":"NEC","Bits":32,"Data":0x1FEE01F}
stat/tasmota/6006C3/RESULT {"IRSend":"Done"}
cmnd/tasmota/6006C3/IRsend {"Protocol":"NEC","Bits":32,"Data":0x1FE906F}
stat/tasmota/6006C3/RESULT {"IRSend":"Done"}
cmnd/tasmota/6006C3/IRsend {"Protocol":"NEC","Bits":32,"Data":0x1FEA05F}
stat/tasmota/6006C3/RESULT {"IRSend":"Done"}
cmnd/tasmota/6006C3/IRsend {"Protocol":"NEC","Bits":32,"Data":0x1FEA05F}
stat/tasmota/6006C3/RESULT {"IRSend":"Done"}
cmnd/tasmota/6006C3/IRsend {"Protocol":"JVC","Bits":16,"Data":0xC078}
stat/tasmota/6006C3/RESULT {"IRSend":"Done"}
cmnd/tasmota/6006C3/IRsend {"Protocol":"NEC","Bits":32,"Data":0x1FE906F}
stat/tasmota/6006C3/RESULT {"IRSend":"Done"}
cmnd/tasmota/6006C3/IRsend {"Protocol":"JVC","Bits":16,"Data":0xC0F8}
stat/tasmota/6006C3/RESULT {"IRSend":"Done"}
cmnd/tasmota/6006C3/IRsend {"Protocol":"JVC","Bits":16,"Data":0xC0F8}
cmnd/tasmota/6006C3/IRsend {"Protocol":"NEC","Bits":32,"Data":0x1FE906F}
stat/tasmota/6006C3/RESULT {"IRSend":"Done"}
cmnd/tasmota/6006C3/IRsend {"Protocol":"JVC","Bits":16,"Data":0xC0F8}
stat/tasmota/6006C3/RESULT {"IRSend":"Done"}
stat/tasmota/6006C3/RESULT {"IRSend":"Done"}
cmnd/tasmota/6006C3/IRsend {"Protocol":"JVC","Bits":16,"Data":0xC0F8}
stat/tasmota/6006C3/RESULT {"IRSend":"Done"}
cmnd/tasmota/6006C3/IRsend {"Protocol":"JVC","Bits":16,"Data":0xC0F8}
stat/tasmota/6006C3/RESULT {"IRSend":"Done"}
cmnd/tasmota/6006C3/IRsend {"Protocol":"JVC","Bits":16,"Data":0xC0F8}
stat/tasmota/6006C3/RESULT {"IRSend":"Done"}
cmnd/tasmota/6006C3/IRsend {"Protocol":"JVC","Bits":16,"Data":0xC0F8}
stat/tasmota/6006C3/RESULT {"IRSend":"Done"}
cmnd/tasmota/6006C3/IRsend {"Protocol":"JVC","Bits":16,"Data":0xC0F8}
stat/tasmota/6006C3/RESULT {"IRSend":"Done"}
cmnd/tasmota/6006C3/IRsend {"Protocol":"JVC","Bits":16,"Data":0xC0F8}
stat/tasmota/6006C3/RESULT {"IRSend":"Done"}
cmnd/tasmota/6006C3/IRsend {"Protocol":"JVC","Bits":16,"Data":0xC0F8}
stat/tasmota/6006C3/RESULT {"IRSend":"Done"}
cmnd/tasmota/6006C3/IRsend {"Protocol":"NEC","Bits":32,"Data":0x1FEA05F}
stat/tasmota/6006C3/RESULT {"IRSend":"Done"}
cmnd/tasmota/6006C3/IRsend {"Protocol":"JVC","Bits":16,"Data":0xC038}
stat/tasmota/6006C3/RESULT {"IRSend":"Done"}
cmnd/tasmota/6006C3/IRsend {"Protocol":"JVC","Bits":16,"Data":0xC0C8}
stat/tasmota/6006C3/RESULT {"IRSend":"Done"}
cmnd/tasmota/6006C3/IRsend {"Protocol":"JVC","Bits":16,"Data":0xC0C8}
stat/tasmota/6006C3/RESULT {"IRSend":"Done"}
cmnd/tasmota/6006C3/IRsend {"Protocol":"JVC","Bits":16,"Data":0xC0C8}
stat/tasmota/6006C3/RESULT {"IRSend":"Done"}
cmnd/tasmota/6006C3/IRsend {"Protocol":"JVC","Bits":16,"Data":0xC0C8}
stat/tasmota/6006C3/RESULT {"IRSend":"Done"}
cmnd/tasmota/6006C3/IRsend {"Protocol":"JVC","Bits":16,"Data":0xC0C8}
stat/tasmota/6006C3/RESULT {"IRSend":"Done"}
cmnd/tasmota/6006C3/IRsend {"Protocol":"JVC","Bits":16,"Data":0xC0C8}
stat/tasmota/6006C3/RESULT {"IRSend":"Done"}
cmnd/tasmota/6006C3/IRsend {"Protocol":"JVC","Bits":16,"Data":0xC0C8}
stat/tasmota/6006C3/RESULT {"IRSend":"Done"}
cmnd/tasmota/6006C3/IRsend {"Protocol":"JVC","Bits":16,"Data":0xC0C8}
stat/tasmota/6006C3/RESULT {"IRSend":"Done"}
cmnd/tasmota/6006C3/IRsend {"Protocol":"JVC","Bits":16,"Data":0xC0C8}
stat/tasmota/6006C3/RESULT {"IRSend":"Done"}
cmnd/tasmota/6006C3/IRsend {"Protocol":"JVC","Bits":16,"Data":0xC0F8}
stat/tasmota/6006C3/RESULT {"IRSend":"Done"}
cmnd/tasmota/6006C3/IRsend {"Protocol":"JVC","Bits":16,"Data":0xC0F8}
stat/tasmota/6006C3/RESULT {"IRSend":"Done"}
cmnd/tasmota/6006C3/IRsend {"Protocol":"JVC","Bits":16,"Data":0xC0F8}
stat/tasmota/6006C3/RESULT {"IRSend":"Done"}
cmnd/tasmota/6006C3/IRsend {"Protocol":"JVC","Bits":16,"Data":0xC0F8}
cmnd/tasmota/6006C3/IRsend {"Protocol":"JVC","Bits":16,"Data":0xC0F8}
stat/tasmota/6006C3/RESULT {"IRSend":"Done"}
stat/tasmota/6006C3/RESULT {"IRSend":"Done"}
cmnd/tasmota/6006C3/IRsend {"Protocol":"JVC","Bits":16,"Data":0xC0F8}
stat/tasmota/6006C3/RESULT {"IRSend":"Done"}
cmnd/tasmota/6006C3/IRsend {"Protocol":"NEC","Bits":32,"Data":0x1FEA05F}
stat/tasmota/6006C3/RESULT {"IRSend":"Done"}
cmnd/tasmota/6006C3/IRsend {"Protocol":"NEC","Bits":32,"Data":0x1FEA05F}
stat/tasmota/6006C3/RESULT {"IRSend":"Done"}
cmnd/tasmota/6006C3/IRsend {"Protocol":"JVC","Bits":16,"Data":0xC038}
stat/tasmota/6006C3/RESULT {"IRSend":"Done"}
cmnd/tasmota/6006C3/IRsend {"Protocol":"JVC","Bits":16,"Data":0xC0E8,"Repeat":10}
stat/tasmota/6006C3/RESULT {"IRSend":"Done"}
cmnd/tasmota/6006C3/IRsend {"Protocol":"JVC","Bits":16,"Data":0xC0E8,"Repeat":10}
stat/tasmota/6006C3/RESULT {"IRSend":"Done"}
cmnd/tasmota/6006C3/IRsend {"Protocol":"JVC","Bits":16,"Data":0xC078}
stat/tasmota/6006C3/RESULT {"IRSend":"Done"}
cmnd/tasmota/6006C3/IRsend {"Protocol":"JVC","Bits":16,"Data":0xC078}
stat/tasmota/6006C3/RESULT {"IRSend":"Done"}
cmnd/tasmota/6006C3/IRsend 0,9000,4500,562,562,562,562,562,562,562,562,562,562,562,562,562,562,562,1687,562,1687,562,1687,562,1687,562,1687,562,1687,562,1687,562,1687,562,562,562,1687,562,1687,562,1687,562,562,562,562,562,562,562,562,562,562,562,562,562,562,562,562,562,1687,562,1687,562,1687,562,1687,562,1687,562,41000,9000,2250,562,50000
stat/tasmota/6006C3/RESULT {"IRSend":"Done"}
cmnd/tasmota/6006C3/IRsend 0,9000,4500,562,562,562,562,562,562,562,562,562,562,562,562,562,562,562,1687,562,1687,562,1687,562,1687,562,1687,562,1687,562,1687,562,1687,562,562,562,1687,562,1687,562,1687,562,562,562,562,562,562,562,562,562,562,562,562,562,562,562,562,562,1687,562,1687,562,1687,562,1687,562,1687,562,41000,9000,2250,562,50000
stat/tasmota/6006C3/RESULT {"IRSend":"Done"}
cmnd/tasmota/6006C3/IRsend 0,9000,4500,562,562,562,562,562,562,562,562,562,562,562,562,562,562,562,1687,562,1687,562,1687,562,1687,562,1687,562,1687,562,1687,562,1687,562,562,562,1687,562,1687,562,1687,562,562,562,562,562,562,562,562,562,562,562,562,562,562,562,562,562,1687,562,1687,562,1687,562,1687,562,1687,562,41000,9000,2250,562,50000
stat/tasmota/6006C3/RESULT {"IRSend":"Done"}
cmnd/tasmota/6006C3/IRsend 0,9000,4500,562,562,562,562,562,562,562,562,562,562,562,562,562,562,562,1687,562,1687,562,1687,562,1687,562,1687,562,1687,562,1687,562,1687,562,562,562,562,562,1687,562,562,562,1687,562,1687,562,562,562,562,562,562,562,1687,562,562,562,1687,562,562,562,562,562,1687,562,1687,562,1687,562,41000,9000,2250,562,50000
stat/tasmota/6006C3/RESULT {"IRSend":"Done"}
cmnd/tasmota/6006C3/IRsend 0,9000,4500,562,562,562,562,562,562,562,562,562,562,562,562,562,562,562,1687,562,1687,562,1687,562,1687,562,1687,562,1687,562,1687,562,1687,562,562,562,562,562,1687,562,562,562,1687,562,1687,562,562,562,562,562,562,562,1687,562,562,562,1687,562,562,562,562,562,1687,562,1687,562,1687,562,41000,9000,2250,562,50000
stat/tasmota/6006C3/RESULT {"IRSend":"Done"}
cmnd/tasmota/6006C3/IRsend {"Protocol":"NEC","Bits":32,"Data":0x1FEA05F}
stat/tasmota/6006C3/RESULT {"IRSend":"Done"}
cmnd/tasmota/6006C3/IRsend {"Protocol":"JVC","Bits":16,"Data":0xC0F8}
stat/tasmota/6006C3/RESULT {"IRSend":"Done"}
tele/tasmota/6006C3/RESULT {"IrReceived":{"Protocol":"JVC","Bits":16,"Data":"0xC0E8","DataLSB":"0x317","Repeat":0,"RawData":"+8490-4200+590-1540+585-1545+610-480+580-510E-505EkCkIjEfEfEfEkEfG-485IkEkG-22630Cf+615-1515EjGhGhEkGhEkG-1520EfGpGhGpEkEkGhGmEfEfGhGhGhGhEjGhGpEfEfGlEfGhGhGhG-22635GpEfEkGhGhGhGhGhGpGpGpEjI-1550EjGhEkG","RawDataInfo":[137,137,0]}}
tele/tasmota/179E4E/RESULT {"IrReceived":{"Protocol":"UNKNOWN","Bits":12,"Hash":"0x9E28CAA0","Repeat":0,"RawData":"+250-370+345-4920+225-14245+175-405A-500+170-730+230-605E-855+105-1415O-1235O-935O","RawDataInfo":[23,23,0]}}
tele/tasmota/179E4E/RESULT {"IrReceived":{"Protocol":"UNKNOWN","Bits":14,"Hash":"0x70AEF953","Repeat":0,"RawData":"+315-370+275-690+270-6045+215-3430+160-30940+255-820+265-390+130-8335+105-2465+245-7345I-545Q-350Q-26555Q","RawDataInfo":[27,27,0]}}
tele/tasmota/179E4E/RESULT {"IrReceived":{"Protocol":"UNKNOWN","Bits":3,"Hash":"0x24AE7D4F","Repeat":0,"RawData":"+410-26600+380-15470+405","RawDataInfo":[5,5,0]}}
tele/tasmota/179E4E/RESULT {"IrReceived":{"Protocol":"UNKNOWN","Bits":4,"Hash":"0xC40BD817","Repeat":0,"RawData":"+770-45760+400-800+500-1320+290","RawDataInfo":[7,7,0]}}
tele/tasmota/179E4E/RESULT {"IrReceived":{"Protocol":"UNKNOWN","Bits":7,"Hash":"0xBF10BA3F","Repeat":0,"RawData":"+400-22400+135-48220+285-9640+275-540+245-49360+405-13000+105","RawDataInfo":[13,13,0]}}
tele/tasmota/179E4E/RESULT {"IrReceived":{"Protocol":"UNKNOWN","Bits":13,"Hash":"0x0B7275D7","Repeat":0,"RawData":"+310-2385+220-8675+280-555+750-1020+595-8495+3925-1250+340-630+1895-11320+335-6990M-14080+345-2725+290-7890V","RawDataInfo":[25,25,0]}}
tele/tasmota/179E4E/RESULT {"IrReceived":{"Protocol":"UNKNOWN","Bits":4,"Hash":"0x69DBBC3C","Repeat":0,"RawData":"+710-11450+275-42530+255-23285+185","RawDataInfo":[7,7,0]}}
tele/tasmota/179E4E/RESULT {"IrReceived":{"Protocol":"UNKNOWN","Bits":3,"Hash":"0x22AE7A29","Repeat":0,"RawData":"+420-1940+340-5345+310","RawDataInfo":[5,5,0]}}
tele/tasmota/179E4E/RESULT {"IrReceived":{"Protocol":"UNKNOWN","Bits":5,"Hash":"0x15CE26AF","Repeat":0,"RawData":"+260-15495+235-9365+270-16740+190-41910+135","RawDataInfo":[9,9,0]}}
tele/tasmota/179E4E/RESULT {"IrReceived":{"Protocol":"UNKNOWN","Bits":3,"Hash":"0x4CB0FADF","Repeat":0,"RawData":"+250-9470+130-20310+245","RawDataInfo":[5,5,0]}}
tele/tasmota/179E4E/RESULT {"IrReceived":{"Protocol":"UNKNOWN","Bits":3,"Hash":"0x4AB0F7B5","Repeat":0,"RawData":"+525-38630+280-19860+370","RawDataInfo":[5,5,0]}}
tele/tasmota/179E4E/RESULT {"IrReceived":{"Protocol":"UNKNOWN","Bits":3,"Hash":"0x22AE7A2A","Repeat":0,"RawData":"+330-32710+315-41820+530","RawDataInfo":[5,5,0]}}
tele/tasmota/179E4E/RESULT {"IrReceived":{"Protocol":"UNKNOWN","Bits":3,"Hash":"0x4AB0F7B5","Repeat":0,"RawData":"+340-32720+215-2730+285","RawDataInfo":[5,5,0]}}
tele/tasmota/179E4E/RESULT {"IrReceived":{"Protocol":"UNKNOWN","Bits":3,"Hash":"0x22AE7A29","Repeat":0,"RawData":"+250-8605+200-17415+220","RawDataInfo":[5,5,0]}}
tele/tasmota/179E4E/RESULT {"IrReceived":{"Protocol":"UNKNOWN","Bits":4,"Hash":"0xF5EAEE7D","Repeat":0,"RawData":"+620-320+795-24705+395-31070+105","RawDataInfo":[7,7,0]}}
tele/tasmota/179E4E/RESULT {"IrReceived":{"Protocol":"UNKNOWN","Bits":3,"Hash":"0x25AE7EE0","Repeat":0,"RawData":"+345-3435+370-3310+350","RawDataInfo":[5,5,0]}}
tele/tasmota/179E4E/RESULT {"IrReceived":{"Protocol":"UNKNOWN","Bits":3,"Hash":"0xFEAC02E5","Repeat":0,"RawData":"+285-29550+425-2500+80","RawDataInfo":[5,5,0]}}
tele/tasmota/179E4E/RESULT {"IrReceived":{"Protocol":"UNKNOWN","Bits":3,"Hash":"0x25AE7EE0","Repeat":0,"RawData":"+420-4220+360-3630+370","RawDataInfo":[5,5,0]}}
tele/tasmota/600605/RESULT {"IrReceived":{"Protocol":"UNKNOWN","Bits":3,"Hash":"0xFCABFFBD","Repeat":0,"RawData":"+90-100+120-28330+160","RawDataInfo":[5,5,0]}}
tele/tasmota/179E4E/RESULT {"IrReceived":{"Protocol":"UNKNOWN","Bits":4,"Hash":"0x77DF9F52","Repeat":0,"RawData":"+435-31495+475-8690+780-26060+280","RawDataInfo":[7,7,0]}}
tele/tasmota/179E4E/RESULT {"IrReceived":{"Protocol":"UNKNOWN","Bits":4,"Hash":"0xBFE48DDA","Repeat":0,"RawData":"+480-47905+395-5450+290-17030+385","RawDataInfo":[7,7,0]}}
tele/tasmota/179E4E/RESULT {"IrReceived":{"Protocol":"UNKNOWN","Bits":8,"Hash":"0x2DF95A3C","Repeat":0,"RawData":"+305-5070+395-13020+630-1760+310-15980+365-2390+475-48365+340-40180+285","RawDataInfo":[15,15,0]}}
tele/tasmota/179E4E/RESULT {"IrReceived":{"Protocol":"UNKNOWN","Bits":3,"Hash":"0xFCABFFBF","Repeat":0,"RawData":"+225-2990+500-12935+105","RawDataInfo":[5,5,0]}}
tele/tasmota/6006C3/RESULT {"IrReceived":{"Protocol":"JVC","Bits":16,"Data":"0xC078","DataLSB":"0x31E","Repeat":0,"RawData":"+8520-4170+615-1515+585-1545E-505Eg+590gEgEg+610-480IjI-1520IkE-1550IkI-485IjE-510I-22635EfIk+580nPnEgIjEnEgEgIkEfPlElPnEnPnE-22665PlPlPnPnPnPnPnPnPnPlPlPlP-1555+575nPnPnP-22660PlPlEgEnPnPnPnPnPnPlPlPlPlPnPnPnP","RawDataInfo":[137,137,0]}}
tele/tasmota/6006C3/RESULT {"IrReceived":{"Protocol":"JVC","Bits":16,"Data":"0xC078","DataLSB":"0x31E","Repeat":0,"RawData":"+8485-4205+580-1550CdC-510CeCeCeCeCeCeCdCdCdCdCeCeCeC-22665C-1555Cg+575-515HiHiH-535+555iHiH-540K-1580K-1575KmKm+550iHlKjK-22690KnKnKlKjKjKlOlKlOlOmOmOmOmOlOlOlO","RawDataInfo":[103,103,0]}}
tele/tasmota/6006C3/RESULT {"IrReceived":{"Protocol":"UNKNOWN","Bits":50,"Hash":"0x96A561FB","Repeat":0,"RawData":"+555-1575A-535A-540+550dAdEdEdAdE-1580EfEfEfEdEdEdE-22690EfEfEdEdEdEdEdEdEdEfEfEfEfEdEdEdE-22695EfE-1585+545dEdEdEdEdEdEdEiEfEfEfEdEdEdE","RawDataInfo":[99,99,0]}}
tele/tasmota/6006C3/RESULT {"IrReceived":{"Protocol":"MWM","Bits":24,"Data":"0x550808","Repeat":0,"RawData":"+545a+540-550AcBcBc+1580cDcDcDcBcBcBc+22695cDcDcBcBcBcAcBcBcBcDcDcDcDcBcBcBcEcDcDcBcBcAcAcBcBcBcDcDcDcDcBcBcBc","RawDataInfo":[92,92,0]}}
tele/tasmota/6006C3/RESULT {"IrReceived":{"Protocol":"JVC","Bits":16,"Data":"0xC078","DataLSB":"0x31E","Repeat":0,"RawData":"+8490-4200+585-1550+610-1520+580-510GhGh+555-535GhGhGhGdGdGdGdGhGhGhG-22665GdGdGhGhGhGhGhGhGhG-1555GdGdGdGhGhGhGkGdGlG-515GhGhGm+575mGhGmNlN-1580+550lGlN-520NmNmGkGlNlNmNmNmNjIjImNmNoP-1575IrIrIjIjI-540P","RawDataInfo":[137,137,0]}}
tele/tasmota/6006C3/RESULT {"IrReceived":{"Protocol":"JVC","Bits":16,"Data":"0xC078","DataLSB":"0x31E","Repeat":0,"RawData":"+8480-4205+580-1555CdC-515+575-535+555gHeFeFgHeF-1575HiHiHdFgHgH-540H-22670FiHiHgHgHjHgHgHgHjH-1580+550lHlMlMjMjMjM-22690MlMlMjMjMjMjMjMjMjMlMlMlMlMjMjMjM","RawDataInfo":[103,103,0]}}
tele/tasmota/6006C3/RESULT {"IrReceived":{"Protocol":"JVC","Bits":16,"Data":"0xC078","DataLSB":"0x31E","Repeat":1,"RawData":"+555-1575A-1580A-535A-540Ae+550eFeFeAeFcFcFcFcFeAeFeF-22690FcFcFeFeFeFeFeFeFeFcFcFcFcFeFeFeF-22695FcF-1585+545eFeFeFeFeFeFeFcFcFcFcFeFeFeF","RawDataInfo":[101,101,0]}}
tele/tasmota/6006C3/RESULT {"IrReceived":{"Protocol":"JVC","Bits":16,"Data":"0xC078","DataLSB":"0x31E","Repeat":0,"RawData":"+8480-4205+575-1575+555dE-535E-540EfEgEfEg+550gE-1580HiEiEiHgHgHgH-22690HiHiHgHgHgHgHgHgHgHiHiHiHiHgHgHgH-22695HiHiEgHgHgHgHgHgHgHiHiHiHiHgHgHgH","RawDataInfo":[103,103,0]}}
tele/tasmota/6006C3/RESULT {"IrReceived":{"Protocol":"JVC","Bits":16,"Data":"0xC078","DataLSB":"0x31E","Repeat":0,"RawData":"+8510-4175+580-1550CdC-510CeCeCeCeCeCe+560-1575CdCdCdF-535CeCe+585-22660CdCdCeCeCeCeCeIeCeC-1555CdCdCdIeCeCeIjCdIdCeCeCeCeCeCeCeCdCdCdCdCeCeCeC-22665CdCdI-505CeCeCeCeCeCeCdCdCdCdC-515CeCeC","RawDataInfo":[137,137,0]}}
tele/tasmota/6006C3/RESULT {"IrReceived":{"Protocol":"JVC","Bits":16,"Data":"0xC078","DataLSB":"0x31E","Repeat":0,"RawData":"+8485-4200+580-1550CdC-510Ce+585eCeCeCeCeC-1555CdCdCdCeCeCeC-22660CdCdCeCeCeCeCeCeCeCdCgCdCgCeF-505CeC-22665CgCdCeCeCeCeC-515+575kLkCgLgLgCgLkCkLkL","RawDataInfo":[103,103,0]}}
tele/tasmota/6006C3/RESULT {"IrReceived":{"Protocol":"UNKNOWN","Bits":51,"Hash":"0x357EB11B","Repeat":0,"RawData":"+4200-580+1550bCb+510bDbDbDbDbDbDb+1555bCbE-575CbDb+515bDb+22665bEbCb+520-570GfGbGbDbGbDbEfEfEf+1575-555GfGf+535l+22690lEfEf+540lMlMlMlOlMlOl+1580lPlKlPlOlO-550Oq","RawDataInfo":[102,102,0]}}
tele/tasmota/6006C3/RESULT {"IrReceived":{"Protocol":"JVC","Bits":16,"Data":"0xC078","DataLSB":"0x31E","Repeat":1,"RawData":"+550-1580AbA-540AcAcAcAcAcAcAbAbAbAbAcAcAcA-22695AbAbA-545EcAcAcAcAcAcAbAbAbAbAcAcAcA","RawDataInfo":[67,67,0]}}
tele/tasmota/6006C3/RESULT {"IrReceived":{"Protocol":"JVC","Bits":16,"Data":"0xC078","DataLSB":"0x31E","Repeat":0,"RawData":"+8485-4210+605-1520+580-1550+585-505GhE-510GiGiEi+610-485GfEfGfJdGhEiEiE-22660GfEfEiEiEiEiEiEiEiEfEfGfGfEiEiEiGlEfEfEiEiEiEiEiEiEiEfEfEfEfEiEiEiElEfEfGiEiEiEiEiGhEiEfEfEfEfEiGiEiE","RawDataInfo":[137,137,0]}}
tele/tasmota/179E4E/RESULT {"IrReceived":{"Protocol":"UNKNOWN","Bits":4,"Hash":"0xDBE32B76","Repeat":0,"RawData":"+350-3285+220-6530+370-580+310","RawDataInfo":[7,7,0]}}
cmnd/tasmota/600605/IRsend 0,9000,4500,562,562,562,562,562,562,562,562,562,562,562,562,562,562,562,562,562,1687,562,1687,562,1687,562,1687,562,1687,562,1687,562,1687,562,1687,562,1687,562,562,562,1687,562,562,562,562,562,562,562,1687,562,562,562,562,562,1687,562,562,562,1687,562,1687,562,1687,562,562,562,1687,562,41000,9000,2250,562,50000
stat/tasmota/600605/RESULT {"IRSend":"Done"}
tele/tasmota/179E4E/RESULT {"IrReceived":{"Protocol":"NEC","Bits":32,"Data":"0xFFA25D","DataLSB":"0xFF45BA","Repeat":0,"RawData":"+9020-4485+620-515+585-550+615-520GhEf+590-545C-510GhI-1665C-1640C-1635CnCm+595-1660CmIlC-1650Cd+610-1645CdGhRhCsCdGhRsCkCsCmCmCdGsC-41065+9050-2200C","RawDataInfo":[71,71,0]}}
tele/tasmota/600605/RESULT {"IrReceived":{"Protocol":"NEC","Bits":32,"Data":"0xFFE21D","DataLSB":"0xFF47B8","Repeat":0,"RawData":"+9040-4430+620-500+630-495Ef+660-460+655-470G-465IjCd+615-1630+625-1620G-1590NoGpNoCmEo+650-1595EoGpQ-475QsCdQrQsNdIsQjE-1625CtNoQsCtI-40910+9045-2205Q","RawDataInfo":[71,71,0]}}
tele/tasmota/179E4E/RESULT {"IrReceived":{"Protocol":"NEC","Bits":32,"Data":"0xFFE21D","DataLSB":"0xFF47B8","Repeat":0,"RawData":"+9005-4470+610-510C-515Cd+640-480+615eCeCeCdC-1640H-1635CjFj+585iCiCiCiCiCiC-1665+580eM-540HeCiCeCnMn+590-535O-1660KjHiCeKqC-40945+9040-2215C","RawDataInfo":[71,71,0]}}
tele/tasmota/600605/RESULT {"IrReceived":{"Protocol":"NEC","Bits":32,"Data":"0xFFA25D","DataLSB":"0xFF45BA","Repeat":0,"RawData":"+9090-4390+615-505+620d+625-500+655-465H-470+630-490K-495Eg+650-1600E-1630CpNoE-1625K-1620NoNoH-1590HjHsFmHj+660jFqEgN-475N-1595HjFqFq+645oEgHvN-40915+9045-2200F","RawDataInfo":[71,71,0]}}
tele/tasmota/179E4E/RESULT {"IrReceived":{"Protocol":"NEC","Bits":32,"Data":"0xFFA25D","DataLSB":"0xFF45BA","Repeat":0,"RawData":"+9040-4440+580-540+610-515EfEfEf+615-510EhEhG-1640EiEiE-1635EiEiEiEiEiEhEi+590-535GhGfEiEfEfGjEfE-1660+585iEiEfEiG-40945+9065-2210K","RawDataInfo":[71,71,0]}}
tele/tasmota/179E4E/RESULT {"IrReceived":{"Protocol":"NEC","Bits":32,"Data":"0xFFE21D","DataLSB":"0xFF47B8","Repeat":0,"RawData":"+9010-4465+610-515+585-535+615fG-510E-540+555iCdChG-1635CkE-1660C-1640Gk+640-1610CmGkCmGkC-1665+580dGhGhCmCdCdCdQ-565JpGmCl+590fEmC-40950+9030-2220C","RawDataInfo":[71,71,0]}}
tele/tasmota/600605/RESULT {"IrReceived":{"Protocol":"NEC","Bits":32,"Data":"0xFFE21D","DataLSB":"0xFF47B8","Repeat":0,"RawData":"+9045-4425+660-465+630-495+650-470E-490Cd+620-500EfG-475C-1590+625-1620NoJ-1625CmNoNo+665-1580CmEoG-1595GhNkGl+655mJkJkThNfJ-1630JpJuGhG-1600+645-40915+9040-2205E","RawDataInfo":[71,71,0]}}
tele/tasmota/179E4E/RESULT {"IrReceived":{"Protocol":"NEC","Bits":32,"Data":"0xFFA25D","DataLSB":"0xFF45BA","Repeat":0,"RawData":"+9040-4435+610-515C-510+640-485CeFgCeFgFeC-1615+635h+605-1640F-1610FlC-1635CkIlIlFgCmCdI-490F-480FlCeFoFh+630gCkFlFlCdIlC-40945+9065-2190I","RawDataInfo":[71,71,0]}}
tele/tasmota/600605/RESULT {"IrReceived":{"Protocol":"NEC","Bits":32,"Data":"0xFFA25D","DataLSB":"0xFF45BA","Repeat":0,"RawData":"+9090-4385+660-465+625-495E-500+655-470HdHi+620gEgJ-1625+650-1600C-1590+645mJ-1620CnJkEkLmL-475LmJgJgEfJ-1630JgEg+630pLi+595-1660LmOmJgOmE-40935+9070-2185H","RawDataInfo":[71,71,0]}}
tele/tasmota/6006C3/RESULT {"IrReceived":{"Protocol":"JVC","Bits":16,"Data":"0xC0E8","DataLSB":"0x317","Repeat":0,"RawData":"+8490-4200+580-1550CdC-510CeCe+575eC-515CeCd+550-1580F-1555CeCd+555-535K-540FeC-22670FjFjFgCgFgHmFmK-520H-1605+530-1600H-1560+570mHi+525-565UvHmU-22720HiHiUtH-545OvHmU-590UxO-1610HiFjUtOzFgUvUvUwU-1630+500-1630+495-595Ot+500tO-620+470-595+500-595+500-1630+500pQ-1625+500-595+495-1630+500y+500y+500y+500","RawDataInfo":[137,137,0]}}
cmnd/tasmota/6006C3/IRsend 0,9000,4500,562,562,562,562,562,562,562,562,562,562,562,562,562,562,562,1687,562,1687,562,1687,562,1687,562,1687,562,1687,562,1687,562,1687,562,562,562,562,562,1687,562,562,562,1687,562,1687,562,562,562,562,562,562,562,1687,562,562,562,1687,562,562,562,562,562,1687,562,1687,562,1687,562,50000
stat/tasmota/6006C3/RESULT {"IRSend":"Done"}
cmnd/tasmota/6006C3/IRsend 0,9000,4500,562,562,562,562,562,562,562,562,562,562,562,562,562,562,562,1687,562,1687,562,1687,562,1687,562,1687,562,1687,562,1687,562,1687,562,562,562,562,562,1687,562,1687,562,1687,562,1687,562,562,562,562,562,562,562,1687,562,562,562,562,562,562,562,562,562,1687,562,1687,562,1687,562,50000
stat/tasmota/6006C3/RESULT {"IRSend":"Done"}
cmnd/tasmota/6006C3/IRsend 0,9000,4500,562,562,562,562,562,562,562,562,562,562,562,562,562,562,562,1687,562,1687,562,1687,562,1687,562,1687,562,1687,562,1687,562,1687,562,562,562,562,562,1687,562,562,562,1687,562,1687,562,562,562,562,562,562,562,1687,562,562,562,1687,562,562,562,562,562,1687,562,1687,562,1687,562,50000
stat/tasmota/6006C3/RESULT {"IRSend":"Done"}
cmnd/tasmota/6006C3/IRsend 0,9000,4500,562,562,562,562,562,562,562,562,562,562,562,562,562,562,562,1687,562,1687,562,1687,562,1687,562,1687,562,1687,562,1687,562,1687,562,562,562,562,562,1687,562,562,562,1687,562,1687,562,562,562,562,562,562,562,1687,562,562,562,1687,562,562,562,562,562,1687,562,1687,562,1687,562,50000
stat/tasmota/6006C3/RESULT {"IRSend":"Done"}
cmnd/tasmota/600605/IRsend 0,9000,4500,562,562,562,562,562,562,562,562,562,562,562,562,562,562,562,1687,562,1687,562,1687,562,1687,562,1687,562,1687,562,1687,562,1687,562,562,562,562,562,1687,562,562,562,1687,562,1687,562,562,562,562,562,562,562,1687,562,562,562,1687,562,562,562,562,562,1687,562,1687,562,1687,562,50000
stat/tasmota/600605/RESULT {"IRSend":"Done"}
tele/tasmota/179E4E/RESULT {"IrReceived":{"Protocol":"NEC","Bits":32,"Data":"0x1FE58A7","DataLSB":"0x807F1AE5","Repeat":0,"RawData":"+9030-4470+620-515+610-520E-525EfEf+615fEfE-1650C-1635C-1640CkCkCjCkCjCdEfEiEfEiCkCdHfEfEiC-510H-1645CdEfEiCkHkC","RawDataInfo":[67,67,0]}}
cmnd/tasmota/6006C3/IRsend 0,9000,4500,562,562,562,562,562,562,562,562,562,562,562,562,562,562,562,1687,562,1687,562,1687,562,1687,562,1687,562,1687,562,1687,562,1687,562,562,562,562,562,1687,562,1687,562,1687,562,1687,562,562,562,562,562,562,562,1687,562,562,562,562,562,562,562,562,562,1687,562,1687,562,1687,562,50000
stat/tasmota/6006C3/RESULT {"IRSend":"Done"}
cmnd/tasmota/600605/IRsend 0,9000,4500,562,562,562,562,562,562,562,562,562,562,562,562,562,562,562,1687,562,1687,562,1687,562,1687,562,1687,562,1687,562,1687,562,1687,562,562,562,562,562,1687,562,1687,562,1687,562,1687,562,562,562,562,562,562,562,1687,562,562,562,562,562,562,562,562,562,1687,562,1687,562,1687,562,50000
stat/tasmota/600605/RESULT {"IRSend":"Done"}
tele/tasmota/179E4E/RESULT {"IrReceived":{"Protocol":"NEC","Bits":32,"Data":"0x1FE7887","DataLSB":"0x807F1EE1","Repeat":0,"RawData":"+9030-4470+620-515+610-520E-525EfEf+615fEfE-1650C-1640C-1635CjHjCjEiHjCdEfEiCkCjCjHdEgEfE-1645CdEfEfEgEjCjCjH","RawDataInfo":[67,67,0]}}
cmnd/tasmota/6006C3/IRsend 0,9000,4500,562,562,562,562,562,562,562,562,562,562,562,562,562,562,562,1687,562,1687,562,1687,562,1687,562,1687,562,1687,562,1687,562,1687,562,562,562,562,562,1687,562,562,562,562,562,1687,562,562,562,562,562,562,562,1687,562,562,562,1687,562,1687,562,562,562,1687,562,1687,562,1687,562,50000
stat/tasmota/6006C3/RESULT {"IRSend":"Done"}
cmnd/tasmota/600605/IRsend 0,9000,4500,562,562,562,562,562,562,562,562,562,562,562,562,562,562,562,1687,562,1687,562,1687,562,1687,562,1687,562,1687,562,1687,562,1687,562,562,562,562,562,1687,562,562,562,562,562,1687,562,562,562,562,562,562,562,1687,562,562,562,1687,562,1687,562,562,562,1687,562,1687,562,1687,562,50000
stat/tasmota/600605/RESULT {"IRSend":"Done"}
tele/tasmota/179E4E/RESULT {"IrReceived":{"Protocol":"NEC","Bits":32,"Data":"0x1FE48B7","DataLSB":"0x807F12ED","Repeat":0,"RawData":"+9035-4470+615-515+610-525E-520EgEfEgEfE-1645E-1650+620-1635J-1640JlJlClJlJ-510JgEhJdEgCiCdEfEgEiJdEiClJdEiJlJlJ","RawDataInfo":[67,67,0]}}
cmnd/tasmota/6006C3/IRsend 0,9000,4500,562,562,562,562,562,562,562,562,562,562,562,562,562,562,562,1687,562,1687,562,1687,562,1687,562,1687,562,1687,562,1687,562,1687,562,562,562,1687,562,562,562,562,562,1687,562,562,562,562,562,562,562,562,562,562,562,1687,562,1687,562,562,562,1687,562,1687,562,1687,562,1687,562,50000
stat/tasmota/6006C3/RESULT {"IRSend":"Done"}
cmnd/tasmota/600605/IRsend 0,9000,4500,562,562,562,562,562,562,562,562,562,562,562,562,562,562,562,1687,562,1687,562,1687,562,1687,562,1687,562,1687,562,1687,562,1687,562,562,562,1687,562,562,562,562,562,1687,562,562,562,562,562,562,562,562,562,562,562,1687,562,1687,562,562,562,1687,562,1687,562,1687,562,1687,562,50000
stat/tasmota/600605/RESULT {"IRSend":"Done"}
tele/tasmota/179E4E/RESULT {"IrReceived":{"Protocol":"NEC","Bits":32,"Data":"0x1FE906F","DataLSB":"0x807F09F6","Repeat":0,"RawData":"+9030-4470+620-515+610-520Ef+615fEfE-525EfE-1640CiCiE-1650GiCiCiCiC-510EjCkEhEiCdEhEfEfGfE-1645CiCdElCiCiCiG","RawDataInfo":[67,67,0]}}
cmnd/tasmota/6006C3/IRsend 0,9000,4500,562,562,562,562,562,562,562,562,562,562,562,562,562,562,562,1687,562,1687,562,1687,562,1687,562,1687,562,1687,562,1687,562,1687,562,562,562,1687,562,562,562,562,562,1687,562,562,562,562,562,562,562,562,562,562,562,1687,562,1687,562,562,562,1687,562,1687,562,1687,562,1687,562,50000
stat/tasmota/6006C3/RESULT {"IRSend":"Done"}
cmnd/tasmota/600605/IRsend 0,9000,4500,562,562,562,562,562,562,562,562,562,562,562,562,562,562,562,1687,562,1687,562,1687,562,1687,562,1687,562,1687,562,1687,562,1687,562,562,562,1687,562,562,562,562,562,1687,562,562,562,562,562,562,562,562,562,562,562,1687,562,1687,562,562,562,1687,562,1687,562,1687,562,1687,562,50000
stat/tasmota/600605/RESULT {"IRSend":"Done"}
tele/tasmota/179E4E/RESULT {"IrReceived":{"Protocol":"NEC","Bits":32,"Data":"0x1FE906F","DataLSB":"0x807F09F6","Repeat":0,"RawData":"+9035-4470+615-515+610-525E-520EgEfEgEfE-1640+620hIhChIhIhIhIhIdE-1645IdEgE-1650CdEfEgEfEgEkChCdEjIhIhChI","RawDataInfo":[67,67,0]}}
cmnd/tasmota/6006C3/IRsend 0,9000,4500,562,562,562,562,562,562,562,562,562,562,562,562,562,562,562,1687,562,1687,562,1687,562,1687,562,1687,562,1687,562,1687,562,1687,562,562,562,1687,562,1687,562,1687,562,562,562,562,562,562,562,562,562,562,562,562,562,562,562,562,562,1687,562,1687,562,1687,562,1687,562,1687,562,50000
stat/tasmota/6006C3/RESULT {"IRSend":"Done"}
cmnd/tasmota/600605/IRsend 0,9000,4500,562,562,562,562,562,562,562,562,562,562,562,562,562,562,562,1687,562,1687,562,1687,562,1687,562,1687,562,1687,562,1687,562,1687,562,562,562,1687,562,1687,562,1687,562,562,562,562,562,562,562,562,562,562,562,562,562,562,562,562,562,1687,562,1687,562,1687,562,1687,562,1687,562,50000
stat/tasmota/600605/RESULT {"IRSend":"Done"}
tele/tasmota/179E4E/RESULT {"IrReceived":{"Protocol":"NEC","Bits":32,"Data":"0x1FEE01F","DataLSB":"0x807F07F8","Repeat":0,"RawData":"+9030-4470+615-520+610dEdCdEdEdE-525E-1645E-1650C-1640Eh+620iJ-1635JiCgC-515EgJiJkJlJlEfEdEfEdEdEfEiJiJiJiJkJ","RawDataInfo":[67,67,0]}}
cmnd/tasmota/6006C3/IRsend 0,9000,4500,562,562,562,562,562,562,562,562,562,562,562,562,562,562,562,1687,562,1687,562,1687,562,1687,562,1687,562,1687,562,1687,562,1687,562,562,562,1687,562,562,562,1687,562,562,562,562,562,562,562,562,562,562,562,562,562,1687,562,562,562,1687,562,1687,562,1687,562,1687,562,1687,562,41000,9000,2250,562,50000
stat/tasmota/6006C3/RESULT {"IRSend":"Done"}
cmnd/tasmota/6006C3/IRsend 0,9000,4500,562,562,562,562,562,562,562,562,562,562,562,562,562,562,562,1687,562,1687,562,1687,562,1687,562,1687,562,1687,562,1687,562,1687,562,562,562,1687,562,562,562,1687,562,562,562,562,562,562,562,562,562,562,562,562,562,1687,562,562,562,1687,562,1687,562,1687,562,1687,562,1687,562,41000,9000,2250,562,50000
stat/tasmota/6006C3/RESULT {"IRSend":"Done"}
cmnd/tasmota/6006C3/IRsend 0,9000,4500,562,562,562,562,562,562,562,562,562,562,562,562,562,562,562,1687,562,1687,562,1687,562,1687,562,1687,562,1687,562,1687,562,1687,562,562,562,1687,562,562,562,1687,562,562,562,562,562,562,562,562,562,562,562,562,562,1687,562,562,562,1687,562,1687,562,1687,562,1687,562,1687,562,41000,9000,2250,562,50000
stat/tasmota/6006C3/RESULT {"IRSend":"Done"}
cmnd/tasmota/600605/IRsend 0,9000,4500,562,562,562,562,562,562,562,562,562,562,562,562,562,562,562,1687,562,1687,562,1687,562,1687,562,1687,562,1687,562,1687,562,1687,562,562,562,1687,562,562,562,1687,562,562,562,562,562,562,562,562,562,562,562,562,562,1687,562,562,562,1687,562,1687,562,1687,562,1687,562,1687,562,41000,9000,2250,562,50000
stat/tasmota/600605/RESULT {"IRSend":"Done"}
tele/tasmota/179E4E/RESULT {"IrReceived":{"Protocol":"NEC","Bits":32,"Data":"0x1FEA05F","DataLSB":"0x807F05FA","Repeat":0,"RawData":"+9035-4470+620-510+615-520+610fG-525GfGfGfG-1650C-1635C-1640CkGiE-1645GlCkCdGiCdGlC-515GhGfGfGhGfGiEfGkCkElEkCkC-41060+9045-2210E","RawDataInfo":[71,71,0]}}
cmnd/tasmota/6006C3/IRsend 0,9000,4500,562,562,562,562,562,562,562,562,562,562,562,562,562,562,562,1687,562,1687,562,1687,562,1687,562,1687,562,1687,562,1687,562,1687,562,562,562,562,562,1687,562,562,562,1687,562,1687,562,562,562,562,562,562,562,1687,562,562,562,1687,562,562,562,562,562,1687,562,1687,562,1687,562,41000,9000,2250,562,50000
stat/tasmota/6006C3/RESULT {"IRSend":"Done"}
cmnd/tasmota/6006C3/IRsend 0,9000,4500,562,562,562,562,562,562,562,562,562,562,562,562,562,562,562,1687,562,1687,562,1687,562,1687,562,1687,562,1687,562,1687,562,1687,562,562,562,562,562,1687,562,562,562,1687,562,1687,562,562,562,562,562,562,562,1687,562,562,562,1687,562,562,562,562,562,1687,562,1687,562,1687,562,41000,9000,2250,562,50000
stat/tasmota/6006C3/RESULT {"IRSend":"Done"}
cmnd/tasmota/6006C3/IRsend 0,9000,4500,562,562,562,562,562,562,562,562,562,562,562,562,562,562,562,1687,562,1687,562,1687,562,1687,562,1687,562,1687,562,1687,562,1687,562,562,562,562,562,1687,562,562,562,1687,562,1687,562,562,562,562,562,562,562,1687,562,562,562,1687,562,562,562,562,562,1687,562,1687,562,1687,562,50000
stat/tasmota/6006C3/RESULT {"IRSend":"Done"}
cmnd/tasmota/6006C3/IRsend 0,9000,4500,562,562,562,562,562,562,562,562,562,562,562,562,562,562,562,1687,562,1687,562,1687,562,1687,562,1687,562,1687,562,1687,562,1687,562,562,562,562,562,1687,562,562,562,1687,562,1687,562,562,562,562,562,562,562,1687,562,562,562,1687,562,562,562,562,562,1687,562,1687,562,1687,562,50000
stat/tasmota/6006C3/RESULT {"IRSend":"Done"}
cmnd/tasmota/6006C3/IRsend 0,9000,4500,562,562,562,562,562,562,562,562,562,562,562,562,562,562,562,1687,562,1687,562,1687,562,1687,562,1687,562,1687,562,1687,562,1687,562,562,562,562,562,1687,562,562,562,1687,562,1687,562,562,562,562,562,562,562,1687,562,562,562,1687,562,562,562,562,562,1687,562,1687,562,1687,562,50000
stat/tasmota/6006C3/RESULT {"IRSend":"Done"}
cmnd/tasmota/6006C3/IRsend 0,9000,4500,562,562,562,562,562,562,562,562,562,562,562,562,562,562,562,1687,562,1687,562,1687,562,1687,562,1687,562,1687,562,1687,562,1687,562,562,562,562,562,1687,562,562,562,1687,562,1687,562,562,562,562,562,562,562,1687,562,562,562,1687,562,562,562,562,562,1687,562,1687,562,1687,562,50000
stat/tasmota/6006C3/RESULT {"IRSend":"Done"}
cmnd/tasmota/6006C3/IRsend 0,9000,4500,562,562,562,562,562,562,562,562,562,562,562,562,562,562,562,1687,562,1687,562,1687,562,1687,562,1687,562,1687,562,1687,562,1687,562,562,562,1687,562,562,562,562,562,562,562,562,562,562,562,562,562,562,562,562,562,1687,562,1687,562,1687,562,1687,562,1687,562,1687,562,1687,562,50000
stat/tasmota/6006C3/RESULT {"IRSend":"Done"}
cmnd/tasmota/6006C3/IRsend 0,9000,4500,562,562,562,562,562,562,562,562,562,562,562,562,562,562,562,1687,562,1687,562,1687,562,1687,562,1687,562,1687,562,1687,562,1687,562,562,562,1687,562,562,562,562,562,562,562,562,562,562,562,562,562,562,562,562,562,1687,562,1687,562,1687,562,1687,562,1687,562,1687,562,1687,562,50000
stat/tasmota/6006C3/RESULT {"IRSend":"Done"}
cmnd/tasmota/6006C3/IRsend 0,9000,4500,562,562,562,562,562,562,562,562,562,562,562,562,562,562,562,1687,562,1687,562,1687,562,1687,562,1687,562,1687,562,1687,562,1687,562,562,562,562,562,1687,562,562,562,1687,562,1687,562,562,562,562,562,562,562,1687,562,562,562,1687,562,562,562,562,562,1687,562,1687,562,1687,562,41000,9000,2250,562,50000
tele/tasmota/600605/RESULT {"IrReceived":{"Protocol":"NEC","Bits":32,"Data":"0x1FE58A7","DataLSB":"0x807F1AE5","Repeat":0,"RawData":"+9030-4500+585-525+615-520+590-565+570-545E-540GjHiG-1665+580-1680+555n+600-1675CqCqMnM-1655+605-550HiG-1670O-575HqPnMoCtOmO-1700OvOwMoOmO-1705MnMnM-41080+9010-2265+560","RawDataInfo":[71,71,0]}}
stat/tasmota/6006C3/RESULT {"IRSend":"Done"}
cmnd/tasmota/600605/IRsend 0,9000,4500,562,562,562,562,562,562,562,562,562,562,562,562,562,562,562,1687,562,1687,562,1687,562,1687,562,1687,562,1687,562,1687,562,1687,562,562,562,562,562,1687,562,562,562,1687,562,1687,562,562,562,562,562,562,562,1687,562,562,562,1687,562,562,562,562,562,1687,562,1687,562,1687,562,41000,9000,2250,562,50000
tele/tasmota/6006C3/RESULT {"IrReceived":{"Protocol":"NEC","Bits":32,"Data":"0x1FE58A7","DataLSB":"0x807F1AE5","Repeat":0,"RawData":"+8925-4510+570-560C-565CeCe+545-590CgFdF-1710+580-1680+550-1705Ij+575h+555jI-1685MjMdCeC-1715KdC-1690N-1700MnCeFgCpKdCqKiCeCqMoCoK-41140+9000-2250M","RawDataInfo":[71,71,0]}}
stat/tasmota/600605/RESULT {"IRSend":"Done"}
cmnd/tasmota/6006C3/IRsend 0,9000,4500,562,562,562,562,562,562,562,562,562,562,562,562,562,562,562,1687,562,1687,562,1687,562,1687,562,1687,562,1687,562,1687,562,1687,562,562,562,562,562,1687,562,562,562,1687,562,1687,562,562,562,562,562,562,562,1687,562,562,562,1687,562,562,562,562,562,1687,562,1687,562,1687,562,41000,9000,2250,562,50000
stat/tasmota/6006C3/RESULT {"IRSend":"Done"}
tele/tasmota/600605/RESULT {"IrReceived":{"Protocol":"NEC","Bits":32,"Data":"0x1FE58A7","DataLSB":"0x807F1AE5","Repeat":0,"RawData":"+8985-4480+605-530+620-540+565f+615f+595-515Hf+590-520+610-1645+580-1700O-1675+560pRp+585-1650OqOpO-550KlMnCdK-1670C-1680RuK-570K-545KnCuKv+555-575GxKvRpZpG-41125+9010-2250O","RawDataInfo":[71,71,0]}}
cmnd/tasmota/600605/IRsend 0,9000,4500,562,562,562,562,562,562,562,562,562,562,562,562,562,562,562,1687,562,1687,562,1687,562,1687,562,1687,562,1687,562,1687,562,1687,562,562,562,562,562,1687,562,562,562,1687,562,1687,562,562,562,562,562,562,562,1687,562,562,562,1687,562,562,562,562,562,1687,562,1687,562,1687,562,41000,9000,2250,562,50000
tele/tasmota/6006C3/RESULT {"IrReceived":{"Protocol":"NEC","Bits":32,"Data":"0x1FE58A7","DataLSB":"0x807F1AE5","Repeat":0,"RawData":"+9010-4510+555-580+550-560+570-585Gf+575fGfGfG-1685C-1705G-1690EkCkD-1680CkCkDc+545hGjDcE-1710IjIcG-565GpNoDcGlDcGfGlEkEkD-41120+9005-2255I","RawDataInfo":[71,71,0]}}
stat/tasmota/600605/RESULT {"IRSend":"Done"}
cmnd/tasmota/6006C3/IRsend 0,9000,4500,562,562,562,562,562,562,562,562,562,562,562,562,562,562,562,1687,562,1687,562,1687,562,1687,562,1687,562,1687,562,1687,562,1687,562,562,562,1687,562,562,562,562,562,562,562,562,562,562,562,562,562,562,562,562,562,1687,562,1687,562,1687,562,1687,562,1687,562,1687,562,1687,562,41000,9000,2250,562,50000
stat/tasmota/6006C3/RESULT {"IRSend":"Done"}
tele/tasmota/600605/RESULT {"IrReceived":{"Protocol":"NEC","Bits":32,"Data":"0x1FE807F","DataLSB":"0x807F01FE","Repeat":0,"RawData":"+9000-4520+585-550+590-545E-540Eg+570f+615gH-565E-1645+580-1700C-1675L-1655+600o+605-1680H-1690LnCdE-1670LdE-520EhCfJhJfQd+560-555PrJsVmLnWrQrLrW-41110+9030-2225V","RawDataInfo":[71,71,0]}}
cmnd/tasmota/600605/IRsend 0,9000,4500,562,562,562,562,562,562,562,562,562,562,562,562,562,562,562,1687,562,1687,562,1687,562,1687,562,1687,562,1687,562,1687,562,1687,562,562,562,1687,562,562,562,562,562,562,562,562,562,562,562,562,562,562,562,562,562,1687,562,1687,562,1687,562,1687,562,1687,562,1687,562,1687,562,41000,9000,2250,562,50000
stat/tasmota/600605/RESULT {"IRSend":"Done"}
tele/tasmota/6006C3/RESULT {"IrReceived":{"Protocol":"NEC","Bits":32,"Data":"0x1FE807F","DataLSB":"0x807F01FE","Repeat":0,"RawData":"+8920-4540+575-560+545-585+570dE-590GdCdG-565G-1690C-1685CkC-1680+550-1710ClCkClC-555Gk+580oGiGdGdGdGdGiGdGkPlClMnClCkPlO-41115+9005-2250C","RawDataInfo":[71,71,0]}}
cmnd/tasmota/6006C3/IRsend 0,9000,4500,562,562,562,562,562,562,562,562,562,562,562,562,562,562,562,1687,562,1687,562,1687,562,1687,562,1687,562,1687,562,1687,562,1687,562,562,562,1687,562,562,562,562,562,562,562,562,562,562,562,562,562,562,562,562,562,1687,562,1687,562,1687,562,1687,562,1687,562,1687,562,1687,562,41000,9000,2250,562,50000
stat/tasmota/6006C3/RESULT {"IRSend":"Done"}
tele/tasmota/600605/RESULT {"IrReceived":{"Protocol":"NEC","Bits":32,"Data":"0x1FE807F","DataLSB":"0x807F01FE","Repeat":0,"RawData":"+9025-4480+585-555+615-540+570-565+590-545IjIfI-520+610-1675+560-1700Cm+580-1655+605mNoPmPmP-550I-1670N-575NgIjNpDd+600sP-530VdH-1695P-1680DoPyDoPyPyP-41090+9010-2250N","RawDataInfo":[71,71,0]}}
cmnd/tasmota/600605/IRsend 0,9000,4500,562,562,562,562,562,562,562,562,562,562,562,562,562,562,562,1687,562,1687,562,1687,562,1687,562,1687,562,1687,562,1687,562,1687,562,562,562,1687,562,562,562,562,562,562,562,562,562,562,562,562,562,562,562,562,562,1687,562,1687,562,1687,562,1687,562,1687,562,1687,562,1687,562,41000,9000,2250,562,50000
stat/tasmota/600605/RESULT {"IRSend":"Done"}
tele/tasmota/6006C3/RESULT {"IrReceived":{"Protocol":"UNKNOWN","Bits":36,"Hash":"0xCD969F52","Repeat":0,"RawData":"+8840-4560+525-585+570-590+520fE-565+545-610IfIhH-1800+440-1730C-1710+550n+575-1850+410-1685O-1705OnOjG-1715Pd+540h+555pE-560EhIfIfI-615V-1690OmCnOtOmOnCnP-41100+9005-2250O","RawDataInfo":[71,71,0]}}
cmnd/tasmota/6006C3/IRsend 0,9000,4500,562,562,562,562,562,562,562,562,562,562,562,562,562,562,562,1687,562,1687,562,1687,562,1687,562,1687,562,1687,562,1687,562,1687,562,562,562,1687,562,562,562,562,562,562,562,562,562,562,562,562,562,562,562,562,562,1687,562,1687,562,1687,562,1687,562,1687,562,1687,562,1687,562,41000,9000,2250,562,50000
stat/tasmota/6006C3/RESULT {"IRSend":"Done"}
tele/tasmota/600605/RESULT {"IrReceived":{"Protocol":"NEC","Bits":32,"Data":"0x1FE807F","DataLSB":"0x807F01FE","Repeat":0,"RawData":"+9025-4505+585-550+565-570+590-515+620-520G-540GeC-545+560-1695+580-1675M-1700MqOpO-1655Oq+555qCdG-1670Ss+610kEfGlGlGlGlGlGtOrOqMqO-1680SqSqS-41125+9010-2250S","RawDataInfo":[71,71,0]}}
cmnd/tasmota/600605/IRsend 0,9000,4500,562,562,562,562,562,562,562,562,562,562,562,562,562,562,562,1687,562,1687,562,1687,562,1687,562,1687,562,1687,562,1687,562,1687,562,562,562,1687,562,562,562,562,562,562,562,562,562,562,562,562,562,562,562,562,562,1687,562,1687,562,1687,562,1687,562,1687,562,1687,562,1687,562,41000,9000,2250,562,50000
stat/tasmota/600605/RESULT {"IRSend":"Done"}
tele/tasmota/6006C3/RESULT {"IrReceived":{"Protocol":"NEC","Bits":32,"Data":"0x1FE807F","DataLSB":"0x807F01FE","Repeat":0,"RawData":"+8955-4535+580-555+545-590+570-560+550-585GhGhIjG-1685C-1680ClD-1705DmDmDmDmCdE-1710DcIjI-565GjIjGhGhGhIn+575kImPkPlInImI-41140+9005-2250P","RawDataInfo":[71,71,0]}}
cmnd/tasmota/6006C3/IRsend 0,9000,4500,562,562,562,562,562,562,562,562,562,562,562,562,562,562,562,1687,562,1687,562,1687,562,1687,562,1687,562,1687,562,1687,562,1687,562,562,562,1687,562,562,562,562,562,562,562,562,562,562,562,562,562,562,562,562,562,1687,562,1687,562,1687,562,1687,562,1687,562,1687,562,1687,562,41000,9000,2250,562,50000
stat/tasmota/6006C3/RESULT {"IRSend":"Done"}
tele/tasmota/600605/RESULT {"IrReceived":{"Protocol":"NEC","Bits":32,"Data":"0x1FE807F","DataLSB":"0x807F01FE","Repeat":0,"RawData":"+8980-4505+580-525+615-590+500cF-520Ed+585-570F-545+565-1690+560-1700C-1675C-1650+610-1655+600s+605qUp+555cL-1695VcLkRkFhRkFkFkFkF-1670V-1705VyC-1680VoVoVoN-41115+9000-2260V","RawDataInfo":[71,71,0]}}
cmnd/tasmota/600605/IRsend 0,9000,4500,562,562,562,562,562,562,562,562,562,562,562,562,562,562,562,1687,562,1687,562,1687,562,1687,562,1687,562,1687,562,1687,562,1687,562,562,562,1687,562,562,562,562,562,562,562,562,562,562,562,562,562,562,562,562,562,1687,562,1687,562,1687,562,1687,562,1687,562,1687,562,1687,562,41000,9000,2250,562,50000
tele/tasmota/6006C3/RESULT {"IrReceived":{"Protocol":"NEC","Bits":32,"Data":"0x1FE807F","DataLSB":"0x807F01FE","Repeat":0,"RawData":"+9015-4505+580-550+575-535+600-560C-555EhEf+595hE-1680C-1655+590-1690C-1675C-1650+610oCoCoCdEkCiCiD-585DhGiDrEhEfJnEkI-1705CkCk+540-1710CkI-41130+9005-2250I","RawDataInfo":[71,71,0]}}
stat/tasmota/600605/RESULT {"IRSend":"Done"}
cmnd/tasmota/6006C3/IRsend 0,9000,4500,562,562,562,562,562,562,562,562,562,562,562,562,562,562,562,1687,562,1687,562,1687,562,1687,562,1687,562,1687,562,1687,562,1687,562,562,562,1687,562,1687,562,562,562,562,562,562,562,562,562,562,562,562,562,562,562,562,562,1687,562,1687,562,1687,562,1687,562,1687,562,1687,562,41000,9000,2250,562,50000
stat/tasmota/6006C3/RESULT {"IRSend":"Done"}
cmnd/tasmota/600605/IRsend 0,9000,4500,562,562,562,562,562,562,562,562,562,562,562,562,562,562,562,1687,562,1687,562,1687,562,1687,562,1687,562,1687,562,1687,562,1687,562,562,562,1687,562,1687,562,562,562,562,562,562,562,562,562,562,562,562,562,562,562,562,562,1687,562,1687,562,1687,562,1687,562,1687,562,1687,562,41000,9000,2250,562,50000
tele/tasmota/600605/RESULT {"IrReceived":{"Protocol":"NEC","Bits":32,"Data":"0x1FEC03F","DataLSB":"0x807F03FC","Repeat":0,"RawData":"+9020-4505+590-540C-515C-565CdC-545CgCdC-1645+580-1700I-1675I-1650+610-1680+560jIkOjI-555F-1695InP-575CdF-550MgO-570IsIpPiInIkInInPnIjI-41550+9005-2240+585","RawDataInfo":[71,71,0]}}
stat/tasmota/600605/RESULT {"IRSend":"Done"}
tele/tasmota/6006C3/RESULT {"IrReceived":{"Protocol":"NEC","Bits":32,"Data":"0x1FEC03F","DataLSB":"0x807F03FC","Repeat":0,"RawData":"+8980-4510+550-585+545dE-590+570-560CdCdGhG-1685G-1690Gi+555-1705+580-1680MnMnGjMkGiMn+575hGhCdGhGhGhGhCdGiKlMnMnMnKlM-41100+9000-2250O","RawDataInfo":[71,71,0]}}
cmnd/tasmota/6006C3/IRsend 0,9000,4500,562,562,562,562,562,562,562,562,562,562,562,562,562,562,562,1687,562,1687,562,1687,562,1687,562,1687,562,1687,562,1687,562,1687,562,562,562,1687,562,1687,562,562,562,562,562,562,562,562,562,562,562,562,562,562,562,562,562,1687,562,1687,562,1687,562,1687,562,1687,562,1687,562,41000,9000,2250,562,50000
stat/tasmota/6006C3/RESULT {"IRSend":"Done"}
tele/tasmota/600605/RESULT {"IrReceived":{"Protocol":"NEC","Bits":32,"Data":"0x1FEC03F","DataLSB":"0x807F03FC","Repeat":0,"RawData":"+8990-4470+610-550+595-540+565-570+590fI-520IhI-515+615-1645C-1675+585n+555-1700O-1670+580-1655SqS-1680SdImSu+600-530L-545IjCjIhGhIxIxG-1695+560qSnPqZu+605uP-41140+9015-2240S","RawDataInfo":[71,71,0]}}
cmnd/tasmota/600605/IRsend 0,9000,4500,562,562,562,562,562,562,562,562,562,562,562,562,562,562,562,1687,562,1687,562,1687,562,1687,562,1687,562,1687,562,1687,562,1687,562,562,562,1687,562,1687,562,562,562,562,562,562,562,562,562,562,562,562,562,562,562,562,562,1687,562,1687,562,1687,562,1687,562,1687,562,1687,562,41000,9000,2250,562,50000
tele/tasmota/6006C3/RESULT {"IrReceived":{"Protocol":"NEC","Bits":32,"Data":"0x1FEC03F","DataLSB":"0x807F03FC","Repeat":0,"RawData":"+8980-4505+580-555+575-560CdDcEfE-535+600dC-1680C-1655C-1700CiD-1705EiDl+550l+585-545+570-1685EiCmEfMnO-595FeP-565PfPfP-1690DlCiHjDlEqD-41140+9005-2245E","RawDataInfo":[71,71,0]}}
stat/tasmota/600605/RESULT {"IRSend":"Done"}
cmnd/tasmota/6006C3/IRsend 0,9000,4500,562,562,562,562,562,562,562,562,562,562,562,562,562,562,562,1687,562,1687,562,1687,562,1687,562,1687,562,1687,562,1687,562,1687,562,562,562,1687,562,1687,562,562,562,562,562,562,562,562,562,562,562,562,562,562,562,562,562,1687,562,1687,562,1687,562,1687,562,1687,562,1687,562,41000,9000,2250,562,50000
stat/tasmota/6006C3/RESULT {"IRSend":"Done"}
tele/tasmota/600605/RESULT {"IrReceived":{"Protocol":"NEC","Bits":32,"Data":"0x1FEC03F","DataLSB":"0x807F03FC","Repeat":0,"RawData":"+9025-4505+565c+570-545+610eD-540+590cHgHeC-1690+560-1700H-1670J-1675+580k+555kClN-1680+605-530Hi+595-1665O-575CdCdCeFeHeJdCdHlNpNpNpNpO-1705H-41070+9035-2250+500","RawDataInfo":[71,71,0]}}
cmnd/tasmota/600605/IRsend 0,9000,4500,562,562,562,562,562,562,562,562,562,562,562,562,562,562,562,1687,562,1687,562,1687,562,1687,562,1687,562,1687,562,1687,562,1687,562,562,562,1687,562,1687,562,562,562,562,562,562,562,562,562,562,562,562,562,562,562,562,562,1687,562,1687,562,1687,562,1687,562,1687,562,1687,562,41000,9000,2250,562,50000
tele/tasmota/6006C3/RESULT {"IrReceived":{"Protocol":"NEC","Bits":32,"Data":"0x1FEC03F","DataLSB":"0x807F03FC","Repeat":0,"RawData":"+8980-4510+580-555+575-560EdEf+570-565+545-585+550jE-1685D-1705DmD-1700C-1680CoCoCoCdGlDmEdI-590IjGfIjHgGfGfGlClK-1710CoCoDmD-41150+9005-2240E","RawDataInfo":[71,71,0]}}
stat/tasmota/600605/RESULT {"IRSend":"Done"}
cmnd/tasmota/6006C3/IRsend 0,9000,4500,562,562,562,562,562,562,562,562,562,562,562,562,562,562,562,1687,562,1687,562,1687,562,1687,562,1687,562,1687,562,1687,562,1687,562,562,562,1687,562,562,562,562,562,1687,562,562,562,562,562,562,562,562,562,562,562,1687,562,1687,562,562,562,1687,562,1687,562,1687,562,1687,562,41000,9000,2250,562,50000
stat/tasmota/6006C3/RESULT {"IRSend":"Done"}
tele/tasmota/600605/RESULT {"IrReceived":{"Protocol":"NEC","Bits":32,"Data":"0x1FE906F","DataLSB":"0x807F09F6","Repeat":0,"RawData":"+9010-4495+605-525+615-545+570-540E-515+620h+590-520ElE-1665+585-1670+580-1680+555-1705P-1675+560-1700PqPtUr+610oR-575KlK-1695Rx+565gZgZfEfG-1690Rq+600rK-1650+600qRvPqR-41115+9025-2230P","RawDataInfo":[71,71,0]}}
cmnd/tasmota/600605/IRsend 0,9000,4500,562,562,562,562,562,562,562,562,562,562,562,562,562,562,562,1687,562,1687,562,1687,562,1687,562,1687,562,1687,562,1687,562,1687,562,562,562,1687,562,562,562,562,562,1687,562,562,562,562,562,562,562,562,562,562,562,1687,562,1687,562,562,562,1687,562,1687,562,1687,562,1687,562,41000,9000,2250,562,50000
stat/tasmota/600605/RESULT {"IRSend":"Done"}
tele/tasmota/6006C3/RESULT {"IrReceived":{"Protocol":"NEC","Bits":32,"Data":"0x1FE906F","DataLSB":"0x807F09F6","Repeat":0,"RawData":"+8950-4535+555-580+570-560+545-585EfEf+550fEhE-1690I-1705CkCkCkD-1680D-1660+605-1675DcC-1700DcE-565G-1710DcIhGhF-575EfEjIrScE-1685DlIkCkS-41095+8980-2275I","RawDataInfo":[71,71,0]}}
cmnd/tasmota/6006C3/IRsend 0,9000,4500,562,562,562,562,562,562,562,562,562,562,562,562,562,562,562,1687,562,1687,562,1687,562,1687,562,1687,562,1687,562,1687,562,1687,562,562,562,1687,562,562,562,562,562,1687,562,562,562,562,562,562,562,562,562,562,562,1687,562,1687,562,562,562,1687,562,1687,562,1687,562,1687,562,41000,9000,2250,562,50000
stat/tasmota/6006C3/RESULT {"IRSend":"Done"}
cmnd/tasmota/600605/IRsend 0,9000,4500,562,562,562,562,562,562,562,562,562,562,562,562,562,562,562,1687,562,1687,562,1687,562,1687,562,1687,562,1687,562,1687,562,1687,562,562,562,1687,562,562,562,562,562,1687,562,562,562,562,562,562,562,562,562,562,562,1687,562,1687,562,562,562,1687,562,1687,562,1687,562,1687,562,41000,9000,2250,562,50000
tele/tasmota/600605/RESULT {"IrReceived":{"Protocol":"NEC","Bits":32,"Data":"0x1FE906F","DataLSB":"0x807F09F6","Repeat":0,"RawData":"+9005-4500+580-575+565-570+590-545EfEf+560fIfE-1695C-1680+555-1705CkLmIjCkLmLcIjCl+585hG-1670ClNhGhIfGhIjGoClNoCkCkL-1700C-41090+9010-2245C","RawDataInfo":[71,71,0]}}
stat/tasmota/600605/RESULT {"IRSend":"Done"}
tele/tasmota/6006C3/RESULT {"IrReceived":{"Protocol":"NEC","Bits":32,"Data":"0x1FE906F","DataLSB":"0x807F09F6","Repeat":0,"RawData":"+8940-4520+575-560+545-585Cd+550f+570-565HdEfG-1710+555-1705KlH-1690C-1680Kl+580nCnCdGjOkHdH-1685HiHdHdGfGfEjKlCdHmGlD-1700KlG-41615+8990-2255O","RawDataInfo":[71,71,0]}}
cmnd/tasmota/6006C3/IRsend 0,9000,4500,562,562,562,562,562,562,562,562,562,562,562,562,562,562,562,1687,562,1687,562,1687,562,1687,562,1687,562,1687,562,1687,562,1687,562,562,562,1687,562,562,562,562,562,1687,562,562,562,562,562,562,562,562,562,562,562,1687,562,1687,562,562,562,1687,562,1687,562,1687,562,1687,562,41000,9000,2250,562,50000
stat/tasmota/6006C3/RESULT {"IRSend":"Done"}
tele/tasmota/600605/RESULT {"IrReceived":{"Protocol":"NEC","Bits":32,"Data":"0x1FE906F","DataLSB":"0x807F09F6","Repeat":0,"RawData":"+9005-4525+580-550+570e+590-525+610-520H-545F-540FjF-1670+555-1700MnC-1680MoC-1705CoCoCm+575oCm+565eR-1695Cm+585jFjFiFeTlCoMcT-1675MpCuMnC-41090+9010-2250C","RawDataInfo":[71,71,0]}}
cmnd/tasmota/600605/IRsend 0,9000,4500,562,562,562,562,562,562,562,562,562,562,562,562,562,562,562,1687,562,1687,562,1687,562,1687,562,1687,562,1687,562,1687,562,1687,562,562,562,1687,562,562,562,562,562,1687,562,562,562,562,562,562,562,562,562,562,562,1687,562,1687,562,562,562,1687,562,1687,562,1687,562,1687,562,41000,9000,2250,562,50000
stat/tasmota/600605/RESULT {"IRSend":"Done"}
tele/tasmota/6006C3/RESULT {"IrReceived":{"Protocol":"NEC","Bits":32,"Data":"0x1FE906F","DataLSB":"0x807F09F6","Repeat":0,"RawData":"+8925-4535+550-580C-585CeCeCe+570-560FgF-1685+555-1710C-1705CkD-1680Dl+575lIkDiFhMiFgF-1690MgF-565CeFgCeFhDlIdCjMlMlDlM-41135+9000-2245C","RawDataInfo":[71,71,0]}}
cmnd/tasmota/6006C3/IRsend 0,9000,4500,562,562,562,562,562,562,562,562,562,562,562,562,562,562,562,1687,562,1687,562,1687,562,1687,562,1687,562,1687,562,1687,562,1687,562,562,562,1687,562,1687,562,1687,562,562,562,562,562,562,562,562,562,562,562,562,562,562,562,562,562,1687,562,1687,562,1687,562,1687,562,1687,562,41000,9000,2250,562,50000
stat/tasmota/6006C3/RESULT {"IRSend":"Done"}
tele/tasmota/600605/RESULT {"IrReceived":{"Protocol":"NEC","Bits":32,"Data":"0x1FEE01F","DataLSB":"0x807F07F8","Repeat":0,"RawData":"+9000-4525+580-530+585-570+565-545E-550+610-520JhEhG-1695C-1680+560-1700+555oCmP-1705PoCmPc+590-1670PqCmCpRhRhRhNfNfNfNfRsCmPqPqCmC-41090+9010-2250C","RawDataInfo":[71,71,0]}}
cmnd/tasmota/600605/IRsend 0,9000,4500,562,562,562,562,562,562,562,562,562,562,562,562,562,562,562,1687,562,1687,562,1687,562,1687,562,1687,562,1687,562,1687,562,1687,562,562,562,1687,562,1687,562,1687,562,562,562,562,562,562,562,562,562,562,562,562,562,562,562,562,562,1687,562,1687,562,1687,562,1687,562,1687,562,41000,9000,2250,562,50000
stat/tasmota/600605/RESULT {"IRSend":"Done"}
tele/tasmota/6006C3/RESULT {"IrReceived":{"Protocol":"NEC","Bits":32,"Data":"0x1FEE01F","DataLSB":"0x807F07F8","Repeat":0,"RawData":"+8975-4510+555-580+570-560+545-585Ef+575f+550hGhE-1660D-1705D-1680DmClImDmClCdE-1690J-1710ImIcEfEfG-590GhEfEfJhEnDmDmImDmJ-41130+8980-2275C","RawDataInfo":[71,71,0]}}
cmnd/tasmota/6006C3/IRsend 0,9000,4500,562,562,562,562,562,562,562,562,562,562,562,562,562,562,562,1687,562,1687,562,1687,562,1687,562,1687,562,1687,562,1687,562,1687,562,562,562,562,562,1687,562,562,562,562,562,1687,562,562,562,562,562,562,562,1687,562,562,562,1687,562,1687,562,562,562,1687,562,1687,562,1687,562,41000,9000,2250,562,50000
stat/tasmota/6006C3/RESULT {"IRSend":"Done"}
tele/tasmota/600605/RESULT {"IrReceived":{"Protocol":"NEC","Bits":32,"Data":"0x1FE48B7","DataLSB":"0x807F12ED","Repeat":0,"RawData":"+9020-4480+615-515C-540+565-545C-520Cd+620h+590-570J-1670+560-1700M-1675+605-1680+585-1650+610oRsTsT-550JgJl+580uJgRsP-555JgFkJsV-575F-1695WnWxJlVqVqW-41125+8985-2265W","RawDataInfo":[71,71,0]}}
cmnd/tasmota/600605/IRsend 0,9000,4500,562,562,562,562,562,562,562,562,562,562,562,562,562,562,562,1687,562,1687,562,1687,562,1687,562,1687,562,1687,562,1687,562,1687,562,562,562,562,562,1687,562,562,562,562,562,1687,562,562,562,562,562,562,562,1687,562,562,562,1687,562,1687,562,562,562,1687,562,1687,562,1687,562,41000,9000,2250,562,50000
tele/tasmota/6006C3/RESULT {"IrReceived":{"Protocol":"NEC","Bits":32,"Data":"0x1FE48B7","DataLSB":"0x807F12ED","Repeat":0,"RawData":"+8955-4530+580-555Cd+575-560+550-585+570fIfIfG-1710I-1685C-1680ClCk+545jG-1705GnCdI-565C-1675DcGhIkCdIfGhMjCdI-1690ClGcGjElClG-41130+9010-2250C","RawDataInfo":[71,71,0]}}
stat/tasmota/600605/RESULT {"IRSend":"Done"}
cmnd/tasmota/6006C3/IRsend 0,9000,4500,562,562,562,562,562,562,562,562,562,562,562,562,562,562,562,1687,562,1687,562,1687,562,1687,562,1687,562,1687,562,1687,562,1687,562,562,562,562,562,1687,562,562,562,562,562,1687,562,562,562,562,562,562,562,1687,562,562,562,1687,562,1687,562,562,562,1687,562,1687,562,1687,562,41000,9000,2250,562,50000
stat/tasmota/6006C3/RESULT {"IRSend":"Done"}
tele/tasmota/600605/RESULT {"IrReceived":{"Protocol":"NEC","Bits":32,"Data":"0x1FE48B7","DataLSB":"0x807F12ED","Repeat":0,"RawData":"+8995-4495+585-550+590-520+620-510+595-565E-545JkE-570E-1645+580-1700N-1680+555-1705+560oQrQp+605-1675QnEkE-1670QnCdS-1695QnJlEkEvNqEvQrNqEv+575pNpN-41090+9020-2240N","RawDataInfo":[71,71,0]}}
cmnd/tasmota/600605/IRsend 0,9000,4500,562,562,562,562,562,562,562,562,562,562,562,562,562,562,562,1687,562,1687,562,1687,562,1687,562,1687,562,1687,562,1687,562,1687,562,562,562,562,562,1687,562,562,562,562,562,1687,562,562,562,562,562,562,562,1687,562,562,562,1687,562,1687,562,562,562,1687,562,1687,562,1687,562,41000,9000,2250,562,50000
tele/tasmota/6006C3/RESULT {"IrReceived":{"Protocol":"NEC","Bits":32,"Data":"0x1FE48B7","DataLSB":"0x807F12ED","Repeat":0,"RawData":"+8980-4485+605-530+600-560+570f+575fHfHfHfG-1690H-1680G-1685+555-1705+580jLjCj+550-1710NlGfGkLnO-585HkLnGfOqGkHl+545pLmNlGiHjLmN-41095+9010-2250H","RawDataInfo":[71,71,0]}}
stat/tasmota/600605/RESULT {"IRSend":"Done"}
cmnd/tasmota/6006C3/IRsend 0,9000,4500,562,562,562,562,562,562,562,562,562,562,562,562,562,562,562,1687,562,1687,562,1687,562,1687,562,1687,562,1687,562,1687,562,1687,562,562,562,562,562,1687,562,1687,562,1687,562,1687,562,562,562,562,562,562,562,1687,562,562,562,562,562,562,562,562,562,1687,562,1687,562,1687,562,41000,9000,2250,562,50000
stat/tasmota/6006C3/RESULT {"IRSend":"Done"}
tele/tasmota/600605/RESULT {"IrReceived":{"Protocol":"NEC","Bits":32,"Data":"0x1FE7887","DataLSB":"0x807F1EE1","Repeat":0,"RawData":"+9020-4480+590-540+620d+595-520+610dFdCgC-545+615-1670+565-1695+585-1650+580-1700P-1675PrP-1655+605sT-530JdC-1665NrP-1680Pw+555pX-575N-550PrPxPzXpPxPwXqPsT-41080+9010-2250N","RawDataInfo":[71,71,0]}}
cmnd/tasmota/600605/IRsend 0,9000,4500,562,562,562,562,562,562,562,562,562,562,562,562,562,562,562,1687,562,1687,562,1687,562,1687,562,1687,562,1687,562,1687,562,1687,562,562,562,562,562,1687,562,1687,562,1687,562,1687,562,562,562,562,562,562,562,1687,562,562,562,562,562,562,562,562,562,1687,562,1687,562,1687,562,41000,9000,2250,562,50000
stat/tasmota/600605/RESULT {"IRSend":"Done"}
tele/tasmota/6006C3/RESULT {"IrReceived":{"Protocol":"NEC","Bits":32,"Data":"0x1FE7887","DataLSB":"0x807F1EE1","Repeat":0,"RawData":"+8925-4535+550-585+545d+570-565+575-560FiFiFiF-1690H-1680HkHkH-1685HkHk+580kM-555FgFlHlHlHk+535-595FgFiFjFnFiE-590FgFlHkHlH-41105+9000-2255C","RawDataInfo":[71,71,0]}}
cmnd/tasmota/6006C3/IRsend 0,9000,4500,562,562,562,562,562,562,562,562,562,562,562,562,562,562,562,1687,562,1687,562,1687,562,1687,562,1687,562,1687,562,1687,562,1687,562,562,562,562,562,1687,562,1687,562,1687,562,1687,562,562,562,562,562,562,562,1687,562,562,562,562,562,562,562,562,562,1687,562,1687,562,1687,562,41000,9000,2250,562,50000
stat/tasmota/6006C3/RESULT {"IRSend":"Done"}
tele/tasmota/600605/RESULT {"IrReceived":{"Protocol":"NEC","Bits":32,"Data":"0x1FE7887","DataLSB":"0x807F1EE1","Repeat":0,"RawData":"+9030-4500+585-550+590-520+615-540E-545+565-570JkCd+560-1695+555-1700N-1705No+580-1680J-1670+600rNoNqJk+610-1645QrQ-1655QoQ-530EkEiEsN-575JkEiJkCsQrNoQ-41095+9000-2260Q","RawDataInfo":[71,71,0]}}
cmnd/tasmota/600605/IRsend 0,9000,4500,562,562,562,562,562,562,562,562,562,562,562,562,562,562,562,1687,562,1687,562,1687,562,1687,562,1687,562,1687,562,1687,562,1687,562,562,562,562,562,1687,562,1687,562,1687,562,1687,562,562,562,562,562,562,562,1687,562,562,562,562,562,562,562,562,562,1687,562,1687,562,1687,562,41000,9000,2250,562,50000
tele/tasmota/6006C3/RESULT {"IrReceived":{"Protocol":"NEC","Bits":32,"Data":"0x1FE7887","DataLSB":"0x807F1EE1","Repeat":0,"RawData":"+9000-4530+575-555+550-585+570-560EfGhEfEfC-1685D-1705+580-1680+545-1710KlKlDnClKdGhG-1690KlClDjChGhGhEnCdG-565M-590GpM-1715EjDjC-41100+8980-2275C","RawDataInfo":[71,71,0]}}
stat/tasmota/600605/RESULT {"IRSend":"Done"}
cmnd/tasmota/6006C3/IRsend 0,9000,4500,562,562,562,562,562,562,562,562,562,562,562,562,562,562,562,1687,562,1687,562,1687,562,1687,562,1687,562,1687,562,1687,562,1687,562,562,562,562,562,1687,562,562,562,1687,562,1687,562,562,562,562,562,562,562,1687,562,562,562,1687,562,562,562,562,562,1687,562,1687,562,1687,562,50000
stat/tasmota/6006C3/RESULT {"IRSend":"Done"}
tele/tasmota/600605/RESULT {"IrReceived":{"Protocol":"NEC","Bits":32,"Data":"0x1FE58A7","DataLSB":"0x807F1AE5","Repeat":0,"RawData":"+8985-4505+585-550+570-540+615f+590-515+620iH-545HfG-1670+555-1700E-1690+565o+560-1680+605-1675Qn+580tU-525GkHlQ-575HlM-1705MdGfPeP-1695UdPyUdHkPyUtQnM","RawDataInfo":[67,67,0]}}
cmnd/tasmota/600605/IRsend 0,9000,4500,562,562,562,562,562,562,562,562,562,562,562,562,562,562,562,1687,562,1687,562,1687,562,1687,562,1687,562,1687,562,1687,562,1687,562,562,562,562,562,1687,562,562,562,1687,562,1687,562,562,562,562,562,562,562,1687,562,562,562,1687,562,562,562,562,562,1687,562,1687,562,1687,562,50000
stat/tasmota/600605/RESULT {"IRSend":"Done"}
tele/tasmota/6006C3/RESULT {"IrReceived":{"Protocol":"NEC","Bits":32,"Data":"0x1FE58A7","DataLSB":"0x807F1AE5","Repeat":0,"RawData":"+9015-4490+610-550+575-560EfEfE-555EgE-530E-1710F-1700+585-1675Kl+580-1680MnMnMlFeEfE-1685Mh+600nMnMg+570fDkQoMgEoMgEfMnG-1705GrE","RawDataInfo":[67,67,0]}}
cmnd/tasmota/6006C3/IRsend 0,9000,4500,562,562,562,562,562,562,562,562,562,562,562,562,562,562,562,1687,562,1687,562,1687,562,1687,562,1687,562,1687,562,1687,562,1687,562,562,562,562,562,1687,562,562,562,1687,562,1687,562,562,562,562,562,562,562,1687,562,562,562,1687,562,562,562,562,562,1687,562,1687,562,1687,562,50000
stat/tasmota/6006C3/RESULT {"IRSend":"Done"}
tele/tasmota/600605/RESULT {"IrReceived":{"Protocol":"NEC","Bits":32,"Data":"0x1FE58A7","DataLSB":"0x807F1AE5","Repeat":0,"RawData":"+8985-4480+615-520+590-570EdCd+610-515C-545Ei+565-1690+580-1675+560-1680LmLo+605mLoLmL-530GiE-1670N-575E-1650+600oL-555EdGdE-1700VlJ-1695VlVsVwLoVwV","RawDataInfo":[67,67,0]}}
cmnd/tasmota/600605/IRsend 0,9000,4500,562,562,562,562,562,562,562,562,562,562,562,562,562,562,562,1687,562,1687,562,1687,562,1687,562,1687,562,1687,562,1687,562,1687,562,562,562,562,562,1687,562,562,562,1687,562,1687,562,562,562,562,562,562,562,1687,562,562,562,1687,562,562,562,562,562,1687,562,1687,562,1687,562,50000
stat/tasmota/600605/RESULT {"IRSend":"Done"}
tele/tasmota/6006C3/RESULT {"IrReceived":{"Protocol":"NEC","Bits":32,"Data":"0x1FE58A7","DataLSB":"0x807F1AE5","Repeat":0,"RawData":"+8980-4510+580-555+575-560E-535+570cEfHf+550-585I-1690+605-1675D-1705C-1680CoCoCoDnDd+600fI-1710IcIqCoDcIjIjIqCdIqDcHfHkCoCoC","RawDataInfo":[67,67,0]}}
cmnd/tasmota/6006C3/IRsend 0,9000,4500,562,562,562,562,562,562,562,562,562,562,562,562,562,562,562,1687,562,1687,562,1687,562,1687,562,1687,562,1687,562,1687,562,1687,562,562,562,1687,562,562,562,562,562,562,562,562,562,562,562,562,562,562,562,562,562,1687,562,1687,562,1687,562,1687,562,1687,562,1687,562,1687,562,50000
stat/tasmota/6006C3/RESULT {"IRSend":"Done"}
tele/tasmota/600605/RESULT {"IrReceived":{"Protocol":"NEC","Bits":32,"Data":"0x1FE807F","DataLSB":"0x807F01FE","Repeat":0,"RawData":"+8990-4470+585-570+565d+590-520FeF-540FgCdF-1670C-1675+560-1700CjCjK-1680+580lNmK-575E-1695+555oF-545EdEdFg+615hFrEhSiNmNmQ-1705QlQlN-1655N","RawDataInfo":[67,67,0]}}
cmnd/tasmota/600605/IRsend 0,9000,4500,562,562,562,562,562,562,562,562,562,562,562,562,562,562,562,1687,562,1687,562,1687,562,1687,562,1687,562,1687,562,1687,562,1687,562,562,562,1687,562,562,562,562,562,562,562,562,562,562,562,562,562,562,562,562,562,1687,562,1687,562,1687,562,1687,562,1687,562,1687,562,1687,562,50000
stat/tasmota/600605/RESULT {"IRSend":"Done"}
tele/tasmota/6006C3/RESULT {"IrReceived":{"Protocol":"NEC","Bits":32,"Data":"0x1FE807F","DataLSB":"0x807F01FE","Repeat":0,"RawData":"+8980-4480+585-550+605-555+575-535+600f+580-530IhEdG-1685J-1680GmJ-1670+590-1675JpJpJpJdGlJk+570cG-560GrGrDjDcGrG-1660ImF-1705JmCpJmDtJ","RawDataInfo":[67,67,0]}}
cmnd/tasmota/6006C3/IRsend 0,9000,4500,562,562,562,562,562,562,562,562,562,562,562,562,562,562,562,1687,562,1687,562,1687,562,1687,562,1687,562,1687,562,1687,562,1687,562,562,562,1687,562,562,562,562,562,562,562,562,562,562,562,562,562,562,562,562,562,1687,562,1687,562,1687,562,1687,562,1687,562,1687,562,1687,562,50000
stat/tasmota/6006C3/RESULT {"IRSend":"Done"}
tele/tasmota/600605/RESULT {"IrReceived":{"Protocol":"NEC","Bits":32,"Data":"0x1FE807F","DataLSB":"0x807F01FE","Repeat":0,"RawData":"+9020-4480+605-525+590-545E-565+570f+615-515E-540+620kE-1645+610-1670+560-1675+580qR-1700R-1655C-1680Ps+555-575EoPwEkEfG-550NkE-520EhGhGoRsRuR-1630CsR-1650C-1650R","RawDataInfo":[67,67,0]}}
cmnd/tasmota/600605/IRsend 0,9000,4500,562,562,562,562,562,562,562,562,562,562,562,562,562,562,562,1687,562,1687,562,1687,562,1687,562,1687,562,1687,562,1687,562,1687,562,562,562,1687,562,562,562,562,562,562,562,562,562,562,562,562,562,562,562,562,562,1687,562,1687,562,1687,562,1687,562,1687,562,1687,562,1687,562,50000
tele/tasmota/6006C3/RESULT {"IrReceived":{"Protocol":"NEC","Bits":32,"Data":"0x1FE807F","DataLSB":"0x807F01FE","Repeat":0,"RawData":"+8980-4480+605-550+580-555+575-535+600-560GhIfD-585G-1685E-1655C-1675KnE-1650C-1680EnEpKdE-1660CdGjGjDkDkGj+570jRjD-1710EpF-1705EpGpEpDtE","RawDataInfo":[67,67,0]}}
stat/tasmota/600605/RESULT {"IRSend":"Done"}
cmnd/tasmota/6006C3/IRsend 0,9000,4500,562,562,562,562,562,562,562,562,562,562,562,562,562,562,562,1687,562,1687,562,1687,562,1687,562,1687,562,1687,562,1687,562,1687,562,562,562,1687,562,1687,562,562,562,562,562,562,562,562,562,562,562,562,562,562,562,562,562,1687,562,1687,562,1687,562,1687,562,1687,562,1687,562,50000
stat/tasmota/6006C3/RESULT {"IRSend":"Done"}
tele/tasmota/600605/RESULT {"IrReceived":{"Protocol":"NEC","Bits":32,"Data":"0x1FEC03F","DataLSB":"0x807F03FC","Repeat":0,"RawData":"+9020-4505+560-550+590-565E-520+595-540+615gJi+570fE-1670Fl+580-1675+605nH-1640+610-1650OnMr+585-575F-1690SrO-530S-545QwFdEkFkFkEwF-1695+555-1700M-1680MnY-1680+600-1680M","RawDataInfo":[67,67,0]}}
cmnd/tasmota/600605/IRsend 0,9000,4500,562,562,562,562,562,562,562,562,562,562,562,562,562,562,562,1687,562,1687,562,1687,562,1687,562,1687,562,1687,562,1687,562,1687,562,562,562,1687,562,1687,562,562,562,562,562,562,562,562,562,562,562,562,562,562,562,562,562,1687,562,1687,562,1687,562,1687,562,1687,562,1687,562,50000
stat/tasmota/600605/RESULT {"IRSend":"Done"}
tele/tasmota/6006C3/RESULT {"IrReceived":{"Protocol":"NEC","Bits":32,"Data":"0x1FEC03F","DataLSB":"0x807F03FC","Repeat":0,"RawData":"+8960-4505+605-525+600-560+550-580H-555+575-535EfHiJ-1685H-1680HmI-1705H-1655JnInInG-585+570-1690InIhQfQfQfGpQfGpGhQrGnInGnHmGnJ","RawDataInfo":[67,67,0]}}
cmnd/tasmota/6006C3/IRsend 0,9000,4500,562,562,562,562,562,562,562,562,562,562,562,562,562,562,562,1687,562,1687,562,1687,562,1687,562,1687,562,1687,562,1687,562,1687,562,562,562,1687,562,1687,562,1687,562,562,562,562,562,562,562,562,562,562,562,562,562,562,562,562,562,1687,562,1687,562,1687,562,1687,562,1687,562,50000
stat/tasmota/6006C3/RESULT {"IRSend":"Done"}
tele/tasmota/600605/RESULT {"IrReceived":{"Protocol":"NEC","Bits":32,"Data":"0x1FEE01F","DataLSB":"0x807F07F8","Repeat":0,"RawData":"+8995-4495+585-525+615-540+590-545+565-570GhIh+610hG-1670+555-1700IlC-1695Mn+580-1680PqMnPmGlM-1705PqP-550GfPsIhGjIjIjGhGlPqPqPqPqM","RawDataInfo":[67,67,0]}}
cmnd/tasmota/600605/IRsend 0,9000,4500,562,562,562,562,562,562,562,562,562,562,562,562,562,562,562,1687,562,1687,562,1687,562,1687,562,1687,562,1687,562,1687,562,1687,562,562,562,1687,562,1687,562,1687,562,562,562,562,562,562,562,562,562,562,562,562,562,562,562,562,562,1687,562,1687,562,1687,562,1687,562,1687,562,50000
stat/tasmota/600605/RESULT {"IRSend":"Done"}
tele/tasmota/6006C3/RESULT {"IrReceived":{"Protocol":"UNKNOWN","Bits":34,"Hash":"0x26B9C4DD","Repeat":0,"RawData":"+9020-4500+580-530+600-535EdE-560+575fEgC-555H-1685C-1650+605-1680C-1675C-1655LmCnCmC-550HjGnLnCiHgHgHg+570-660+485-545QgP-585HjG-1695CmCmHmH","RawDataInfo":[67,67,0]}}
cmnd/tasmota/6006C3/IRsend 0,9000,4500,562,562,562,562,562,562,562,562,562,562,562,562,562,562,562,1687,562,1687,562,1687,562,1687,562,1687,562,1687,562,1687,562,1687,562,562,562,1687,562,562,562,562,562,1687,562,562,562,562,562,562,562,562,562,562,562,1687,562,1687,562,562,562,1687,562,1687,562,1687,562,1687,562,50000
stat/tasmota/6006C3/RESULT {"IRSend":"Done"}
tele/tasmota/600605/RESULT {"IrReceived":{"Protocol":"NEC","Bits":32,"Data":"0x1FE906F","DataLSB":"0x807F09F6","Repeat":0,"RawData":"+9020-4505+580-550+565-570+590-545Ed+585fGhIhG-1670+555-1705C-1680KlKlK-1700KnKnCdE-1695KcEf+560oCdGhGhIhPfIj+575-1685CkKnP-1675+600mCmK","RawDataInfo":[67,67,0]}}
cmnd/tasmota/600605/IRsend 0,9000,4500,562,562,562,562,562,562,562,562,562,562,562,562,562,562,562,1687,562,1687,562,1687,562,1687,562,1687,562,1687,562,1687,562,1687,562,562,562,1687,562,562,562,562,562,1687,562,562,562,562,562,562,562,562,562,562,562,1687,562,1687,562,562,562,1687,562,1687,562,1687,562,1687,562,50000
stat/tasmota/600605/RESULT {"IRSend":"Done"}
tele/tasmota/6006C3/RESULT {"IrReceived":{"Protocol":"NEC","Bits":32,"Data":"0x1FE906F","DataLSB":"0x807F09F6","Repeat":0,"RawData":"+8950-4510+580-555+570-560+550-585GhGcGhDcG-1710C-1680+575jE-1685CjE-1690KjD-1705E-565EmDcKdGiCdEfGhKf+545-590GiDnGhElDnCjDnK","RawDataInfo":[67,67,0]}}
cmnd/tasmota/6006C3/IRsend 0,9000,4500,562,562,562,562,562,562,562,562,562,562,562,562,562,562,562,1687,562,1687,562,1687,562,1687,562,1687,562,1687,562,1687,562,1687,562,562,562,562,562,1687,562,562,562,562,562,1687,562,562,562,562,562,562,562,1687,562,562,562,1687,562,1687,562,562,562,1687,562,1687,562,1687,562,50000
stat/tasmota/6006C3/RESULT {"IRSend":"Done"}
tele/tasmota/600605/RESULT {"IrReceived":{"Protocol":"NEC","Bits":32,"Data":"0x1FE48B7","DataLSB":"0x807F12ED","Repeat":0,"RawData":"+9020-4485+595-535+590-565+570fE-515EfC-520+615iJ-1640E-1690Ck+605-1675E-1670+580-1655Mn+585nP-550E-540F-1695RsGfEo+555-575FfFgEkPwEoV-1700+560wR-1645EuVxP","RawDataInfo":[67,67,0]}}
cmnd/tasmota/600605/IRsend 0,9000,4500,562,562,562,562,562,562,562,562,562,562,562,562,562,562,562,1687,562,1687,562,1687,562,1687,562,1687,562,1687,562,1687,562,1687,562,562,562,562,562,1687,562,562,562,562,562,1687,562,562,562,562,562,562,562,1687,562,562,562,1687,562,1687,562,562,562,1687,562,1687,562,1687,562,50000
tele/tasmota/6006C3/RESULT {"IrReceived":{"Protocol":"NEC","Bits":32,"Data":"0x1FE48B7","DataLSB":"0x807F12ED","Repeat":0,"RawData":"+9020-4500+580-555C-550E-560+600dCdC-530GfC-1680+585-1655+605iF-1675+610mJmCmJ-1650N-525GhGiChGd+575-1685CeQdCdCiCeQiCiJeQ-1660GiCkL","RawDataInfo":[67,67,0]}}
stat/tasmota/600605/RESULT {"IRSend":"Done"}
cmnd/tasmota/6006C3/IRsend 0,9000,4500,562,562,562,562,562,562,562,562,562,562,562,562,562,562,562,1687,562,1687,562,1687,562,1687,562,1687,562,1687,562,1687,562,1687,562,562,562,562,562,1687,562,1687,562,1687,562,1687,562,562,562,562,562,562,562,1687,562,562,562,562,562,562,562,562,562,1687,562,1687,562,1687,562,50000
stat/tasmota/6006C3/RESULT {"IRSend":"Done"}
tele/tasmota/600605/RESULT {"IrReceived":{"Protocol":"NEC","Bits":32,"Data":"0x1FE7887","DataLSB":"0x807F1EE1","Repeat":0,"RawData":"+8995-4510+555-580+565-570+585-550+590-545IjEfIjE-1695D-1680DlD-1655D-1705C-1700CnDlCd+560fI-1670CnDlDmDdIjEfIqDhEfPfGhPkDlCnC","RawDataInfo":[67,67,0]}}
cmnd/tasmota/600605/IRsend 0,9000,4500,562,562,562,562,562,562,562,562,562,562,562,562,562,562,562,1687,562,1687,562,1687,562,1687,562,1687,562,1687,562,1687,562,1687,562,562,562,562,562,1687,562,1687,562,1687,562,1687,562,562,562,562,562,562,562,1687,562,562,562,562,562,562,562,562,562,1687,562,1687,562,1687,562,50000
stat/tasmota/600605/RESULT {"IRSend":"Done"}
tele/tasmota/6006C3/RESULT {"IrReceived":{"Protocol":"NEC","Bits":32,"Data":"0x1FE7887","DataLSB":"0x807F1EE1","Repeat":0,"RawData":"+9020-4505+580-530+600-560+570f+575fG-565+545f+595-540K-1685+555-1705N-1700NoNoNoNoC-1680NnKfGmCqNo+550pCnR-585R-590G-1690HnRsRsRsGuCqRoH","RawDataInfo":[67,67,0]}}
cmnd/tasmota/6006C3/IRsend 0,9000,4500,562,562,562,562,562,562,562,562,562,562,562,562,562,562,562,1687,562,1687,562,1687,562,1687,562,1687,562,1687,562,1687,562,1687,562,562,562,562,562,1687,562,562,562,1687,562,1687,562,562,562,562,562,562,562,1687,562,562,562,1687,562,562,562,562,562,1687,562,1687,562,1687,562,41000,9000,2250,562,50000
stat/tasmota/6006C3/RESULT {"IRSend":"Done"}
tele/tasmota/600605/RESULT {"IrReceived":{"Protocol":"NEC","Bits":32,"Data":"0x1FE58A7","DataLSB":"0x807F1AE5","Repeat":0,"RawData":"+8990-4520+580-550+570-565+590-540G-520+615hGi+610-545F-1695+555-1700FmC-1680+560oCpCpG-1670Nc+585lGrCdFmCpCdQeFeFrCcSrCnSlE-1690NoN-1705N-41110+9010-2240N","RawDataInfo":[71,71,0]}}
cmnd/tasmota/600605/IRsend 0,9000,4500,562,562,562,562,562,562,562,562,562,562,562,562,562,562,562,1687,562,1687,562,1687,562,1687,562,1687,562,1687,562,1687,562,1687,562,562,562,562,562,1687,562,562,562,1687,562,1687,562,562,562,562,562,562,562,1687,562,562,562,1687,562,562,562,562,562,1687,562,1687,562,1687,562,41000,9000,2250,562,50000
stat/tasmota/600605/RESULT {"IRSend":"Done"}
tele/tasmota/6006C3/RESULT {"IrReceived":{"Protocol":"NEC","Bits":32,"Data":"0x1FE58A7","DataLSB":"0x807F1AE5","Repeat":0,"RawData":"+8950-4535+580-555+545-590E-585+570-560H-565HiHiH-1690+550-1705C-1680CnD-1700+575nPnP-1685HiHiHqPdHkPnCdJjHjHkCdHqLcHiHqCnJ-1695P-41095+9005-2250L","RawDataInfo":[71,71,0]}}
cmnd/tasmota/6006C3/IRsend 0,9000,4500,562,562,562,562,562,562,562,562,562,562,562,562,562,562,562,1687,562,1687,562,1687,562,1687,562,1687,562,1687,562,1687,562,1687,562,562,562,562,562,1687,562,562,562,1687,562,1687,562,562,562,562,562,562,562,1687,562,562,562,1687,562,562,562,562,562,1687,562,1687,562,1687,562,41000,9000,2250,562,50000
stat/tasmota/6006C3/RESULT {"IRSend":"Done"}
tele/tasmota/600605/RESULT {"IrReceived":{"Protocol":"NEC","Bits":32,"Data":"0x1FE58A7","DataLSB":"0x807F1AE5","Repeat":0,"RawData":"+9025-4500+585-525+620-540+590-545GfGfG-520+610hG-1670C-1650Jl+580-1700+560-1680+605lJlQ-1675C-550+565hGkQsO-1695OnMs+555mMsMpVmVp+600vVmV-1705MpMpV-41125+8990-2265C","RawDataInfo":[71,71,0]}}
cmnd/tasmota/600605/IRsend 0,9000,4500,562,562,562,562,562,562,562,562,562,562,562,562,562,562,562,1687,562,1687,562,1687,562,1687,562,1687,562,1687,562,1687,562,1687,562,562,562,562,562,1687,562,562,562,1687,562,1687,562,562,562,562,562,562,562,1687,562,562,562,1687,562,562,562,562,562,1687,562,1687,562,1687,562,41000,9000,2250,562,50000
stat/tasmota/600605/RESULT {"IRSend":"Done"}
tele/tasmota/6006C3/RESULT {"IrReceived":{"Protocol":"NEC","Bits":32,"Data":"0x1FE58A7","DataLSB":"0x807F1AE5","Repeat":0,"RawData":"+8950-4515+580-555+570-565EfEf+545-585EfEfE-1685C-1680Cj+575j+550-1710L-1705CjCjKdE-560E-1690CdEiCjKoEfEoEpKoEpCdEfEpKjKiC-41120+9005-2250L","RawDataInfo":[71,71,0]}}
cmnd/tasmota/6006C3/IRsend 0,9000,4500,562,562,562,562,562,562,562,562,562,562,562,562,562,562,562,1687,562,1687,562,1687,562,1687,562,1687,562,1687,562,1687,562,1687,562,562,562,1687,562,562,562,562,562,562,562,562,562,562,562,562,562,562,562,562,562,1687,562,1687,562,1687,562,1687,562,1687,562,1687,562,1687,562,41000,9000,2250,562,50000
stat/tasmota/6006C3/RESULT {"IRSend":"Done"}
tele/tasmota/600605/RESULT {"IrReceived":{"Protocol":"NEC","Bits":32,"Data":"0x1FE807F","DataLSB":"0x807F01FE","Repeat":0,"RawData":"+8990-4500+555-580+585-545+565-570+590f+560-550+610fGhG-1695D-1680DnC-1705C-1700+575nDnDnCdE-1670CdJhEkIfGgIfIfIfIrCpCoCoCpDnDnD-41060+9035-2250D","RawDataInfo":[71,71,0]}}
cmnd/tasmota/600605/IRsend 0,9000,4500,562,562,562,562,562,562,562,562,562,562,562,562,562,562,562,1687,562,1687,562,1687,562,1687,562,1687,562,1687,562,1687,562,1687,562,562,562,1687,562,562,562,562,562,562,562,562,562,562,562,562,562,562,562,562,562,1687,562,1687,562,1687,562,1687,562,1687,562,1687,562,1687,562,41000,9000,2250,562,50000
stat/tasmota/600605/RESULT {"IRSend":"Done"}
tele/tasmota/6006C3/RESULT {"IrReceived":{"Protocol":"NEC","Bits":32,"Data":"0x1FE807F","DataLSB":"0x807F01FE","Repeat":0,"RawData":"+9020-4510+585-525+600-560+575fG-530+605-550GfG-555G-1680K-1700C-1675Cn+580lOlOnOlOhElOjG-540+595fGfGf+570fRfRpQ-1685G-1660G-1705OlOlOlKuJ-41115+9005-2250J","RawDataInfo":[71,71,0]}}
cmnd/tasmota/6006C3/IRsend 0,9000,4500,562,562,562,562,562,562,562,562,562,562,562,562,562,562,562,1687,562,1687,562,1687,562,1687,562,1687,562,1687,562,1687,562,1687,562,562,562,1687,562,562,562,562,562,562,562,562,562,562,562,562,562,562,562,562,562,1687,562,1687,562,1687,562,1687,562,1687,562,1687,562,1687,562,41000,9000,2250,562,50000
stat/tasmota/6006C3/RESULT {"IRSend":"Done"}
tele/tasmota/600605/RESULT {"IrReceived":{"Protocol":"NEC","Bits":32,"Data":"0x1FE807F","DataLSB":"0x807F01FE","Repeat":0,"RawData":"+9005-4495+585-550+615-540+590-520EfGf+595fI-515E-1670+580-1680LmGk+555-1700N-1675+605m+575mLn+560-1695Nl+565-570UvUvU-545GvUvGwCkLmN-1705NxLmLmLmL-41065+9035-2245N","RawDataInfo":[71,71,0]}}
cmnd/tasmota/600605/IRsend 0,9000,4500,562,562,562,562,562,562,562,562,562,562,562,562,562,562,562,1687,562,1687,562,1687,562,1687,562,1687,562,1687,562,1687,562,1687,562,562,562,1687,562,562,562,562,562,562,562,562,562,562,562,562,562,562,562,562,562,1687,562,1687,562,1687,562,1687,562,1687,562,1687,562,1687,562,41000,9000,2250,562,50000
stat/tasmota/600605/RESULT {"IRSend":"Done"}
tele/tasmota/6006C3/RESULT {"IrReceived":{"Protocol":"NEC","Bits":32,"Data":"0x1FE807F","DataLSB":"0x807F01FE","Repeat":0,"RawData":"+8955-4530+555-580+550-585+570-560+575hEfI-535+595hG-1690I-1680C-1685I-1705GlCoCoCoDcGlDcEfGhE-630+520-565GhEfGhE-1710CsEoImImEoEoC-41125+9005-2250E","RawDataInfo":[71,71,0]}}
cmnd/tasmota/6006C3/IRsend 0,9000,4500,562,562,562,562,562,562,562,562,562,562,562,562,562,562,562,1687,562,1687,562,1687,562,1687,562,1687,562,1687,562,1687,562,1687,562,562,562,1687,562,562,562,562,562,562,562,562,562,562,562,562,562,562,562,562,562,1687,562,1687,562,1687,562,1687,562,1687,562,1687,562,1687,562,41000,9000,2250,562,50000
stat/tasmota/6006C3/RESULT {"IRSend":"Done"}
tele/tasmota/600605/RESULT {"IrReceived":{"Protocol":"NEC","Bits":32,"Data":"0x1FE807F","DataLSB":"0x807F01FE","Repeat":0,"RawData":"+9005-4500+585-550+615-515+595-565+590f+620-540IkIkI-1665I-1640+610-1650+580-1700PoPq+560qP-1680I-545C-1645+605dH-570I-520EtHtNkHwHwH-1695+555qZ-1705ZqZqPsPsZ-41105+9010-2240Z","RawDataInfo":[71,71,0]}}
cmnd/tasmota/600605/IRsend 0,9000,4500,562,562,562,562,562,562,562,562,562,562,562,562,562,562,562,1687,562,1687,562,1687,562,1687,562,1687,562,1687,562,1687,562,1687,562,562,562,1687,562,562,562,562,562,562,562,562,562,562,562,562,562,562,562,562,562,1687,562,1687,562,1687,562,1687,562,1687,562,1687,562,1687,562,41000,9000,2250,562,50000
tele/tasmota/6006C3/RESULT {"IrReceived":{"Protocol":"NEC","Bits":32,"Data":"0x1FE807F","DataLSB":"0x807F01FE","Repeat":0,"RawData":"+9040-4490+580-550C-555C-530+600fGeC-560+575hI-1685C-1650+605-1680+585-1675CmC-1655GmE-1705CdI-1665+595hIhDcIe+570hDnIhThD-1710DqEqEqEqCmImI-41115+9005-2250E","RawDataInfo":[71,71,0]}}
stat/tasmota/600605/RESULT {"IRSend":"Done"}
cmnd/tasmota/6006C3/IRsend 0,9000,4500,562,562,562,562,562,562,562,562,562,562,562,562,562,562,562,1687,562,1687,562,1687,562,1687,562,1687,562,1687,562,1687,562,1687,562,562,562,1687,562,1687,562,562,562,562,562,562,562,562,562,562,562,562,562,562,562,562,562,1687,562,1687,562,1687,562,1687,562,1687,562,1687,562,41000,9000,2250,562,50000
stat/tasmota/6006C3/RESULT {"IRSend":"Done"}
tele/tasmota/600605/RESULT {"IrReceived":{"Protocol":"NEC","Bits":32,"Data":"0x1FEC03F","DataLSB":"0x807F03FC","Repeat":0,"RawData":"+9005-4485+580-550+590-545+585-520+610fEdEfEfG-1675+555-1705C-1680CmCmCmE-1670KmG-570EnKlKdEoGf+565oEfEf+560oEfP-1695CmCmCmC-1655+600mC-41090+8990-2270K","RawDataInfo":[71,71,0]}}
cmnd/tasmota/600605/IRsend 0,9000,4500,562,562,562,562,562,562,562,562,562,562,562,562,562,562,562,1687,562,1687,562,1687,562,1687,562,1687,562,1687,562,1687,562,1687,562,562,562,1687,562,1687,562,562,562,562,562,562,562,562,562,562,562,562,562,562,562,562,562,1687,562,1687,562,1687,562,1687,562,1687,562,1687,562,41000,9000,2250,562,50000
stat/tasmota/600605/RESULT {"IRSend":"Done"}
tele/tasmota/6006C3/RESULT {"IrReceived":{"Protocol":"NEC","Bits":32,"Data":"0x1FEC03F","DataLSB":"0x807F03FC","Repeat":0,"RawData":"+8980-4510+550-580+570-560EfEfEfEfC-585C-1710+575-1680DjChE-1690Ij+555-1705DjDlEkCmDlEfCgEfEfEfEfEfE-1685CmCmLmChIjD-41095+9005-2250L","RawDataInfo":[71,71,0]}}
cmnd/tasmota/6006C3/IRsend 0,9000,4500,562,562,562,562,562,562,562,562,562,562,562,562,562,562,562,1687,562,1687,562,1687,562,1687,562,1687,562,1687,562,1687,562,1687,562,562,562,1687,562,1687,562,1687,562,562,562,562,562,562,562,562,562,562,562,562,562,562,562,562,562,1687,562,1687,562,1687,562,1687,562,1687,562,41000,9000,2250,562,50000
stat/tasmota/6006C3/RESULT {"IRSend":"Done"}
tele/tasmota/600605/RESULT {"IrReceived":{"Protocol":"NEC","Bits":32,"Data":"0x1FEE01F","DataLSB":"0x807F07F8","Repeat":0,"RawData":"+9020-4480+610-540+590dE-520+615dE-545+565iEhE-1645C-1675+585-1650+605mCk+580-1680Ok+555kC-525G-1670Op+530-1725Q-575+570-560IwIwIwIwIwIwIkNpQpNpOpX-41105+9010-2245O","RawDataInfo":[71,71,0]}}
cmnd/tasmota/600605/IRsend 0,9000,4500,562,562,562,562,562,562,562,562,562,562,562,562,562,562,562,1687,562,1687,562,1687,562,1687,562,1687,562,1687,562,1687,562,1687,562,562,562,1687,562,1687,562,1687,562,562,562,562,562,562,562,562,562,562,562,562,562,562,562,562,562,1687,562,1687,562,1687,562,1687,562,1687,562,41000,9000,2250,562,50000
tele/tasmota/6006C3/RESULT {"IrReceived":{"Protocol":"NEC","Bits":32,"Data":"0x1FEE01F","DataLSB":"0x807F07F8","Repeat":0,"RawData":"+8950-4510+580-555+550-585Ef+570-560GhGh+575hG-1690C-1680CkIkCkI-1685IkD-1705CeEmCkCkEcIhGhI-565GhGhGnGhGlCkCkIkH-1700E-41135+8980-2275I","RawDataInfo":[71,71,0]}}
stat/tasmota/600605/RESULT {"IRSend":"Done"}
cmnd/tasmota/6006C3/IRsend 0,9000,4500,562,562,562,562,562,562,562,562,562,562,562,562,562,562,562,1687,562,1687,562,1687,562,1687,562,1687,562,1687,562,1687,562,1687,562,562,562,1687,562,1687,562,1687,562,562,562,562,562,562,562,562,562,562,562,562,562,562,562,562,562,1687,562,1687,562,1687,562,1687,562,1687,562,41000,9000,2250,562,50000
stat/tasmota/6006C3/RESULT {"IRSend":"Done"}
cmnd/tasmota/600605/IRsend 0,9000,4500,562,562,562,562,562,562,562,562,562,562,562,562,562,562,562,1687,562,1687,562,1687,562,1687,562,1687,562,1687,562,1687,562,1687,562,562,562,1687,562,1687,562,1687,562,562,562,562,562,562,562,562,562,562,562,562,562,562,562,562,562,1687,562,1687,562,1687,562,1687,562,1687,562,41000,9000,2250,562,50000
tele/tasmota/600605/RESULT {"IrReceived":{"Protocol":"NEC","Bits":32,"Data":"0x1FEE01F","DataLSB":"0x807F07F8","Repeat":0,"RawData":"+8985-4505+560-575+565-570+590-545EfEfEfCfG-1670+580-1680+555-1705L-1700JkJkJkLm+550dE-1695J-1655DmJlGhGh+585hCfEfEfGhRiLnLnLmJkJ-41085+9010-2250J","RawDataInfo":[71,71,0]}}
stat/tasmota/600605/RESULT {"IRSend":"Done"}
tele/tasmota/6006C3/RESULT {"IrReceived":{"Protocol":"NEC","Bits":32,"Data":"0x1FEE01F","DataLSB":"0x807F07F8","Repeat":0,"RawData":"+8965-4500+575-560+570dE-565EfEdEdEdE-1690C-1685+600-1660Ch+580-1680KlChKlCdEg+550-1705KlK-555+545-590EdEdCfFfEdMqEgClKhMnKlK-41130+8980-2270C","RawDataInfo":[71,71,0]}}
cmnd/tasmota/6006C3/IRsend 0,9000,4500,562,562,562,562,562,562,562,562,562,562,562,562,562,562,562,1687,562,1687,562,1687,562,1687,562,1687,562,1687,562,1687,562,1687,562,562,562,1687,562,1687,562,1687,562,562,562,562,562,562,562,562,562,562,562,562,562,562,562,562,562,1687,562,1687,562,1687,562,1687,562,1687,562,41000,9000,2250,562,50000
stat/tasmota/6006C3/RESULT {"IRSend":"Done"}
tele/tasmota/600605/RESULT {"IrReceived":{"Protocol":"NEC","Bits":32,"Data":"0x1FEE01F","DataLSB":"0x807F07F8","Repeat":0,"RawData":"+9025-4475+585-575+565-570+590-520G-540G-545GfEfG-1670+580-1675+560m+610mCmL-1655+605pC-1700+555lEkLrLmEfGjGjEeGjGjEfEfEk+600-1680LmE-1695SrL-41105+8995-2240T","RawDataInfo":[71,71,0]}}
cmnd/tasmota/600605/IRsend 0,9000,4500,562,562,562,562,562,562,562,562,562,562,562,562,562,562,562,1687,562,1687,562,1687,562,1687,562,1687,562,1687,562,1687,562,1687,562,562,562,1687,562,1687,562,1687,562,562,562,562,562,562,562,562,562,562,562,562,562,562,562,562,562,1687,562,1687,562,1687,562,1687,562,1687,562,41000,9000,2250,562,50000
stat/tasmota/600605/RESULT {"IRSend":"Done"}
tele/tasmota/6006C3/RESULT {"IrReceived":{"Protocol":"NEC","Bits":32,"Data":"0x1FEE01F","DataLSB":"0x807F07F8","Repeat":0,"RawData":"+9005-4455+610-525+600-560+575f+580-530E-555GjG-535E-1685H-1675+585mF-1700HmN-1650+605mFoNiE-1680HmHrHjGkEfJhHjHj+550hHjGrGrHrHr+540-1710H-41115+8980-2270G","RawDataInfo":[71,71,0]}}
cmnd/tasmota/6006C3/IRsend 0,9000,4500,562,562,562,562,562,562,562,562,562,562,562,562,562,562,562,1687,562,1687,562,1687,562,1687,562,1687,562,1687,562,1687,562,1687,562,562,562,1687,562,1687,562,1687,562,562,562,562,562,562,562,562,562,562,562,562,562,562,562,562,562,1687,562,1687,562,1687,562,1687,562,1687,562,41000,9000,2250,562,50000
stat/tasmota/6006C3/RESULT {"IRSend":"Done"}
tele/tasmota/600605/RESULT {"IrReceived":{"Protocol":"NEC","Bits":32,"Data":"0x1FEE01F","DataLSB":"0x807F07F8","Repeat":0,"RawData":"+9020-4505+590-520C-540+615eCeCd+610eF-495F-1640+605-1655J-1650+585-1700+580-1675+560nOkF-1670O-550C-1645J-1680+555nVvG-545CsMsMsMwM-525Gw+565-1690OuOuOuV-1705V-41110+9015-2240V","RawDataInfo":[71,71,0]}}
cmnd/tasmota/600605/IRsend 0,9000,4500,562,562,562,562,562,562,562,562,562,562,562,562,562,562,562,1687,562,1687,562,1687,562,1687,562,1687,562,1687,562,1687,562,1687,562,562,562,1687,562,1687,562,1687,562,562,562,562,562,562,562,562,562,562,562,562,562,562,562,562,562,1687,562,1687,562,1687,562,1687,562,1687,562,41000,9000,2250,562,50000
stat/tasmota/600605/RESULT {"IRSend":"Done"}
tele/tasmota/6006C3/RESULT {"IrReceived":{"Protocol":"NEC","Bits":32,"Data":"0x1FEE01F","DataLSB":"0x807F07F8","Repeat":0,"RawData":"+9020-4505+560-550+600c+575cDcEcD-585Fc+570-1685+580-1675J-1680+555-1705JlJlFlJlMjD-1710MnMnMjDgHcDcH-590+545gHcHcDoMnFlDnDnM-41120+8990-2265F","RawDataInfo":[71,71,0]}}
cmnd/tasmota/6006C3/IRsend 0,9000,4500,562,562,562,562,562,562,562,562,562,562,562,562,562,562,562,1687,562,1687,562,1687,562,1687,562,1687,562,1687,562,1687,562,1687,562,562,562,1687,562,1687,562,1687,562,562,562,562,562,562,562,562,562,562,562,562,562,562,562,562,562,1687,562,1687,562,1687,562,1687,562,1687,562,41000,9000,2250,562,50000
stat/tasmota/6006C3/RESULT {"IRSend":"Done"}
tele/tasmota/600605/RESULT {"IrReceived":{"Protocol":"NEC","Bits":32,"Data":"0x1FEE01F","DataLSB":"0x807F07F8","Repeat":0,"RawData":"+9040-4460+620-515C-540+590-520+615dHg+595-565FgH-1665+585-1675L-1650Lm+600-1655+580-1700Q-1680QmL-550F-1670+555rQs+560-575FeF-545FgF-570JzFyFyFuVrQsVrQsV-41120+9000-2240O","RawDataInfo":[71,71,0]}}
cmnd/tasmota/600605/IRsend 0,9000,4500,562,562,562,562,562,562,562,562,562,562,562,562,562,562,562,1687,562,1687,562,1687,562,1687,562,1687,562,1687,562,1687,562,1687,562,562,562,1687,562,1687,562,1687,562,562,562,562,562,562,562,562,562,562,562,562,562,562,562,562,562,1687,562,1687,562,1687,562,1687,562,1687,562,41000,9000,2250,562,50000
tele/tasmota/6006C3/RESULT {"IrReceived":{"Protocol":"NEC","Bits":32,"Data":"0x1FEE01F","DataLSB":"0x807F07F8","Repeat":0,"RawData":"+8980-4485+580-575C-530+600-555+550cD-535+595iF-560C-1680C-1675CmClClK-1700CmClGcD-1685ClClCgDkH-585+570-565+545pQkDkQkH-1710DlGlFlHtH-41135+8985-2275C","RawDataInfo":[71,71,0]}}
stat/tasmota/600605/RESULT {"IRSend":"Done"}
cmnd/tasmota/6006C3/IRsend 0,9000,4500,562,562,562,562,562,562,562,562,562,562,562,562,562,562,562,1687,562,1687,562,1687,562,1687,562,1687,562,1687,562,1687,562,1687,562,562,562,1687,562,1687,562,1687,562,562,562,562,562,562,562,562,562,562,562,562,562,562,562,562,562,1687,562,1687,562,1687,562,1687,562,1687,562,41000,9000,2250,562,50000
stat/tasmota/6006C3/RESULT {"IRSend":"Done"}
tele/tasmota/600605/RESULT {"IrReceived":{"Protocol":"NEC","Bits":32,"Data":"0x1FEE01F","DataLSB":"0x807F07F8","Repeat":0,"RawData":"+9030-4470+585-570+590-545+580-550E-540E-515+595i+610-520+620-1640K-1690G-1655G-1675G-1700G-1680CrGtGh+565-1670GsGtG-555Ef+560dUdEfUdUdUdX-1695WsGt+605qW-1705W-41090A-2250W","RawDataInfo":[71,71,0]}}
cmnd/tasmota/600605/IRsend 0,9000,4500,562,562,562,562,562,562,562,562,562,562,562,562,562,562,562,1687,562,1687,562,1687,562,1687,562,1687,562,1687,562,1687,562,1687,562,562,562,1687,562,1687,562,1687,562,562,562,562,562,562,562,562,562,562,562,562,562,562,562,562,562,1687,562,1687,562,1687,562,1687,562,1687,562,41000,9000,2250,562,50000
tele/tasmota/6006C3/RESULT {"IrReceived":{"Protocol":"NEC","Bits":32,"Data":"0x1FEE01F","DataLSB":"0x807F07F8","Repeat":0,"RawData":"+8960-4530+555-580+550-585DeEf+575-560+570hEfI-1685I-1690G-1680E-1710C-1705EnDjEnCdEnCmEnDcI-565+545fIhEfPfP-590IhEmCnDlCmGlC-41155+9015-2245C","RawDataInfo":[71,71,0]}}
stat/tasmota/600605/RESULT {"IRSend":"Done"}
cmnd/tasmota/6006C3/IRsend 0,9000,4500,562,562,562,562,562,562,562,562,562,562,562,562,562,562,562,1687,562,1687,562,1687,562,1687,562,1687,562,1687,562,1687,562,1687,562,562,562,1687,562,1687,562,1687,562,562,562,562,562,562,562,562,562,562,562,562,562,562,562,562,562,1687,562,1687,562,1687,562,1687,562,1687,562,41000,9000,2250,562,50000
stat/tasmota/6006C3/RESULT {"IRSend":"Done"}
tele/tasmota/600605/RESULT {"IrReceived":{"Protocol":"NEC","Bits":32,"Data":"0x1FEE01F","DataLSB":"0x807F07F8","Repeat":0,"RawData":"+9030-4495+585-550+570-560+590-520+615-540GjGjGh+610-1670F-1700+580-1675GlC-1650+600o+555-1680QsR-575GlR-1705NsNr+565eVeVeFeVeVeG-545F-1695NsNsNsRsQ-41095+9010-2250R","RawDataInfo":[71,71,0]}}
cmnd/tasmota/600605/IRsend 0,9000,4500,562,562,562,562,562,562,562,562,562,562,562,562,562,562,562,1687,562,1687,562,1687,562,1687,562,1687,562,1687,562,1687,562,1687,562,562,562,1687,562,1687,562,1687,562,562,562,562,562,562,562,562,562,562,562,562,562,562,562,562,562,1687,562,1687,562,1687,562,1687,562,1687,562,41000,9000,2250,562,50000
stat/tasmota/600605/RESULT {"IRSend":"Done"}
tele/tasmota/6006C3/RESULT {"IrReceived":{"Protocol":"NEC","Bits":32,"Data":"0x1FEE01F","DataLSB":"0x807F07F8","Repeat":0,"RawData":"+9015-4510+580-550+575-555EfE-560EfE-535+595g+570-1685C-1680ClEkClClClJ-1690FcEkF-1705ClCfJg+545-565J-585DqDqJgEgD-1710ClFnElClF-41105+9005-2275D","RawDataInfo":[71,71,0]}}
cmnd/tasmota/6006C3/IRsend 0,9000,4500,562,562,562,562,562,562,562,562,562,562,562,562,562,562,562,1687,562,1687,562,1687,562,1687,562,1687,562,1687,562,1687,562,1687,562,562,562,1687,562,1687,562,1687,562,562,562,562,562,562,562,562,562,562,562,562,562,562,562,562,562,1687,562,1687,562,1687,562,1687,562,1687,562,41000,9000,2250,562,50000
stat/tasmota/6006C3/RESULT {"IRSend":"Done"}
tele/tasmota/600605/RESULT {"IrReceived":{"Protocol":"NEC","Bits":32,"Data":"0x1FEE01F","DataLSB":"0x807F07F8","Repeat":0,"RawData":"+9020-4505+590-520+615-545CdE-540CdC-570+565hI-1695+580-1680KlKlK-1655K-1705KlKl+555kIjKlOnOkIhCgIhCfCfCfCfC-1670KlKlKlKlK-41100+9010-2245K","RawDataInfo":[71,71,0]}}
cmnd/tasmota/600605/IRsend 0,9000,4500,562,562,562,562,562,562,562,562,562,562,562,562,562,562,562,1687,562,1687,562,1687,562,1687,562,1687,562,1687,562,1687,562,1687,562,562,562,1687,562,1687,562,1687,562,562,562,562,562,562,562,562,562,562,562,562,562,562,562,562,562,1687,562,1687,562,1687,562,1687,562,1687,562,41000,9000,2250,562,50000
stat/tasmota/600605/RESULT {"IRSend":"Done"}
tele/tasmota/6006C3/RESULT {"IrReceived":{"Protocol":"NEC","Bits":32,"Data":"0x1FEE01F","DataLSB":"0x807F07F8","Repeat":0,"RawData":"+9020-4510+580-555+570-560Ef+550-585GhGhGhG-1710D-1705DjDjDjC-1680DjDjDcGiCkDjCd+575fDfLcGcGcLfLdLkGjLkGjGjD-41120+9005-2250L","RawDataInfo":[71,71,0]}}
cmnd/tasmota/6006C3/IRsend 0,9000,4500,562,562,562,562,562,562,562,562,562,562,562,562,562,562,562,1687,562,1687,562,1687,562,1687,562,1687,562,1687,562,1687,562,1687,562,562,562,1687,562,1687,562,1687,562,562,562,562,562,562,562,562,562,562,562,562,562,562,562,562,562,1687,562,1687,562,1687,562,1687,562,1687,562,41000,9000,2250,562,50000
stat/tasmota/6006C3/RESULT {"IRSend":"Done"}
tele/tasmota/600605/RESULT {"IrReceived":{"Protocol":"NEC","Bits":32,"Data":"0x1FEE01F","DataLSB":"0x807F07F8","Repeat":0,"RawData":"+9040-4470+610-530+590-540+620-515+615-520IjIf+555-575E-1670+585-1675+560-1700PoCoK-1680+580qPqPl+565mSqSrS-550E-545T-570PwNvN-525CvTwEmKqKrSqS-1655S-41115+9010-2245K","RawDataInfo":[71,71,0]}}
cmnd/tasmota/600605/IRsend 0,9000,4500,562,562,562,562,562,562,562,562,562,562,562,562,562,562,562,1687,562,1687,562,1687,562,1687,562,1687,562,1687,562,1687,562,1687,562,562,562,1687,562,1687,562,1687,562,562,562,562,562,562,562,562,562,562,562,562,562,562,562,562,562,1687,562,1687,562,1687,562,1687,562,1687,562,41000,9000,2250,562,50000
stat/tasmota/600605/RESULT {"IRSend":"Done"}
tele/tasmota/6006C3/RESULT {"IrReceived":{"Protocol":"NEC","Bits":32,"Data":"0x1FEE01F","DataLSB":"0x807F07F8","Repeat":0,"RawData":"+9030-4500+580-550+575-535+600-530+595fGfG-560EfG-1680+585-1675Lm+555-1700LmC-1650+605kJkQhG-1660GkE-1685ChGjEjEjCnEj+570jEjD-1710CkCkEkNoC-41090+9010-2250C","RawDataInfo":[71,71,0]}}
cmnd/tasmota/6006C3/IRsend 0,9000,4500,562,562,562,562,562,562,562,562,562,562,562,562,562,562,562,1687,562,1687,562,1687,562,1687,562,1687,562,1687,562,1687,562,1687,562,562,562,1687,562,1687,562,1687,562,562,562,562,562,562,562,562,562,562,562,562,562,562,562,562,562,1687,562,1687,562,1687,562,1687,562,1687,562,41000,9000,2250,562,50000
stat/tasmota/6006C3/RESULT {"IRSend":"Done"}
tele/tasmota/600605/RESULT {"IrReceived":{"Protocol":"NEC","Bits":32,"Data":"0x1FEE01F","DataLSB":"0x807F07F8","Repeat":0,"RawData":"+9025-4480+610-525+615-520Cf+620-540+590-545+565-570IjI-1665+580-1675L-1690+560oCoNoN-1680NoN-550K-1670N-1705NrN-555Kl+585sIjIjKlQlIjK-1695VuVuNrNrN-41085+9030-2230N","RawDataInfo":[71,71,0]}}
cmnd/tasmota/600605/IRsend 0,9000,4500,562,562,562,562,562,562,562,562,562,562,562,562,562,562,562,1687,562,1687,562,1687,562,1687,562,1687,562,1687,562,1687,562,1687,562,562,562,1687,562,1687,562,1687,562,562,562,562,562,562,562,562,562,562,562,562,562,562,562,562,562,1687,562,1687,562,1687,562,1687,562,1687,562,41000,9000,2250,562,50000
stat/tasmota/600605/RESULT {"IRSend":"Done"}
tele/tasmota/6006C3/RESULT {"IrReceived":{"Protocol":"NEC","Bits":32,"Data":"0x1FEE01F","DataLSB":"0x807F07F8","Repeat":0,"RawData":"+9020-4505+580-530+600-555+575-535EhEhEfGhE-1680G-1685Gi+560i+605iCiC-1675K-1700CfGiCiCiCfGk+550-585+570kQkGkQkGkQjCiG-1660C-1705FsC-41100+9010-2250O","RawDataInfo":[71,71,0]}}
cmnd/tasmota/6006C3/IRsend 0,9000,4500,562,562,562,562,562,562,562,562,562,562,562,562,562,562,562,1687,562,1687,562,1687,562,1687,562,1687,562,1687,562,1687,562,1687,562,562,562,562,562,1687,562,562,562,562,562,1687,562,562,562,562,562,562,562,1687,562,562,562,1687,562,1687,562,562,562,1687,562,1687,562,1687,562,41000,9000,2250,562,50000
stat/tasmota/6006C3/RESULT {"IRSend":"Done"}
tele/tasmota/600605/RESULT {"IrReceived":{"Protocol":"NEC","Bits":32,"Data":"0x1FE48B7","DataLSB":"0x807F12ED","Repeat":0,"RawData":"+8960-4525+555-580+590-545Ef+560-570Ef+565hEfG-1695C-1705D-1680DlC-1700CkDlE-1670CdGhH-1690Dc+585fPnDcEfP-550PnCdEnDlC-575EnDlGjC-41110+9030-2225G","RawDataInfo":[71,71,0]}}
cmnd/tasmota/600605/IRsend 0,9000,4500,562,562,562,562,562,562,562,562,562,562,562,562,562,562,562,1687,562,1687,562,1687,562,1687,562,1687,562,1687,562,1687,562,1687,562,562,562,562,562,1687,562,562,562,562,562,1687,562,562,562,562,562,562,562,1687,562,562,562,1687,562,1687,562,562,562,1687,562,1687,562,1687,562,41000,9000,2250,562,50000
stat/tasmota/600605/RESULT {"IRSend":"Done"}
tele/tasmota/6006C3/RESULT {"IrReceived":{"Protocol":"NEC","Bits":32,"Data":"0x1FE48B7","DataLSB":"0x807F12ED","Repeat":0,"RawData":"+9000-4520+570-560+575dE-535+600dEdEfC-585E-1660G-1680E-1685+580jLj+555-1705LjM-1700MmEhCkMl+550hCkLmPd+595dEjMlP-1710PnPlPrEjMnM-41120A-2275M","RawDataInfo":[71,71,0]}}
cmnd/tasmota/6006C3/IRsend 0,9000,4500,562,562,562,562,562,562,562,562,562,562,562,562,562,562,562,1687,562,1687,562,1687,562,1687,562,1687,562,1687,562,1687,562,1687,562,562,562,562,562,1687,562,562,562,562,562,1687,562,562,562,562,562,562,562,1687,562,562,562,1687,562,1687,562,562,562,1687,562,1687,562,1687,562,41000,9000,2250,562,50000
stat/tasmota/6006C3/RESULT {"IRSend":"Done"}
tele/tasmota/600605/RESULT {"IrReceived":{"Protocol":"NEC","Bits":32,"Data":"0x1FE48B7","DataLSB":"0x807F12ED","Repeat":0,"RawData":"+9020-4505+590-520+610-545CfCdC-570+560gCf+585-1670+580-1680G-1690+565j+600l+555-1700KlKlPkNnCjKpNgCjKpNgHgC-1645KkI-1650+605lKpN-1695PqKlK-41105+9030-2225P","RawDataInfo":[71,71,0]}}
cmnd/tasmota/600605/IRsend 0,9000,4500,562,562,562,562,562,562,562,562,562,562,562,562,562,562,562,1687,562,1687,562,1687,562,1687,562,1687,562,1687,562,1687,562,1687,562,562,562,562,562,1687,562,562,562,562,562,1687,562,562,562,562,562,562,562,1687,562,562,562,1687,562,1687,562,562,562,1687,562,1687,562,1687,562,41000,9000,2250,562,50000
stat/tasmota/600605/RESULT {"IRSend":"Done"}
tele/tasmota/6006C3/RESULT {"IrReceived":{"Protocol":"NEC","Bits":32,"Data":"0x1FE48B7","DataLSB":"0x807F12ED","Repeat":0,"RawData":"+9020-4505+585-550+580d+575-560E-555EhEhFg+570-1685E-1680EkEkEkE-1675IjElEhEhF-1660+600hDcD-1710HeIg+545cFjFhFjH-1705EhI-1690DqFjF-41090+9005-2250D","RawDataInfo":[71,71,0]}}
cmnd/tasmota/6006C3/IRsend 0,9000,4500,562,562,562,562,562,562,562,562,562,562,562,562,562,562,562,1687,562,1687,562,1687,562,1687,562,1687,562,1687,562,1687,562,1687,562,562,562,562,562,1687,562,562,562,562,562,1687,562,562,562,562,562,562,562,1687,562,562,562,1687,562,1687,562,562,562,1687,562,1687,562,1687,562,41000,9000,2250,562,50000
stat/tasmota/6006C3/RESULT {"IRSend":"Done"}
tele/tasmota/600605/RESULT {"IrReceived":{"Protocol":"NEC","Bits":32,"Data":"0x1FE48B7","DataLSB":"0x807F12ED","Repeat":0,"RawData":"+9030-4470+580-550+615-540+570fE-520E-545+565j+590hE-1645C-1700C-1675C-1680C-1650CoCm+555mC-530EiJ-1670+610dJiK-1695QcKiKiKsQc+585s+560mQ-575G-1690CoQ-1705J-41100+8990-2240+605","RawDataInfo":[71,71,0]}}
cmnd/tasmota/600605/IRsend 0,9000,4500,562,562,562,562,562,562,562,562,562,562,562,562,562,562,562,1687,562,1687,562,1687,562,1687,562,1687,562,1687,562,1687,562,1687,562,562,562,562,562,1687,562,562,562,562,562,1687,562,562,562,562,562,562,562,1687,562,562,562,1687,562,1687,562,562,562,1687,562,1687,562,1687,562,41000,9000,2250,562,50000
tele/tasmota/6006C3/RESULT {"IrReceived":{"Protocol":"NEC","Bits":32,"Data":"0x1FE48B7","DataLSB":"0x807F12ED","Repeat":0,"RawData":"+8980-4480+605-550+570-565+580-530+600-555GjDg+585-545G-1655C-1675GnGnKnGnJ-1705G-1680Gj+575-560Q-1685GdE-535+595sGjQrReQsGjD-1710GpGrDvG-1660I-1765+495-41105A-2270J","RawDataInfo":[71,71,0]}}
stat/tasmota/600605/RESULT {"IRSend":"Done"}
cmnd/tasmota/6006C3/IRsend 0,9000,4500,562,562,562,562,562,562,562,562,562,562,562,562,562,562,562,1687,562,1687,562,1687,562,1687,562,1687,562,1687,562,1687,562,1687,562,562,562,562,562,1687,562,1687,562,1687,562,1687,562,562,562,562,562,562,562,1687,562,562,562,562,562,562,562,562,562,1687,562,1687,562,1687,562,41000,9000,2250,562,50000
stat/tasmota/6006C3/RESULT {"IRSend":"Done"}
tele/tasmota/600605/RESULT {"IrReceived":{"Protocol":"NEC","Bits":32,"Data":"0x1FE7887","DataLSB":"0x807F1EE1","Repeat":0,"RawData":"+8990-4470+605-530+590-570E-545+565-550+610gHi+585fK-1670+555-1705M-1700Hl+600-1660+580oMnMoMrEgElR-1680RsMoRmKiKg+560oRmEgTfHfElMoMnR-41550+9030-2200R","RawDataInfo":[71,71,0]}}
cmnd/tasmota/600605/IRsend 0,9000,4500,562,562,562,562,562,562,562,562,562,562,562,562,562,562,562,1687,562,1687,562,1687,562,1687,562,1687,562,1687,562,1687,562,1687,562,562,562,562,562,1687,562,1687,562,1687,562,1687,562,562,562,562,562,562,562,1687,562,562,562,562,562,562,562,562,562,1687,562,1687,562,1687,562,41000,9000,2250,562,50000
stat/tasmota/600605/RESULT {"IRSend":"Done"}
tele/tasmota/6006C3/RESULT {"IrReceived":{"Protocol":"NEC","Bits":32,"Data":"0x1FE7887","DataLSB":"0x807F1EE1","Repeat":0,"RawData":"+8990-4530+580-555+575dE-560E-535+600fEg+595fC-1680Cj+585-1675C-1655CjHlClCjC-550EfE-1685KlKlCjCdEf+570-540IoCdEfNkEfEoF-1700C-1715+545-41090+9005-2250N","RawDataInfo":[71,71,0]}}
cmnd/tasmota/6006C3/IRsend 0,9000,4500,562,562,562,562,562,562,562,562,562,562,562,562,562,562,562,1687,562,1687,562,1687,562,1687,562,1687,562,1687,562,1687,562,1687,562,562,562,1687,562,562,562,1687,562,562,562,562,562,562,562,562,562,562,562,562,562,1687,562,562,562,1687,562,1687,562,1687,562,1687,562,1687,562,41000,9000,2250,562,50000
stat/tasmota/6006C3/RESULT {"IRSend":"Done"}
tele/tasmota/600605/RESULT {"IrReceived":{"Protocol":"NEC","Bits":32,"Data":"0x1FEA05F","DataLSB":"0x807F05FA","Repeat":0,"RawData":"+9025-4505+585-525+620-540+570f+615fGfH-520HiH-1665+580-1675Cl+560-1700K-1655+605lC-1650+610-1680KdRqK-550C-1695+555vR-545+590w+565wXgYgX-1670M-575CzKsKo+595-1690VnK-41090+9035-2220Y","RawDataInfo":[71,71,0]}}
cmnd/tasmota/6006C3/IRsend 0,8388,4207,526,1578,526,1578,526,526,526,526,526,526,526,526,526,526,526,526,526,1578,526,1578,526,1578,526,526,526,1578,526,526,526,526,526,526,526,50000
stat/tasmota/6006C3/RESULT {"IRSend":"Done"}
tele/tasmota/600605/RESULT {"IrReceived":{"Protocol":"JVC","Bits":16,"Data":"0xC0E8","DataLSB":"0x317","Repeat":0,"RawData":"+8370-4190+580-1555+555-1535+560-520+535-525+550-510+540hI-500GjI-1575K-1560IoE-485+585-1550ElIjIjG","RawDataInfo":[35,35,0]}}
tele/tasmota/6006C3/RESULT {"IrReceived":{"Protocol":"JVC","Bits":16,"Data":"0xC078","DataLSB":"0x31E","Repeat":0,"RawData":"+8485-4200+550-1580+575-1555+580-510G-515GhGiC-540EiEiGfEfG-1550GkGhGiEiG-22665GkGkGhGhGhGh+585hGiGhGkGkGfEkGhGhGhGlGkGkGhGiGhGhGhGhGhGkGkGkGkGhGhGhG-22660GkGkGhGhGhGhGhGhGhGkGkGkGkGhGhGhG","RawDataInfo":[137,137,0]}}
tele/tasmota/6006C3/RESULT {"IrReceived":{"Protocol":"JVC","Bits":16,"Data":"0xC0F8","DataLSB":"0x31F","Repeat":0,"RawData":"+8495-4190+590-1540Cd+615-475EfEf+620fGfG-470G-1510GiGiGi+650-1485+645-445L-450+640mL-21530LkJ-1480JmLmOnLmLnLmLkLkLkO-1490OrEf+610-480StS-21565S-1520SvSt+580-510+585xStYxStSvSvSvSvSvStStYxS","RawDataInfo":[103,103,0]}}
tele/tasmota/6006C3/RESULT {"IrReceived":{"Protocol":"JVC","Bits":16,"Data":"0xC0E8","DataLSB":"0x317","Repeat":0,"RawData":"+8520-4170+610-1520Cd+590-505EfC-480Cg+615gCgE-1545H-1515CdCgCdCg+585fCgK-22660KiK-1550+580-510NoCgHgCgEfKiCdCdKfKiKoNoCgC-22635CdKiCgKoCgCgCgCgCdKmCdCgKmKoNoKfK","RawDataInfo":[103,103,0]}}
tele/tasmota/179E4E/RESULT {"IrReceived":{"Protocol":"NEC","Bits":32,"Data":"0xFFE21D","DataLSB":"0xFF47B8","Repeat":0,"RawData":"+9040-4440+610-515+635-485+640fCdC-510+615dCdChI-1635CjCjIjC-1640+605-1645+630-1610E-1615CjCjGoCdCdChCkE-490EfIhCdCjIjCjCdEoC-40950+9060-2190C","RawDataInfo":[71,71,0]}}
tele/tasmota/179E4E/RESULT {"IrReceived":{"Protocol":"NEC","Bits":32,"Data":"0xFFA25D","DataLSB":"0xFF45BA","Repeat":0,"RawData":"+9030-4440+610-510C-515Ce+605eCe+640-485CeCe+615-1640+635-1610I-1660+585jG-1605I-1635CjGlCpIdGlCeCeK-490CmNdC-535NjKqKlGlKlGhCjG-40920+9060-2190C","RawDataInfo":[71,71,0]}}
tele/tasmota/179E4E/RESULT {"IrReceived":{"Protocol":"NEC","Bits":32,"Data":"0x20DF906F","DataLSB":"0x4FB09F6","Repeat":0,"RawData":"+9150-4530+610-540+620-535+645-1640+615dIdEfEfEfE-1670E-1665E-530EjEkGhEkGhIkEfG-515CjEfG-510GnEdEfGhEjEfGhEjEkEjG-40275+9175-2220E","RawDataInfo":[71,71,0]}}
tele/tasmota/179E4E/RESULT {"IrReceived":{"Protocol":"NEC","Bits":32,"Data":"0x20DF906F","DataLSB":"0x4FB09F6","Repeat":0,"RawData":"+9155-4525+645-510CdC-1640CdCd+620-535FgCdCeCeFgCeCeCeCeCeCeCdCdF-1665CdCdCdCdFgFhC-1635CdFh+640eCeCeC-40280+9175-2220C","RawDataInfo":[71,71,0]}}
tele/tasmota/179E4E/RESULT {"IrReceived":{"Protocol":"NEC","Bits":32,"Data":"0x20DFC03F","DataLSB":"0x4FB03FC","Repeat":0,"RawData":"+9150-4530+620-535+645-510C-1665EfCd+615-540HdEfC-1670CgEfCjCgE-1640CgCjE-1635CjCdCdCdEfEfCiHdCdCgEkCgCgHgCjC-40300+9175-2220C","RawDataInfo":[71,71,0]}}
tele/tasmota/179E4E/RESULT {"IrReceived":{"Protocol":"NEC","Bits":0,"Data":"0xFFFFFFFFFFFFFFFF","DataLSB":"0xFFFFFFFFFFFFFFFF","Repeat":1,"RawData":"+9150-2240+620","RawDataInfo":[3,3,0]}}
tele/tasmota/179E4E/RESULT {"IrReceived":{"Protocol":"NEC","Bits":32,"Data":"0x20DF40BF","DataLSB":"0x4FB02FD","Repeat":0,"RawData":"+9175-4500+620-535+615-540+610-1670CdCf+640-515GfCdChEh+645-510EhE-1665ChK-1640EhGfChIjGfCdEdCdKjGhCdChEhCmEhEmCh+670-40250+9150-2245C","RawDataInfo":[71,71,0]}}
tele/tasmota/179E4E/RESULT {"IrReceived":{"Protocol":"NEC","Bits":0,"Data":"0xFFFFFFFFFFFFFFFF","DataLSB":"0xFFFFFFFFFFFFFFFF","Repeat":1,"RawData":"+9155-2240+645","RawDataInfo":[3,3,0]}}
tele/tasmota/179E4E/RESULT {"IrReceived":{"Protocol":"NEC","Bits":32,"Data":"0x20DFC03F","DataLSB":"0x4FB03FC","Repeat":0,"RawData":"+9180-4500+645-510+620-535C-1640+615fCdCdEfE-530E-1665E-1670HfEjEjCgCgEjEj+650gEfCdEfEfHfEfEf+640dCgEjCgCgCgEjC-40280+9175-2220C","RawDataInfo":[71,71,0]}}
tele/tasmota/179E4E/RESULT {"IrReceived":{"Protocol":"NEC","Bits":32,"Data":"0x20DF40BF","DataLSB":"0x4FB02FD","Repeat":0,"RawData":"+9180-4500+615-535+645-510+650-1640CdEf+620-540CdEfE-1635EhIdE-1645C-1665EhEhC-1670EfCnIdEfEfEfIjCdEkIdGhEhCmEhImEhI-40300+9150-2245E","RawDataInfo":[71,71,0]}}
tele/tasmota/179E4E/RESULT {"IrReceived":{"Protocol":"NEC","Bits":0,"Data":"0xFFFFFFFFFFFFFFFF","DataLSB":"0xFFFFFFFFFFFFFFFF","Repeat":1,"RawData":"+9150-2240+645","RawDataInfo":[3,3,0]}}
tele/tasmota/179E4E/RESULT {"IrReceived":{"Protocol":"NEC","Bits":0,"Data":"0xFFFFFFFFFFFFFFFF","DataLSB":"0xFFFFFFFFFFFFFFFF","Repeat":1,"RawData":"+9175-2220+645","RawDataInfo":[3,3,0]}}
tele/tasmota/179E4E/RESULT {"IrReceived":{"Protocol":"NEC","Bits":32,"Data":"0x20DFC03F","DataLSB":"0x4FB03FC","Repeat":0,"RawData":"+9150-4525+650-505C-510+645-1640CdCdCeFeFe+620-1660H-1665H-535HiFgC-1635CgHjFlHjFeFeFeCdH-530CeFeHkCgFlHjFgHiFgH-40300+9180-2215C","RawDataInfo":[71,71,0]}}
tele/tasmota/179E4E/RESULT {"IrReceived":{"Protocol":"NEC","Bits":0,"Data":"0xFFFFFFFFFFFFFFFF","DataLSB":"0xFFFFFFFFFFFFFFFF","Repeat":1,"RawData":"+9175-2215+650","RawDataInfo":[3,3,0]}}
tele/tasmota/179E4E/RESULT {"IrReceived":{"Protocol":"NEC","Bits":32,"Data":"0x20DF40BF","DataLSB":"0x4FB02FD","Repeat":0,"RawData":"+9180-4500+650-505+620-535+645-1640E-530CdC-510GjGjGhG-1635EiChGkChCkGkCdE-1660GjCdCjGj+615fGjE-1665GjGkCkGhGk+675-1610GhC-40275+9150-2245G","RawDataInfo":[71,71,0]}}
tele/tasmota/179E4E/RESULT {"IrReceived":{"Protocol":"NEC","Bits":0,"Data":"0xFFFFFFFFFFFFFFFF","DataLSB":"0xFFFFFFFFFFFFFFFF","Repeat":1,"RawData":"+9180-2220+645","RawDataInfo":[3,3,0]}}
tele/tasmota/179E4E/RESULT {"IrReceived":{"Protocol":"NEC","Bits":32,"Data":"0x20DF40BF","DataLSB":"0x4FB02FD","Repeat":0,"RawData":"+9180-4500+650-505CdC-1635+645-510CdCdCd+620-535F-1640CeCdC-1630CeCeFjCj+640gH-1660CgFgCd+675-480CdCgCkCdCjCkCjCeFjCjF-40275A-2215C","RawDataInfo":[71,71,0]}}
tele/tasmota/179E4E/RESULT {"IrReceived":{"Protocol":"NEC","Bits":0,"Data":"0xFFFFFFFFFFFFFFFF","DataLSB":"0xFFFFFFFFFFFFFFFF","Repeat":1,"RawData":"+9155-2240+645","RawDataInfo":[3,3,0]}}
tele/tasmota/179E4E/RESULT {"IrReceived":{"Protocol":"NEC","Bits":32,"Data":"0x20DFC03F","DataLSB":"0x4FB03FC","Repeat":0,"RawData":"+9180-4500+650-505C-510+620-1660CdCe+645eF-530+675-480C-1635FgCeHlClF-1665+640-1640ClHoCoFiCdCdCdJ-485HeNeFiHoHoCoFgClHlF-40300+9175-2220H","RawDataInfo":[71,71,0]}}
tele/tasmota/179E4E/RESULT {"IrReceived":{"Protocol":"NEC","Bits":0,"Data":"0xFFFFFFFFFFFFFFFF","DataLSB":"0xFFFFFFFFFFFFFFFF","Repeat":1,"RawData":"+9180-2220+645","RawDataInfo":[3,3,0]}}
tele/tasmota/179E4E/RESULT {"IrReceived":{"Protocol":"NEC","Bits":32,"Data":"0x20DFC03F","DataLSB":"0x4FB03FC","Repeat":0,"RawData":"+9150-4525+595-560+620-535E-1660CdEfEfEf+590-565H-1690E-1665CdEkH-1695EkCjEgEkEgEfEfEfHiHdHd+615fMfHlEkCjEkCjHlE-40300+9125-2270+650","RawDataInfo":[71,71,0]}}
tele/tasmota/179E4E/RESULT {"IrReceived":{"Protocol":"NEC","Bits":0,"Data":"0xFFFFFFFFFFFFFFFF","DataLSB":"0xFFFFFFFFFFFFFFFF","Repeat":1,"RawData":"+9180-2215+650","RawDataInfo":[3,3,0]}}
tele/tasmota/179E4E/RESULT {"IrReceived":{"Protocol":"NEC","Bits":32,"Data":"0x20DFC03F","DataLSB":"0x4FB03FC","Repeat":0,"RawData":"+9125-4550+650-505+620-530C-1640CdCdCdCd+675-485E-1660CgEfC-1630Cg+645kCgEjH-1610CkC-510LnEfCdCdCnEfCdCkC-1635H-1605CoCkCgC-40270+9150-2245L","RawDataInfo":[71,71,0]}}
tele/tasmota/179E4E/RESULT {"IrReceived":{"Protocol":"NEC","Bits":32,"Data":"0x20DFC03F","DataLSB":"0x4FB03FC","Repeat":0,"RawData":"+9180-4500+650-505CdC-1640CdCdC-510+645fCdCeC-1630CdC-1635CiGiCeChCiCiGfCdCdCfGfCdCdCdCeCiChCiChCiC-40275A-2215C","RawDataInfo":[71,71,0]}}
tele/tasmota/179E4E/RESULT {"IrReceived":{"Protocol":"UNKNOWN","Bits":71,"Hash":"0x5F205317","Repeat":0,"RawData":"+650-510+640bA-1630AbA-505AeAeAb+620-1660A-1635AeAhAhFgAhAdAhAhF-530AeAeAbCbAeAe+675-480AhA-1640AdAhAlClA-40275+9180-2215A-42570N-4495AeAbAdAeAb+645bAbReAhAdAbRhAhAdAlAdAlRhAbRbAeAeAeAbAeAeAlRhAlRhAlFgAmNoA","RawDataInfo":[141,141,0]}}
tele/tasmota/179E4E/RESULT {"IrReceived":{"Protocol":"NEC","Bits":32,"Data":"0xFFE21D","DataLSB":"0xFF47B8","Repeat":0,"RawData":"+9040-4440+635-490+610-510+640dE-515CdCdG-485Gf+585-1635EkE-1640C-1615C-1610ElElCmElCnEkEhGiEfEkGiGdEhCdEkE-1665EnEhGnE-40945+9060-2190E","RawDataInfo":[71,71,0]}}
cmnd/tasmota/600605/IRsend 0,+9020-4525+550cC-1685CcCcCdCcCdCdCcCdCdCdCdCcCcCcCcCcCcCcCdCcCcCcCdCdCdCdCcCdCdCdC-43995
cmnd/tasmota/600605/IRsend {"Protocol":"raw","Data":"+9020-4525+550-1685+550-550+550-550+550-550+550-550+550-550+550-550+550-550+550-550+550-1685+550-1685+550-550+550-550+550-1685+550-1685+550-550+550-1685+550-550+550-1685+550-1685+550-550+550-550+550-550+550-1685+550-550+550-550+550-550+550-550+550-1685+550-550+550-1685+550-550+550-1685+550-550+550-43995"}
cmnd/tasmota/600605/IRsend 0,+9020-4525+550cC-1685CcCcCdCcCdCdCcCdCdCdCdCcCcCcCcCcCcCcCdCcCcCcCdCdCdCdCcCdCdCdC-43995
cmnd/tasmota/600605/IRsend {"Protocol":"raw","Data":"+9020-4525+550-1685+550-550+550-550+550-550+550-550+550-550+550-550+550-550+550-550+550-1685+550-1685+550-550+550-550+550-1685+550-1685+550-550+550-1685+550-550+550-1685+550-1685+550-550+550-550+550-550+550-1685+550-550+550-550+550-550+550-550+550-1685+550-550+550-1685+550-550+550-1685+550-550+550-43995"}
cmnd/tasmota/600605/IRsend {"Protocol":"NEC","Bits":32,"Data":0xE20FD260}
cmnd/tasmota/600605/IRsend 0,+9020-4525+550cC-1685CcCcCdCcCdCdCcCdCdCdCdCcCcCcCcCcCcCcCdCcCcCcCdCdCdCdCcCdCdCdC-43995
tele/tasmota/179E4E/RESULT {"IrReceived":{"Protocol":"UNKNOWN","Bits":3,"Hash":"0x49B0F624","Repeat":0,"RawData":"+420-1415+250-1630+175","RawDataInfo":[5,5,0]}}
cmnd/tasmota/600605/IRsend 0,+9020-4525+550cC-1685CcCcCdCcCdCdCcCdCdCdCdCcCcCcCcCcCcCcCdCcCcCcCdCdCdCdCcCdCdCdC-43995
stat/tasmota/600605/RESULT {"IRSend":"Done"}
tele/tasmota/179E4E/RESULT {"IrReceived":{"Protocol":"NEC","Bits":32,"Data":"0x4B7808F7","DataLSB":"0xD21E10EF","Repeat":0,"RawData":"+9060-4490+535-575+610-1635+615-495EhE-1630EhEiEiEhEiEi+585-1655EiEhEhE-500EhEhEhEhEi+540-570EhEhEiC-1705Mo+595-1640MnM-1700M-1710MrM","RawDataInfo":[67,67,0]}}
cmnd/tasmota/600605/IRsend {"Protocol":"raw","Data":"+9024-4512+562-562+562-1687+562-562+562-562+562-1687+562-562+562-1687+562-1687+562-562+562-1687+562-1687+562-1687+562-1687+562-562+562-562+562-562+562-562+562-562+562-562+562-562+562-1687+562-562+562-562+562-562+562-562+562-562+562-562+562-562+562-1687+562-562+562-562+562-562+562-43992"}
stat/tasmota/600605/RESULT {"IRSend":"No Bits or Data"}
cmnd/tasmota/600605/IRsend {"Protocol":"raw","Data":"+9024-4512+562-562+562-1687+562-562+562-562+562-1687+562-562+562-1687+562-1687+562-562+562-1687+562-1687+562-1687+562-1687+562-562+562-562+562-562+562-562+562-562+562-562+562-562+562-1687+562-562+562-562+562-562+562-1687+562-1687+562-1687+562-1687+562-562+562-1687+562-1687+562-1687+562-43992"}
stat/tasmota/600605/RESULT {"IRSend":"No Bits or Data"}
cmnd/tasmota/600605/IRsend {"Protocol":"raw","Data":"+9024-4512+562-562+562-1687+562-562+562-562+562-1687+562-562+562-1687+562-1687+562-562+562-1687+562-1687+562-1687+562-1687+562-562+562-562+562-562+562-562+562-562+562-562+562-562+562-1687+562-562+562-562+562-562+562-562+562-562+562-562+562-562+562-1687+562-562+562-562+562-562+562-43992"}
stat/tasmota/600605/RESULT {"IRSend":"No Bits or Data"}
cmnd/tasmota/600605/IRsend {"Protocol":"raw","Data":"+9024-4512+562-562+562-1687+562-562+562-562+562-1687+562-562+562-1687+562-1687+562-562+562-1687+562-1687+562-1687+562-1687+562-562+562-562+562-562+562-562+562-562+562-562+562-562+562-1687+562-562+562-562+562-562+562-1687+562-1687+562-1687+562-1687+562-562+562-1687+562-1687+562-1687+562-43992"}
stat/tasmota/600605/RESULT {"IRSend":"No Bits or Data"}
cmnd/tasmota/600605/IRsend +9024-4512+562-562+562-1687+562-562+562-562+562-1687+562-562+562-1687+562-1687+562-562+562-1687+562-1687+562-1687+562-1687+562-562+562-562+562-562+562-562+562-562+562-562+562-562+562-1687+562-562+562-562+562-562+562-562+562-562+562-562+562-562+562-1687+562-562+562-562+562-562+562-43992
cmnd/tasmota/600605/IRsend +9024-4512+562-562+562-1687+562-562+562-562+562-1687+562-562+562-1687+562-1687+562-562+562-1687+562-1687+562-1687+562-1687+562-562+562-562+562-562+562-562+562-562+562-562+562-562+562-1687+562-562+562-562+562-562+562-1687+562-1687+562-1687+562-1687+562-562+562-1687+562-1687+562-1687+562-43992
stat/tasmota/600605/RESULT {"IRSend":"Invalid RawData"}
stat/tasmota/600605/RESULT {"IRSend":"Invalid RawData"}
cmnd/tasmota/600605/IRsend 0,+9024-4512+562-562+562-1687+562-562+562-562+562-1687+562-562+562-1687+562-1687+562-562+562-1687+562-1687+562-1687+562-1687+562-562+562-562+562-562+562-562+562-562+562-562+562-562+562-1687+562-562+562-562+562-562+562-562+562-562+562-562+562-562+562-1687+562-562+562-562+562-562+562-43992
stat/tasmota/600605/RESULT {"IRSend":"Done"}
tele/tasmota/179E4E/RESULT {"IrReceived":{"Protocol":"NEC_LIKE","Bits":32,"Data":"0x4B780808","DataLSB":"0xD21E1010","Repeat":0,"RawData":"+9065-4470+620-515C-1640Cd+610-520+615eCdF-1645CeC-510HeCeCeCeCjHgHgFgCdCjHdC-1635CdHgHdCdHdCdHdCeCdCdHdC","RawDataInfo":[67,67,0]}}
cmnd/tasmota/600605/IRsend 0,+9024-4512+562-562+562-1687+562-562+562-562+562-1687+562-562+562-1687+562-1687+562-562+562-1687+562-1687+562-1687+562-1687+562-562+562-562+562-562+562-562+562-562+562-562+562-562+562-1687+562-562+562-562+562-562+562-1687+562-1687+562-1687+562-1687+562-562+562-1687+562-1687+562-1687+562-43992
tele/tasmota/179E4E/RESULT {"IrReceived":{"Protocol":"NEC","Bits":32,"Data":"0x4B7808F7","DataLSB":"0xD21E10EF","Repeat":0,"RawData":"+9065-4480+620-515+610-1645CdE-520+615-1640CdHiCiC-510HiC-1635CkCkCdHgEgHgCdHdCdCkCjCdCdHiCkCiCiCdHiCiCkC","RawDataInfo":[67,67,0]}}
stat/tasmota/600605/RESULT {"IRSend":"Done"}
tele/tasmota/179E4E/RESULT {"IrReceived":{"Protocol":"NEC","Bits":32,"Data":"0xFFE21D","DataLSB":"0xFF47B8","Repeat":0,"RawData":"+9065-4440+585-515+610-535Cd+635-490Ed+640-485EdEdG-1615E-1660C-1665C-1640EnEnEnEnEn+605mE-1610IhGhGhIpE-510EqE-520EfE-1635EpIpEdEnE-40950A-2215C","RawDataInfo":[71,71,0]}}
cmnd/tasmota/600605/IRsend 0,9000,4500,562,562,562,562,562,1687,562,562,562,562,562,562,562,562,562,562,562,1687,562,1687,562,562,562,1687,562,1687,562,1687,562,1687,562,1687,562,1687,562,562,562,1687,562,562,562,562,562,1687,562,562,562,562,562,562,562,1687,562,562,562,1687,562,1687,562,562,562,1687,562,1687,562,41000,9000,2250,562,50000
tele/tasmota/179E4E/RESULT {"IrReceived":{"Protocol":"NEC","Bits":32,"Data":"0x20DFA45B","DataLSB":"0x4FB25DA","Repeat":0,"RawData":"+9040-4465+620-515+610-520C-1640Cd+615dHfHfEfCgCgCdCgCgC-1635C-1645CgCgC-510CgCdHfEgCdHfEfHgCdEgCiCdCiCiC-41055+9055-2205C","RawDataInfo":[71,71,0]}}
tele/tasmota/600605/RESULT {"IrReceived":{"Protocol":"NEC","Bits":32,"Data":"0xFFE21D","DataLSB":"0xFF47B8","Repeat":0,"RawData":"+9050-4420+660-465+620-500+655dG-470Ef+625-495+630jEfE-1625I-1620IlE-1630+615-1635G-1590KmElIlImInEf+650-475EfR-1600EfEfE-505E-510EnElEnEfEnO-40945+9060-2185O","RawDataInfo":[71,71,0]}}
stat/tasmota/600605/RESULT {"IRSend":"Done"}
cmnd/tasmota/600605/IRsend 38000,4523,4444,500,500,500,500,500,500,500,500,500,500,500,1473,500,500,500,500,500,500,500,500,500,500,500,500,500,500,500,500,500,500,500,500,500,4444,500,1473,500,1473,500,1473,500,500,500,1473,500,1473,500,500,500,1473,500,500,500,500,500,500,500,500,500,500,500,500,500,1473,500,500,500,1473,500,1473,500,1473,500,1473,500,26875
stat/tasmota/600605/RESULT {"IRSend":"Done"}
tele/tasmota/179E4E/RESULT {"IrReceived":{"Protocol":"SAMSUNG36","Bits":36,"Data":"0x400ED02F","DataLSB":"0x2700BF4","Repeat":0,"RawData":"+4575-4400+560-450C-445+565dCdCdC-1425C-455CdCdCdCeCdCdCdCdCeC-4395F-1420CjFjCdFjCjChCjChCdCd+545-460CdCdCjCdCjCjCgCgC","RawDataInfo":[77,77,0]}}
cmnd/tasmota/600605/IRsend 37000,3459,1729,432,1297,432,1297,432,432,432,432,432,432,432,432,432,432,432,432,432,1297,432,432,432,432,432,432,432,432,432,432,432,432,432,432,432,432,432,1297,432,432,432,432,432,432,432,1297,432,432,432,432,432,1297,432,432,432,432,432,432,432,432,432,1297,432,432,432,432,432,1297,432,1297,432,432,432,432,432,432,432,432,432,432,432,432,432,432,432,432,432,432,432,432,432,432,432,432,432,432,432,432,432,74737
stat/tasmota/600605/RESULT {"IRSend":"Done"}
tele/tasmota/179E4E/RESULT {"IrReceived":{"Protocol":"PANASONIC","Bits":48,"Data":"0xC0804484C000","DataLSB":"0x30122210300","Repeat":0,"RawData":"+3495-1700+490-1245+495dE-380CfEfEfCfEfCdEfEfCfEfCfEfCfEf+470-1270CfEfCfEdCfEfGhCfEfCfEfCdEfC-385CdG-1265EfEfCfEfCiCfG-405CfEfCfEfEfCfEfE","RawDataInfo":[99,99,0]}}
cmnd/tasmota/600605/IRsend 38000,8993,4497,552,552,552,552,552,552,552,1683,552,1683,552,552,552,552,552,552,552,1683,552,1683,552,1683,552,552,552,1683,552,1683,552,1683,552,1683,552,552,552,552,552,552,552,552,552,552,552,552,552,552,552,552,552,1683,552,1683,552,1683,552,1683,552,1683,552,1683,552,1683,552,1683,552,552,552,552,552,552,552,552,552,552,552,552,552,552,552,552,552,1683,552,1683,552,1683,552,1683,552,1683,552,1683,552,1683,552,1683,552,107999
stat/tasmota/600605/RESULT {"IRSend":"Done"}
tele/tasmota/179E4E/RESULT {"IrReceived":{"Protocol":"KELON","Bits":48,"Data":"0xFF00FF00F718","DataLSB":"0xFF00FF00EF18","Repeat":0,"IRHVAC":{"Vendor":"KELON","Model":-1,"Command":"Control","Mode":"Auto","Power":"On","Celsius":"On","Temp":33,"FanSpeed":"Auto","SwingV":"Auto","SwingH":"Off","Quiet":"Off","Turbo":"On","Econo":"Off","Light":"On","Filter":"Off","Clean":"Off","Beep":"On","Sleep":-1,"iFeel":"Off","SensorTemp":null},"RawData":"+9035-4460+610-500CdC-495C-1630+585-1660+580-530CdCdCfG-1655GhCeCfGhCfGhCe+615eCdLeCdLeCdCeCfCfCfCfCfLfCfCfCdCdCeCdCeCeLdCeCfCfCfLfCfLfCfCfC","RawDataInfo":[99,99,0]}}
cmnd/tasmota/600605/IRsend 38000,8993,4497,552,1683,552,552,552,1683,552,1683,552,552,552,552,552,1683,552,552,552,552,552,1683,552,552,552,552,552,1683,552,1683,552,552,552,1683,552,552,552,1683,552,1683,552,1683,552,1683,552,552,552,1683,552,1683,552,1683,552,552,552,552,552,552,552,552,552,1683,552,552,552,552,552,552,552,552,552,552,552,552,552,552,552,552,552,552,552,552,552,1683,552,1683,552,1683,552,1683,552,1683,552,1683,552,1683,552,1683,552,107999
stat/tasmota/600605/RESULT {"IRSend":"Done"}
tele/tasmota/179E4E/RESULT {"IrReceived":{"Protocol":"MIDEA24","Bits":24,"Data":"0xB27B00","DataLSB":"0x4DDE00","Repeat":0,"RawData":"+9035-4465+610-1630+585-530CdCdC-500CgCd+580fCgCdCg+615-495I-1625+590-1655CgCdCgIdCdIdCdCgCd+620dCdIgCjCgCjIkIjCgCjCgCjCgCjCgCjNjCdIdCdIkIdCdLmCdC","RawDataInfo":[99,99,0]}}
cmnd/tasmota/600605/IRsend 38400,4508,4508,573,1694,573,573,573,573,573,573,573,573,573,573,573,573,573,573,573,573,573,1694,573,573,573,573,573,1694,573,1694,573,1694,573,573,573,573,573,1694,573,573,573,573,573,24805
stat/tasmota/600605/RESULT {"IRSend":"Done"}
tele/tasmota/179E4E/RESULT {"IrReceived":{"Protocol":"UNKNOWN","Bits":22,"Hash":"0xFA37F15D","Repeat":0,"RawData":"+4550-4475+620-1650+635-520+610-545E-525Ef+605-550C-530JkJkE-1640ClEfJ-1670Cd+625dClJkG-1665ClEfG","RawDataInfo":[43,43,0]}}
cmnd/tasmota/600605/IRsend 38000,4523,4444,500,500,500,500,500,500,500,500,500,500,500,1473,500,500,500,500,500,500,500,500,500,500,500,500,500,500,500,500,500,500,500,500,500,4444,500,1473,500,1473,500,1473,500,500,500,1473,500,1473,500,500,500,1473,500,500,500,500,500,500,500,500,500,500,500,500,500,1473,500,500,500,1473,500,1473,500,1473,500,1473,500,26875
stat/tasmota/600605/RESULT {"IRSend":"Done"}
tele/tasmota/179E4E/RESULT {"IrReceived":{"Protocol":"SAMSUNG36","Bits":36,"Data":"0x400ED02F","DataLSB":"0x2700BF4","Repeat":0,"RawData":"+4575-4400+560-450C-445+565dCdCdF-1415FdCdCdCdCeCdCdCeFeFeC-4395FgF-1420C-1425C-455CiFiCdCiCdCdCeFdCdCdCiFdCjCiFiCiC","RawDataInfo":[77,77,0]}}
cmnd/tasmota/600605/IRsend 37000,3459,1729,432,1297,432,1297,432,432,432,432,432,432,432,432,432,432,432,432,432,1297,432,432,432,432,432,432,432,432,432,432,432,432,432,432,432,432,432,1297,432,432,432,432,432,432,432,1297,432,432,432,432,432,1297,432,432,432,432,432,432,432,432,432,1297,432,432,432,432,432,1297,432,1297,432,432,432,432,432,432,432,432,432,432,432,432,432,432,432,432,432,432,432,432,432,432,432,432,432,432,432,432,432,74737
stat/tasmota/600605/RESULT {"IRSend":"Done"}
tele/tasmota/179E4E/RESULT {"IrReceived":{"Protocol":"PANASONIC","Bits":48,"Data":"0xC0804484C000","DataLSB":"0x30122210300","Repeat":0,"RawData":"+3495-1695+495-1245+490dC-380C-375CfCfEfCfC-1240CfCfEfCfCfEfCfCfEdCf+470-405EfCdEfCfCdEfCfEfCfCdCgCfCdEdCfE-385EfCfCfCfCfEfEfCfCfCfEkEfC","RawDataInfo":[99,99,0]}}
cmnd/tasmota/600605/IRsend 38000,8993,4497,552,552,552,552,552,552,552,1683,552,1683,552,552,552,552,552,552,552,1683,552,1683,552,1683,552,552,552,1683,552,1683,552,1683,552,1683,552,552,552,552,552,552,552,552,552,552,552,552,552,552,552,552,552,1683,552,1683,552,1683,552,1683,552,1683,552,1683,552,1683,552,1683,552,552,552,552,552,552,552,552,552,552,552,552,552,552,552,552,552,1683,552,1683,552,1683,552,1683,552,1683,552,1683,552,1683,552,1683,552,107999
stat/tasmota/600605/RESULT {"IRSend":"Done"}
tele/tasmota/179E4E/RESULT {"IrReceived":{"Protocol":"KELON","Bits":48,"Data":"0xFF00FF00F718","DataLSB":"0xFF00FF00EF18","Repeat":0,"IRHVAC":{"Vendor":"KELON","Model":-1,"Command":"Control","Mode":"Auto","Power":"On","Celsius":"On","Temp":33,"FanSpeed":"Auto","SwingV":"Auto","SwingH":"Off","Quiet":"Off","Turbo":"On","Econo":"Off","Light":"On","Filter":"Off","Clean":"Off","Beep":"On","Sleep":-1,"iFeel":"Off","SensorTemp":null},"RawData":"+9035-4460+590-520+615-500+610-495G-1630GiGhEfGfGiGiG-1635GfGiGiGiGiGfGhGfGhGfGhEfGhEi+585-1655GiGiGiGi+620iGiMhGfGfGhGfGfGfGfGiEiGiGiMiGiGiMiG","RawDataInfo":[99,99,0]}}
cmnd/tasmota/600605/IRsend 38000,8993,4497,552,1683,552,552,552,1683,552,1683,552,552,552,552,552,1683,552,552,552,552,552,1683,552,552,552,552,552,1683,552,1683,552,552,552,1683,552,552,552,1683,552,1683,552,1683,552,1683,552,552,552,1683,552,1683,552,1683,552,552,552,552,552,552,552,552,552,1683,552,552,552,552,552,552,552,552,552,552,552,552,552,552,552,552,552,552,552,552,552,1683,552,1683,552,1683,552,1683,552,1683,552,1683,552,1683,552,1683,552,107999
stat/tasmota/600605/RESULT {"IRSend":"Done"}
tele/tasmota/179E4E/RESULT {"IrReceived":{"Protocol":"MIDEA24","Bits":24,"Data":"0xB27B00","DataLSB":"0x4DDE00","Repeat":0,"RawData":"+9030-4465+610-1630+615-495Cd+585-1660C-500EfEdCfCiCdCiCiCdGhCiCdCiCdG-1655CdEdCiCdCd+590jCfEiCf+620fCdC-505CfEfCiCiCiEfCiCfCiCdCdEdCdCdEdCdCdE","RawDataInfo":[99,99,0]}}
cmnd/tasmota/600605/IRsend 38400,4508,4508,573,1694,573,573,573,573,573,573,573,573,573,573,573,573,573,573,573,573,573,1694,573,57tele/tasmota/179E4E/RESULT {"IrReceived":{"Protocol":"SAMSUNG","Bits":32,"Data":"0xE0E040BF","DataLSB":"0x70702FD","Repeat":0,"RawData":"+4540-4440+615-1620+590-1640+595f+620-495H-500CjCiHiGfE-1645EfHjHiHiCjCjE-530C-1615G-520G-525CjCjCjEnHmGnHdCmGfEkCmGfH-46695+4570-4420CmHmHmHjEoHiHiCjCdCmGfElCjCiHjHiCjCdCjGn+650-470GnGnElEfHiHmGfCmGfHmEkH","RawDataInfo":[135,135,0]}}
tele/tasmota/600605/RESULT {"IrReceived":{"Protocol":"SAMSUNG","Bits":32,"Data":"0xE0E040BF","DataLSB":"0x70702FD","Repeat":0,"RawData":"+4515-4465+595-1640+575-1660+570fC-520Ch+590-525CjG-545CdG-1665GlChCjIhChChCjIdIjChCjCjIjChCdCjIdCfG-1645G-1670+580-1675GdG-46750+4540-4445CdIdClGhG-550IjIjGtCdGnIdCjI-530IjItGjItKlCjCkGtGuIjItGmItGlKnIlGnGlGlG","RawDataInfo":[135,135,0]}}
tele/tasmota/179E4E/RESULT {"IrReceived":{"Protocol":"SAMSUNG","Bits":32,"Data":"0xE0E0807F","DataLSB":"0x70701FE","Repeat":0,"RawData":"+4565-4420+590-1640+595d+620-1615C-525C-530ChF-500+615jK-1620FgC-1645KjK-495FnE-520CiCdEoEoEhKj+645-470KjFnFnFgFlKgEdEdKlFgE-46725+4560bKgEdFgKjKjKjKnEoEdKlCdFnFnKjKjKjEdFjCiKjKnEoFnEhCoFgFgEdKlKgFgEdK","RawDataInfo":[135,135,0]}}
tele/tasmota/600605/RESULT {"IrReceived":{"Protocol":"SAMSUNG","Bits":32,"Data":"0xE0E0807F","DataLSB":"0x70701FE","Repeat":0,"RawData":"+4520-4465+595-1640+570-1660CdC-520CgE-550+590-525CjI-1665EdCdIjC-545EjIjIjIkElEjIhEhEh+565hEhEhM-1650+585-1670MpMpMpMpMpM-46730+4535-4470MpMpMp+540-575MhTuM-555MhMpT-1695MpTuMhMhMvMvMpMhMhMhMhMhMhMhMvMpMpMpMpMpMpMpL","RawDataInfo":[135,135,0]}}
tele/tasmota/600605/RESULT {"IrReceived":{"Protocol":"SAMSUNG","Bits":32,"Data":"0xE0E020DF","DataLSB":"0x70704FB","Repeat":0,"RawData":"+4540-4450+565-1670Cd+590-1645E-545+570-550Ig+595-525HiCdEdH-1665GhHiGiC-575Gm+540mH-530CdEiHoC-555+585iGhG-1690HdHiGrHfE-1650EfCrC-46750+4490-4495HdCfEdCiNmGmNiCmCfHrHlGmNmGmHiNmGmNmCdCiNmNmCiHiNrN-1695CoC-1675CrNwCdNrC","RawDataInfo":[135,135,0]}}
tele/tasmota/179E4E/RESULT {"IrReceived":{"Protocol":"SAMSUNG","Bits":32,"Data":"0xE0E020DF","DataLSB":"0x70704FB","Repeat":0,"RawData":"+4540-4475+540-1695+590-1650+555-1670+565gIgIg+560gIgIhIhJhIgIgIgE-520IjJgIgIhIgJgIgE-530IgIhIhIgIhJ-1675JhIhIhE-46695A-4470IhIhIhIgIgIgI-550IgE-1645C-1700JhIgIgIgJgElC-580IgIhIgIgIgIgIgJhIhIgJhIhIhIhIhE","RawDataInfo":[135,135,0]}}
tele/tasmota/600605/RESULT {"IrReceived":{"Protocol":"SAMSUNG","Bits":32,"Data":"0xE0E0A05F","DataLSB":"0x70705FA","Repeat":0,"RawData":"+4575-4445+595-1640+570-1665Cd+600-520ChChE-545ChEfCdCdE-550EiEiEj+590hCdC-525KdClEjKlEjKlKlCfEjE-1645KfEfEfE-1650+585-46730+4535-4470EmKnO-1670+565jEjTjTjEjTsEsTs+540-575IvTjTjTjTsIeTsEiTjT-530OjTjTjTsTjEfU-1695TsTsUxT","RawDataInfo":[135,135,0]}}
tele/tasmota/179E4E/RESULT {"IrReceived":{"Protocol":"SAMSUNG","Bits":32,"Data":"0xE0E0A05F","DataLSB":"0x70705FA","Repeat":0,"RawData":"+4570-4420+615-1615+595-1640+620-1620C-500GiCiG-495E-520+590-1645ChChGjL-530CiCiGiChL-525EfLnLnCiCiGjEoEfCiChCdEfChLmC-46700+4540-4445LmG-1610GdGiCiGiGiCiLfEfChCiLkEoGiCiCdEoGdGiCiEkGjLnLnChGjEfEfLmLfGdL","RawDataInfo":[135,135,0]}}
tele/tasmota/179E4E/RESULT {"IrReceived":{"Protocol":"SAMSUNG","Bits":32,"Data":"0xE0E0609F","DataLSB":"0x70706F9","Repeat":0,"RawData":"+4535-4450+595-1640+615-1620+590dC-520+620-495E-500EkG-530E-1615CdCdEkEkEkGhIkChIfEfEjIjIkIjGlG-1645EjIkCdGnGnEmCdE-46695+4540-4445ImEfGdIjChGlGlEkEmImEfGlGlEkGlG-525GrImGnIkEkEjIkIjCdGlEkGnGdCdGnEfG","RawDataInfo":[135,135,0]}}
tele/tasmota/600605/RESULT {"IrReceived":{"Protocol":"SAMSUNG","Bits":32,"Data":"0xE0E0609F","DataLSB":"0x70706F9","Repeat":0,"RawData":"+4540-4440+570-1665+595-1640CdE-520C-545E-525+590iChEfCdCdEiJgJ-530EgJiJiJfE-1645+565-550EiJiEgJiEfEgEiJlJfJfC-1670JfJ-46720A-4460ClJfJfEiJiJnHnJiJlJlJdCk+585nCiJiJiJ-540+580lJdCkJkJhCiJnCdCnNcMoCdCoCdCoM","RawDataInfo":[135,135,0]}}
tele/tasmota/179E4E/RESULT {"IrReceived":{"Protocol":"SAMSUNG","Bits":32,"Data":"0xE0E010EF","DataLSB":"0x70708F7","Repeat":0,"RawData":"+4540-4440+590-1645Cd+615-1615+620-500+595-520IjEhEhEfGfGfC-530CkCkE-495I-525IjIjEhE-1620CjIjImCmCdEfGfGlI-1640CdCoGfC-46730+4565-4420EfGfCdEhCjGlGlIjGfCoGfGhEhCkEhIjGlEhEhCo+625lCkEhCmGfGfEnElGfIoEnEfG","RawDataInfo":[135,135,0]}}
tele/tasmota/600605/RESULT {"IrReceived":{"Protocol":"SAMSUNG","Bits":32,"Data":"0xE0E010EF","DataLSB":"0x70708F7","Repeat":0,"RawData":"+4540-4440+595-1640CdCd+600-520+570-545C-525CfCfG-1665CdGjCfCfCfGhCfCh+575fCiGj+590fCiLiCiCdCdCdGhLdLdC-1645LmC-46720A-4445GjEdLdChGiLiG-550LiCdCjGmLiLpHg+560-535LiL-530LsLiLjGsLiLsLp+540-1670LuGjGpGjGjGu+565mL","RawDataInfo":[135,135,0]}}
tele/tasmota/179E4E/RESULT {"IrReceived":{"Protocol":"SAMSUNG","Bits":32,"Data":"0xE0E0906F","DataLSB":"0x70709F6","Repeat":0,"RawData":"+4565-4415+620-1615+595-1640+615-1620G-500+590-525EkE-520J-530GhJfCdGiJmGiG-495CiEfJmJmGhJmGnEkEkElGhJ-1645GnEfGhCdCdE-46720+4540-4440CdEfGh+640-475GnEkEkJkChJfGhGiCiGiJkElJoGiGnCdJmJmJkGnEkCdJoGiJfCdEfGhG","RawDataInfo":[135,135,0]}}
tele/tasmota/600605/RESULT {"IrReceived":{"Protocol":"SAMSUNG","Bits":32,"Data":"0xE0E0906F","DataLSB":"0x70709F6","Repeat":0,"RawData":"+4520-4465+595-1640CdCdC-520CeCeCeCe+570-1665CdCdCeCe+575-550Fi+565iCd+590-525KlKdC-545FlKiFiFiFgF-1670JiJnJnJnJnJ-46750+4510-4475+540-1695JnJnJiJiJiJiJiJnJnJnJiJiJiJ-555JiJnJiJiJnJtRhJiJtJiRsJ-1675+560iJnJnJnJnJ","RawDataInfo":[135,135,0]}}
tele/tasmota/600605/RESULT {"IrReceived":{"Protocol":"SAMSUNG","Bits":32,"Data":"0xE0E050AF","DataLSB":"0x7070AF5","Repeat":0,"RawData":"+4540-4445+570-1660+595-1640C-1665C-545E-525+590-520EiEiEfEfC-1670+600kEkEhC-530JkEiJfEiEfJhCiJiMiJfC-550E-1645JiJfCgEpJpJ-46725+4535bClJfJgCiJiJo+565iJoCpJlCpJoCnSoJiJiScClCoClCiS-575CoSoSlSoSlSoSlCpJgSlS","RawDataInfo":[135,135,0]}}
tele/tasmota/179E4E/RESULT {"IrReceived":{"Protocol":"SAMSUNG","Bits":32,"Data":"0xE0E050AF","DataLSB":"0x7070AF5","Repeat":0,"RawData":"+4565-4420+595-1640+590dCd+620-500E-525F-495+615gE-530EdF-1615E-1645EkJgChEkJgEkEdEkJ-1620JiFiEkFgFlFgJnE-520CdJnJlCdJ-46695AbEmFlJnEk+640-470FgEhFgJlFlEmJgEoFg+610gFgFiCdJgEdChEkJgJgJlFgEmEkEdEmEmEdE","RawDataInfo":[135,135,0]}}
tele/tasmota/600605/RESULT {"IrReceived":{"Protocol":"SAMSUNG","Bits":32,"Data":"0xE0E030CF","DataLSB":"0x7070CF3","Repeat":0,"RawData":"+4515-4470+570-1670+565-1665+595-1640C-550CiG-525+590jGjGhGhKhCcCjKjCiKjCiK-530KhCdKjKjKiCi+545dKf+540-575CjEdKdEdE-1645K-46740+4490bK-1675N-1690EdEiNoCiEiN-555KdMtCdNiEuKiNuEoNoEiNdKpKiEuElEoNtN-1695ImKiNtEdEdNtC-46750+4510bNvEdEdEiEiCiEiCiEdEdNvNoNoEl+560-580NoNoEl+585dNvEiNoEiEiNvEdEiElKdMvNtNvM","RawDataInfo":[203,203,0]}}
tele/tasmota/179E4E/RESULT {"IrReceived":{"Protocol":"SAMSUNG","Bits":32,"Data":"0xE0E030CF","DataLSB":"0x7070CF3","Repeat":0,"RawData":"+4565-4420+590-1645C-1670+565eF-555C-500+620-525CjF-550FdCdCd+585-530CmCm+645-495FkFgCmFe+570eFgCmCmCjP-1665Fd+615jFgCdFeFdC-1675+560-46715+4535-4475FdR-1640FeFgFgFgTgFgCdFeTeCjFgFgFgTgCmFgCdTeFgFgFgTtTeFeTtTtTeFeTeFeF-46725+4540wCdFeTsTgFgFgFgFgFeCdFeFgTgCmFgFg+540-580TtTeFeFgGgFtLjCdFeTgFgCdCxFeFeF","RawDataInfo":[203,203,0]}}
tele/tasmota/179E4E/RESULT {"IrReceived":{"Protocol":"SAMSUNG","Bits":32,"Data":"0xE0E0B04F","DataLSB":"0x7070DF2","Repeat":0,"RawData":"+4565-4420+615-1620+590-1640E-1645+620-520+565-555JkJ-525ElE-1650+585-1670JgEiC-500E-530EqEiEgCpEgEfEqCpCpEi+595iCdEqEqC-1615EgEgEfE-46730+4570-4415CdEgCsHpH-495EqEqEqCdEfRfHpEqElRlRlEgHpEfHsHwEqCpEqCwRfRiEqCdCsHsHsEtUvHsRfEgHpCpRiHwCpCdEfRfRiCpElHpCpCsEqEgHsRiRiEqCp+640-475EfRiCpCdHsRfEgH","RawDataInfo":[203,203,0]}}
tele/tasmota/600605/RESULT {"IrReceived":{"Protocol":"SAMSUNG","Bits":32,"Data":"0xE0E0B04F","DataLSB":"0x7070DF2","Repeat":0,"RawData":"+4540-4440+570-1665+595-1640CdC-550C-545+590-525IjIjEf+565dE-1645IjIgC-520CgIjC-1690CjK-1670KoIjCgIjIhCg+540nChCjKoIdHoIlK-46775+4490rClIdClIjIgCjI-530IgK-1650IlIlIgHgIgCgKgKoCsKnCoCgCgKgP-575KgKoKgKgKoHnP-1695KoK-46755+4510-4470KoCoPvK-555KgKgKgPuKoKoKoPuKgPuKgKgPvKgKoKoKgKgPuKgKgKoKgKgPvKoKoKoK","RawDataInfo":[203,203,0]}}
tele/tasmota/600605/RESULT {"IrReceived":{"Protocol":"SAMSUNG","Bits":32,"Data":"0xE0E0708F","DataLSB":"0x7070EF1","Repeat":0,"RawData":"+4540-4440+570-1665+595-1640Ef+600-520+575-540GhGhC-545GfEfC-1660Eh+620-500EhE-525EhEhEfEfCdEhEhEhEhE-1645EhEoEhEfEf+590fEfE-46720A-4445+565dQpQfQ-550CoQoQoCuQfQpQdCoQuCuCoQoQoQdCpQfQ-530QuCuCuT-1670CuToTuQdCpQdCwC","RawDataInfo":[135,135,0]}}
tele/tasmota/179E4E/RESULT {"IrReceived":{"Protocol":"SAMSUNG","Bits":32,"Data":"0xE0E0708F","DataLSB":"0x7070EF1","Repeat":0,"RawData":"+4540-4445+615-1615+595-1640C-1620C-495+620hIhIhC-500CdIdCdIhE-520+590-530CjCjIjIdIdIdCjIjL-525IhL-1645CjEnIhIdCdIdIdI-46695+4565-4420IdLoCdIjIjIhIjCjIdLoLoCjEkIhLmLmCjCdIdLoCjChIjEkEfCjCjIjEfLfIdIdI","RawDataInfo":[135,135,0]}}
tele/tasmota/600605/RESULT {"IrReceived":{"Protocol":"SAMSUNG","Bits":32,"Data":"0xE0E0C43B","DataLSB":"0x70723DC","Repeat":0,"RawData":"+4555-4440+600-1635C-1640+595eF-520Cg+570-545FgCgH-1665FeFeCgHiFgFgFgFeFeCg+590-525FgFeFgFlFgFlFeK-1645KeFlFmKeF-46720+4540-4445FeFeKmKgFlHiFgFlKeFeFeKlFlKgFlKlFeKeKlKlKlK-1670HlKlK-530K-550HjHjHmKlKjHmK","RawDataInfo":[135,135,0]}}
tele/tasmota/179E4E/RESULT {"IrReceived":{"Protocol":"SAMSUNG","Bits":32,"Data":"0xE0E0C43B","DataLSB":"0x70723DC","Repeat":0,"RawData":"+4570-4415+620-1615+590-1640+595fC-495Ch+615-500IhChCdGfCdChChG-525IjE-530IdGfIjEkEkCd+650-470IjIjIhGfE-1645EfChGfEoC-46695AbCdCdEfGkChChChChEoIdCdChG-520IjIhGqGfCdIjChCjCdIjIhChChCdGfEfChCdIdG","RawDataInfo":[135,135,0]}}
tele/tasmota/600605/RESULT {"IrReceived":{"Protocol":"SAMSUNG","Bits":32,"Data":"0xE0E08877","DataLSB":"0x70711EE","Repeat":0,"RawData":"+4540-4440+595-1640Cd+600-1635E-520EgEgC-525CgCdCd+590-1645CgCgCgCgCgCd+570-545CgCgEdChIlKgChIjIdCdK-550CdCdIdC","RawDataInfo":[67,67,0]}}
tele/tasmota/179E4E/RESULT {"IrReceived":{"Protocol":"SAMSUNG","Bits":32,"Data":"0xE0E08877","DataLSB":"0x70711EE","Repeat":0,"RawData":"+4540-4440+620-1615CdCdC-495+590-530Fg+615eCe+595-1640H-1620FjCeCeI-520C-500F-525CdInCeInCdFgFgFlCeCdIjHkHeCdCdF-1645C","RawDataInfo":[67,67,0]}}
tele/tasmota/179E4E/RESULT {"IrReceived":{"Protocol":"SAMSUNG","Bits":32,"Data":"0xE0E0C837","DataLSB":"0x70713EC","Repeat":0,"RawData":"+4540-4440+595-1640+590d+620-1615F-495C-520+615-500JhFhCdJ-1620JgFhC-525FhCiE-530Jl+640-1590FhFhCdEnJhFhCmFhFgJlJhFgCdFgF-46700A-4445FgCdE-1645EnEiFhFhJkJgFgFgEmFkFhFkCiJlJgCiCiEsJkEiFhFhCiJlJgFhCdEsFgF","RawDataInfo":[135,135,0]}}
tele/tasmota/600605/RESULT {"IrReceived":{"Protocol":"SAMSUNG","Bits":32,"Data":"0xE0E0C837","DataLSB":"0x70713EC","Repeat":0,"RawData":"+4545-4440+595-1640C-1645+590d+570-545GhGh+600-520CjFdCdCdGhC-525CjCkCjCdG-1665CjGhCdFkCkCjGhCjCdGlCjCdFdGlF-46725+4515-4465Cd+575-1660CdCjCjCkF-530FkGlClGeFkCkF-550PkFkFdFdCkFsGlGsGkFkFsGkF-1670+565lGkFtGlG-1650F","RawDataInfo":[135,135,0]}}
tele/tasmota/179E4E/RESULT {"IrReceived":{"Protocol":"SAMSUNG","Bits":32,"Data":"0xE0E0E01F","DataLSB":"0x70707F8","Repeat":0,"RawData":"+4540-4450+615-1615+595-1640+590-1645C-500C-495E-520+620jCiGhCdEfG-530CiLjE-525LjGhC-1620LdLjEnCiGnLiGnLjGmCoEfLdGhGhG-46725+4560-4420CoCdEfEkCiCiCiCiCdEfCoLi+640-470LjLiEnLdCoLdEkLjCiCiCiGkLjLjEfLoCdLdEfC","RawDataInfo":[135,135,0]}}
tele/tasmota/600605/RESULT {"IrReceived":{"Protocol":"SAMSUNG","Bits":32,"Data":"0xE0E0E01F","DataLSB":"0x70707F8","Repeat":0,"RawData":"+4545-4440+595-1640Cd+570-1665E-545C-520ChC-525E-550Ef+590dCdKiKiKiKiKiK-1645KlKlKiKjEjEiKjEj+565jEjM-1670MnMnMnMnM-46750+4515-4470MnMnMnEjMjMjMjMjMnMnMnMjMjMjM-555MjMnMnMnMjMjMrMjMjMjMjMjMnMnMnMnMnM","RawDataInfo":[135,135,0]}}
tele/tasmota/600605/RESULT {"IrReceived":{"Protocol":"SAMSUNG","Bits":32,"Data":"0xE0E0F00F","DataLSB":"0x7070FF0","Repeat":0,"RawData":"+4515-4465+575-1660+595-1640EfE-520+600g+570-545HgEgEfEfEfEgEgEgEgE-525EfEfEfEfEgEgEkEgEkEgHg+590kLfEfEfEfE-46720A-4470I-1665EfIoEgEkLj+550-540EkI-1690I-1645LsLpI-530LkLkLkLfLsLsLsLpIkIpLpIjJiIpIjI-1670IoIsLuI","RawDataInfo":[135,135,0]}}
tele/tasmota/179E4E/RESULT {"IrReceived":{"Protocol":"SAMSUNG","Bits":32,"Data":"0xE0E0F00F","DataLSB":"0x7070FF0","Repeat":0,"RawData":"+4570-4415+620-1615+595-1640+590fC-495E-520E-525+615-500ChCdCdG-1645KlKhClEiChEfKdCdEfEiKlKhChClEiChG-530KdCdEfK-1620G-46720+4565-4420KdCdEfKlChClEiEiCdGmCdClChGjClGnKd+625-1610GmGmGnKlEiChEjGjGnGiEfCdEfKoK","RawDataInfo":[135,135,0]}}
tele/tasmota/600605/RESULT {"IrReceived":{"Protocol":"SAMSUNG","Bits":32,"Data":"0xE0E048B7","DataLSB":"0x70712ED","Repeat":0,"RawData":"+4545-4440+595-1640+600dCdC-520C-525+570-545H-550CfCdCdEdCf+590gCgCgKgKgK-1645CgKgK-1665HgKgK-530KlKiHlKmHjH-1670Ho+565oP-46750+4510-4450KoPoHmPjPjPjPj+540-575PoPoPoPjP-555PvPvPvPvPoPjPjPoPjPjPjPoPjT-1690PoPjPoPoPoP","RawDataInfo":[135,135,0]}}
tele/tasmota/179E4E/RESULT {"IrReceived":{"Protocol":"SAMSUNG","Bits":32,"Data":"0xE0E048B7","DataLSB":"0x70712ED","Repeat":0,"RawData":"+4570-4420+615-1615+620dEdE-500EfE-495EgEgC-1620+590-1640Ed+595-520K-525Kl+650-470I-530CgEdEgCfI-1645CgKlEfEdKmKjCdEgKjEdCdE-46700+4540-4440EdKjChCfCgEgKmEfEdChCd+600lKlKmKlKlCfEdEfEfIqCfCfEgEdIpChIjEfKjIqIjE","RawDataInfo":[135,135,0]}}
tele/tasmota/600605/RESULT {"IrReceived":{"Protocol":"SAMSUNG","Bits":32,"Data":"0xE0E0D02F","DataLSB":"0x7070BF4","Repeat":0,"RawData":"+4540-4440+570-1660+575d+600-1640+595-520HiE-540HiHiFgFgFgHiFi+580-535HiC-545HgHgHiC-1665FiHiHiHiHiHiHgHiHgHgHgHgH-46720A-4445+590nCgQ-1645Q-525QsQsQ-550CsQnCrQgQtCtCmC-530QtCnCrQtCrQuQuQtCtCtCuQnCsQrQnCnCrQ","RawDataInfo":[135,135,0]}}
tele/tasmota/179E4E/RESULT {"IrReceived":{"Protocol":"SAMSUNG","Bits":32,"Data":"0xE0E0D02F","DataLSB":"0x7070BF4","Repeat":0,"RawData":"+4540-4440+620-1620+615-1615Cf+595-520C-495+590-530E-500ElG-1640CfCfG-525JnElEiGh+650-1590GmElEfCiCiClJkEiCiCfGhEdEfGmEdE-46695AbJ-1645EfCfGhCiJkEiCiGmGmCfCiCiGnGnGhCfCfGhCfCiClO-470CiGnGhCdEiCfGmGmEfC","RawDataInfo":[135,135,0]}}
tele/tasmota/600605/RESULT {"IrReceived":{"Protocol":"SAMSUNG","Bits":32,"Data":"0xE0E0D629","DataLSB":"0x7076B94","Repeat":0,"RawData":"+4520-4465+600-1640+595dEd+620-495E-520EhE-525+590iC-1635Ed+570-1665ChEhEiJhL-550JdEdEh+585-1650EhEdEdJiEiLnEdEhJdEiJiEdE-46720+4540-4445JdJpJdJhEiJiJiJiEd+565mEdJhLnJhEiJiJdJdEhL-1690L-530JdEdJvOvJnT-1645JnLmLnLnLmL","RawDataInfo":[135,135,0]}}
tele/tasmota/179E4E/RESULT {"IrReceived":{"Protocol":"SAMSUNG","Bits":32,"Data":"0xE0E0D629","DataLSB":"0x7076B94","Repeat":0,"RawData":"+4535-4450+590-1640+620-1615E-1620C-520E-495Ei+595hC-530+615gLfJdJhL-500ChJhJhEfLf+650-470JdJ-525C-1645LfJpJpCkLfEmEfJhEmLfE-46695AbCdEfLgLiJpEmJhLmCdEfJdEmCpEiEiCkLfEfEiLgLiEfEfLmLiJpEfLmLgLiEiJdC","RawDataInfo":[135,135,0]}}
tele/tasmota/600605/RESULT {"IrReceived":{"Protocol":"SAMSUNG","Bits":32,"Data":"0xE0E008F7","DataLSB":"0x70710EF","Repeat":0,"RawData":"+4540-4445+595-1640CdCdC-520CeC-525+570-550+590-545GdIdC-1645IeIfIfIjGfIfIhG-530+585hG-1665GlIh+565hO-1670OpGpOpOhOpOpOpO-46730+4535-4475OpOpOpOhOhOhOhOhOpOpOpOhGhOhOhJ-575OhOhOhOhOpOhOhOhOpOpOpOpOhOpOpOpO","RawDataInfo":[135,135,0]}}
tele/tasmota/179E4E/RESULT {"IrReceived":{"Protocol":"SAMSUNG","Bits":32,"Data":"0xE0E008F7","DataLSB":"0x70710EF","Repeat":0,"RawData":"+4570-4415+595-1640+590-1645+620-1615C-520E-530Ej+615-500KlKhEfKhG-495GlKlGlKlKmGmKlC-525K-1620KmGmKlEf+645-1590GhGhEjKhGhEfK-46700+4565-4420KhCdGhKlGlKlKmCiGhEfEdCnEjKlKlKmGmCiGmKlKhGlP-470CnKoEdGhCdGlEfEdGhK","RawDataInfo":[135,135,0]}}
tele/tasmota/600605/RESULT {"IrReceived":{"Protocol":"SAMSUNG","Bits":32,"Data":"0xE0E031CE","DataLSB":"0x7078C73","Repeat":0,"RawData":"+4515-4465+595-1640+600-1635CdC-520Cg+570-545CgCgCdEfH-1665+590-525HiClCgCgCgHiHjCdEgK-530Kl+565jCdK-1645K-550HlKjHoH-1670+585mK-46745A-4470HoKoKqHlKmKi+575lKmKqHoKoKpHpHpHpNpNpNpNqHqNpNpHpNqNqNqNpNpN-1650RqHjNpN","RawDataInfo":[135,135,0]}}
tele/tasmota/179E4E/RESULT {"IrReceived":{"Protocol":"SAMSUNG","Bits":32,"Data":"0xE0E031CE","DataLSB":"0x7078C73","Repeat":0,"RawData":"+4540-4440+620-1615+595-1640+615-1620+590-520C-500C-495I-530ImGdCdI-1645GkGkGkEjEjGkGkGhGdEjE-525EjInInGdGkGkChIfCdEoI-46720+4570-4415CdEfGhGkIoClClClEfInIfEjEjImGkGlEjEoEfGhImGlClCd+650-1590CdEjCkCdEfEfCkI","RawDataInfo":[135,135,0]}}
tele/tasmota/600605/RESULT {"IrReceived":{"Protocol":"SAMSUNG","Bits":32,"Data":"0xE0E058A7","DataLSB":"0x7071AE5","Repeat":0,"RawData":"+4540-4440+595-1640CdCdC-525+580-540C-520ChChC-1645+590iJdChChCeJeJeJeJdJeJiJ-1665+570-530JeJ-550LkLnLkLnLn+565-1670LpOpO-46750+4510-4470OpLkLpOnOnOnOnOnOpOpOpOnOnOnOnOnOnOpLnOpOpOnOnO-555OpOnOpOtOtOpOpOpO","RawDataInfo":[135,135,0]}}
tele/tasmota/179E4E/RESULT {"IrReceived":{"Protocol":"SAMSUNG","Bits":32,"Data":"0xE0E058A7","DataLSB":"0x7071AE5","Repeat":0,"RawData":"+4565-4415+615-1620+620-1615EfE-495C-500ChEh+595-520I-1640CfIk+590-530ChCgEgEgEhL-1645EgEfCdEgEhEhIkChEfEgChCfEfEfC-46695+4570bEfCdCfEhI-525EgChEgEfIkCfEgIqIqCgIqEhIkChCfEfIjChChCfEgEfEgEhCfEf+650-1590C","RawDataInfo":[135,135,0]}}
tele/tasmota/600605/RESULT {"IrReceived":{"Protocol":"SAMSUNG","Bits":32,"Data":"0xE0E0C03F","DataLSB":"0x70703FC","Repeat":0,"RawData":"+4520-4465+595-1640+625-1615+570-1665C-520+600iJiCiCiGhCdCdCiCiCiG-545CiCdCdCiC-525CiJiCiCiGkCiJdCdCdCdCdCdC-46720+4515-4470CdGhCd+590lCiCiClPlPdC-1645PdClPlClP-530PlPdCdPrPlP-550GlPk+560-555GlPsGhGqC-1660GhGhGqC","RawDataInfo":[135,135,0]}}
tele/tasmota/179E4E/RESULT {"IrReceived":{"Protocol":"SAMSUNG","Bits":32,"Data":"0xE0E0C03F","DataLSB":"0x70703FC","Repeat":0,"RawData":"+4570-4420+615-1615+620dC-1620E-495+650-470E-500Ej+590-530CdEd+595-1640KlCjCgEgEgEdK-1645CjCgM-520EgM-525EjCjCjCdEdCfCdMnEfC-46700A-4415EdMnEdMpEgMqCjCjCdMnEfCgMpMpMqMpKoCdMqMqEjKqEgEj+645iEgEdKoCdMnMnKoC","RawDataInfo":[135,135,0]}}
tele/tasmota/179E4E/RESULT {"IrReceived":{"Protocol":"SAMSUNG","Bits":32,"Data":"0xE0E0D22D","DataLSB":"0x7074BB4","Repeat":0,"RawData":"+4570-4415+590-1645+615-1615+600-1640+620-500+595-525EjE-495IjIfI-1620EfImIjK-520ClEmIfIfIjIfKoImKhCoImImIfEjEfIfIjIfE-46700+4565bIfEfIfKlImEjEm+650-470KhChIfImIjEjEjKlKhEfImIfEmImKhEjClImIfEjEfIfEjIfI","RawDataInfo":[135,135,0]}}
tele/tasmota/600605/RESULT {"IrReceived":{"Protocol":"SAMSUNG","Bits":32,"Data":"0xE0E0D22D","DataLSB":"0x7074BB4","Repeat":0,"RawData":"+4540-4445+570-1665+595-1640EfE-520Eg+600-525+590g+580-540EfJ-1645JfEiJiEiJiEgEfJfEiJfJ-550CiJmJiJ-530JnC-1670CnCdCd+565nQpQ-46750+4510-4470QpQpQpQnQnQnQ-555L-575QpQpQpQnQnQuQnQuQpL-1695QnQpQnQnQpQuQnQnQpQnQpQpQnQpQ","RawDataInfo":[135,135,0]}}
tele/tasmota/179E4E/RESULT {"IrReceived":{"Protocol":"SAMSUNG","Bits":32,"Data":"0xE0E006F9","DataLSB":"0x707609F","Repeat":0,"RawData":"+4570-4415+620-1615+595-1640+615dC-495+650-470C-500GkGkCdCdG-1620GhChCkChChE-525GhCkChChEfGdChEfEfCdEfEfChChCdG-46695+4595-4390GdEfC-1610ChCkCkE-520+590-530SfClCdGhChChErCkGhChCkErChEfSfCkCdEfCdCdEfGkGhI-1590C","RawDataInfo":[135,135,0]}}
tele/tasmota/600605/RESULT {"IrReceived":{"Protocol":"SAMSUNG","Bits":32,"Data":"0xE0E006F9","DataLSB":"0x707609F","Repeat":0,"RawData":"+4545-4440+600-1640Cd+595dE-520+570-545EfEfEfG-1665EdC-1635EfEfEfEfEfG-550+590-525LmEmEmLdLiGmL-1645LnLnLnLiGmLk+565-1670G-46750+4510-4470OpOpOpGkOkOkOkOkOpOpOpOkOkOkOkOkO-555OkOkOtOkOpOpOkOpOpOpOpOpOtOkOpO","RawDataInfo":[135,135,0]}}
tele/tasmota/600605/RESULT {"IrReceived":{"Protocol":"UNKNOWN","Bits":69,"Hash":"0x3AC82D29","Repeat":0,"RawData":"+160-45375+4540-4440+600-1635Ef+595-1640+570-545G-520GkGkEkGhEfGhGkGkGkGkIjGhEhGhGhGhGkGkGkGkG-525GkGkGkGhGhI-1665G-46720+4535dGhGhGhGkGkGkI-550Gl+590hGhGhGlQlQlQlGkGhQhGhQhQhGlQlQpI-530QpIlQlQjI-1645QsQmI","RawDataInfo":[137,137,0]}}
tele/tasmota/179E4E/RESULT {"IrReceived":{"Protocol":"SAMSUNG","Bits":32,"Data":"0xE0E0F807","DataLSB":"0x7071FE0","Repeat":0,"RawData":"+4570-4415+620-1615+615dCdC-495+595-520C-500+590-525CfCdEdCdCfCfJ-530EiCfCdCdC-1620EdCdCfEiEiEiCfCfEiEiCdCdEdC-46685+4540-4440CdJ-1640+650-1590GkJhCfCfCiGqRsRsJlEfCfGkCfCdCdCdC-1610CdCiGhCfEiCfCfGkGkJqGqCdC","RawDataInfo":[135,135,0]}}
tele/tasmota/600605/RESULT {"IrReceived":{"Protocol":"SAMSUNG","Bits":32,"Data":"0xE0E0A659","DataLSB":"0x707659A","Repeat":0,"RawData":"+4515-4465+600-1640C-1635CdC-520CfCfCf+570-545+595dIdIdIfIf+575-540IfI-525G-1665IlId+590fIlNdNdIlNlN-1645N-530NdNoNlNhGm+565-46725+4535-4450N-1670GmGoN-550GvGpNvQp+585-1650NuGuQvQvQvQvQvQuGvQuQvQvQuQuQvQvQuQvQuQuQvQvQ-1675Q","RawDataInfo":[135,135,0]}}
tele/tasmota/179E4E/RESULT {"IrReceived":{"Protocol":"SAMSUNG","Bits":32,"Data":"0xE0E0A659","DataLSB":"0x707659A","Repeat":0,"RawData":"+4540-4440+650-1590+620-1615EfE-495Eg+590-530+615-500EkE-1620H-1640EfJkJkH-520EgEgEfEk+595mJkEkEfElH-525OpEfJgEfOmHiEgEfO-46715A-4445OmEfEfEgOnJkJgEgOmJfOmHiEgEkEkJkEfEgOmJgEgOmJlJkEgEfJkJfOmOnHiJfE","RawDataInfo":[135,135,0]}}
tele/tasmota/179E4E/RESULT {"IrReceived":{"Protocol":"SAMSUNG","Bits":32,"Data":"0xE0E016E9","DataLSB":"0x7076897","Repeat":0,"RawData":"+4565-4420+620-1615Cd+615d+650-470C-500C-495CiChCd+595-1640JkCiEhCiCiCiCiEh+645gCdEiC-1620+590kN-520JkCdCdCiCdEhCiCdC-46685+4570-4415JkC-1610CdCiCiEhCiCiCdNkJkCiN-530EiCiCiCiJoNtEdChCdEdCiCdEdCdJ-525EdCiCiNkC","RawDataInfo":[135,135,0]}}
tele/tasmota/600605/RESULT {"IrReceived":{"Protocol":"SAMSUNG","Bits":32,"Data":"0xE0E016E9","DataLSB":"0x7076897","Repeat":0,"RawData":"+4520-4465+595-1640+600-1635EdE-520+570-545EgCgCgCdCdCdC-525CgCjCgCjCgCgCj+590dCjKdK-1665HjK-1645Kl+575dKjKmK-550HoHl+565-46740+4510-4470H-1670HtPtHoPoPoHoPoPtHtPtPoPoPoPoPoPoHoPoI-1690PoPtPtPoPtPtPtPoPtP-555PoPtP","RawDataInfo":[135,135,0]}}
tele/tasmota/179E4E/RESULT {"IrReceived":{"Protocol":"SAMSUNG","Bits":32,"Data":"0xE0E046B9","DataLSB":"0x707629D","Repeat":0,"RawData":"+4565-4415+620-1615CdCdC-495+600-520+595gCeC-500+615dCdCdCiCeJiJeCeCeCdHgJiJeCdH-1640CiHkJiJd+625-1610HkCi+590-530J-1620C-46700AbCdJdCdCeCeCeCeH-525CdJdCdCeCiJiCeNgCiCdHgCeHrJdCdHgCdCiJdCdCdHgJiJdC","RawDataInfo":[135,135,0]}}
tele/tasmota/600605/RESULT {"IrReceived":{"Protocol":"SAMSUNG","Bits":32,"Data":"0xE0E046B9","DataLSB":"0x707629D","Repeat":0,"RawData":"+4570-4415+595-1640Cd+600-1635+570-550+590-520CjEjCjCdCdCdCjCjCjCjC-525CjCdCjCkCkCdCdCkI-1645IkI-1665GlIlI-530+565gG-1670O-46750+4515-4470GpGmG-1650+585-555OhOhOhOhOpOpOpOhOhOv+560hOhOhOpOhOhOhOpOpOhOpOvOpOpOpOhOhOpO","RawDataInfo":[135,135,0]}}
tele/tasmota/600605/RESULT {"IrReceived":{"Protocol":"SAMSUNG","Bits":32,"Data":"0xE0E01AE5","DataLSB":"0x70758A7","Repeat":0,"RawData":"+4545-4440+595-1640Cd+600dC-520+620-495EfCfEfCdCdE-1635+575-545EfJ-540Cf+570kCfMkCfCdEiC-525CdCfEiCdCdCfCfCdCn+590dC-46725+4540-4445OdO-1665M-1645OnOnOnO-550M-530O-1650OtOsMnOvOuMuMnOvOuMuMsMsMuMsMuM-1670MtOxMuMuMx+565uMxM","RawDataInfo":[135,135,0]}}
tele/tasmota/179E4E/RESULT {"IrReceived":{"Protocol":"SAMSUNG","Bits":32,"Data":"0xE0E01AE5","DataLSB":"0x70758A7","Repeat":0,"RawData":"+4570-4420+615-1615+620dEdE-495C-500EfEf+650-470+595-1640EdC-1620CfHiEgJ-520JmEfCgCfJkJkCgJkCfEdEdJkEfCgCdEgEdJ-46725+4540-4440JkE-1610JkEfHi+625fEfJ-525JkCdEdEgEfEgCgCfEfEfEf+590-1645TkJmEdEfEdTkEdJmEfEdCgCdE","RawDataInfo":[135,135,0]}}
tele/tasmota/600605/RESULT {"IrReceived":{"Protocol":"SAMSUNG","Bits":32,"Data":"0xE0E08679","DataLSB":"0x707619E","Repeat":0,"RawData":"+4520-4460+600-1640+595dCdC-520EfEfEfEfEdEdEdCfCfEfEfCfCdEfEf+570-545EfEdEdEfEfEdG-1665EdEdEfEfEdE-46720+4515-4465EdEd+590dEfEfE-525EfG-550MdEdEdEnEh+575fEfEfEdEfEnMnMfM-1645MdEnMnMqMdEdMdMoGhGiG","RawDataInfo":[135,135,0]}}
tele/tasmota/179E4E/RESULT {"IrReceived":{"Protocol":"SAMSUNG","Bits":32,"Data":"0xE0E08679","DataLSB":"0x707619E","Repeat":0,"RawData":"+4570-4415+620-1615+595-1640CdC-495CgE-525+615-500+590hCdCdEfCgCjEhCgIjKfCgCgCjCgEfCdCgCgCdIdCdCdCgIgCdC-46695+4540-4445EfCdIdEhCjCgK-530IjC-1620CdIdCjCgCgCgCgCdIjCg+650-470CgCdKfCgCgCdIdCdCdCgCgCdI","RawDataInfo":[135,135,0]}}
tele/tasmota/179E4E/RESULT {"IrReceived":{"Protocol":"SAMSUNG","Bits":32,"Data":"0xE0E0B44B","DataLSB":"0x7072DD2","Repeat":0,"RawData":"+4570-4415+620-1615Cd+595-1640C-495E-525C-500CgE-520+615dCdCdEjKiKgCgCiCdEjKdCdCgEfCiCgCgEfKiC-490CdCgCdKdE-46720AbCdK-1620KdCgCiCgCgCgCnEf+590fCiCgCgKiKgCdCiEfCdEj+625-1610KiKiKiCdCgKiCdCgCdKdE","RawDataInfo":[135,135,0]}}
tele/tasmota/600605/RESULT {"IrReceived":{"Protocol":"SAMSUNG","Bits":32,"Data":"0xE0E0B44B","DataLSB":"0x7072DD2","Repeat":0,"RawData":"+4540-4440+600-1640CdC-1635+570-545+595-520CiHiFgCdCdHdHiCiHiFgHiHdHiHdHdHiHdHiHiH-525HdHjHiHdHiHd+590dC-46715AbHdHdF-1665HiHjHgFjKiHdHdHdHiHiKjKjHjKdKjKdK-1645HjKdK-530KjKjKmFoKjKmFoKmFmF","RawDataInfo":[135,135,0]}}
tele/tasmota/179E4E/RESULT {"IrReceived":{"Protocol":"SAMSUNG","Bits":32,"Data":"0xE0E036C9","DataLSB":"0x7076C93","Repeat":0,"RawData":"+4540-4440+620-1615+615dCdC-495E-500EgCfCg+595-1640+590i+645-1590CfC-505EgCgH-525EgCgCdCdCfJiCdJ-530EdCdCfH-520JiCfCgHiK-46670+4565-4420CdE-1620EdHpCfCfCfCfCdHiEdCfCfCgJoCfCfCfJiCdCgJiEdCgCdJiCfHnJ-1645EfCfHi+650","RawDataInfo":[135,135,0]}}
tele/tasmota/600605/RESULT {"IrReceived":{"Protocol":"SAMSUNG","Bits":32,"Data":"0xE0E036C9","DataLSB":"0x7076C93","Repeat":0,"RawData":"+4545-4440+600-1635CdC-1640+575-545+595-525H-520Cj+620-495HeHeHeHiHj+570gHiHjCjM-550HeHeHiHeHeMn+590-1665MeHgMiOeOiO-530OpM-46745+4515-4450O-1650O-1645OvOnMqOiOnMqO-1670MpMwMiOqOn+565nXnXnGf+540-1690XwXnXwXwXnMpXwXnXnMwXnXnXwX","RawDataInfo":[135,135,0]}}
tele/tasmota/179E4E/RESULT {"IrReceived":{"Protocol":"SAMSUNG","Bits":32,"Data":"0xE0E028D7","DataLSB":"0x70714EB","Repeat":0,"RawData":"+4565-4420+620-1615Cd+615dC-500C-495CgEgCg+595-1640Cd+590-1645CgH-520EfJlCgCgCgE-1620EfCdHlHl+640-470CdCdEfCdHlHiCdCdC-46690+4570-4415CdH-1635CdCgEfEfCgCfCdCdCdCgCgCgH-525EfEfEgCdCgCdCg+650oEfEdHiCgCdHlCdEdCdC","RawDataInfo":[135,135,0]}}
tele/tasmota/600605/RESULT {"IrReceived":{"Protocol":"SAMSUNG","Bits":32,"Data":"0xE0E028D7","DataLSB":"0x70714EB","Repeat":0,"RawData":"+4540-4440+595-1640Cd+600dC-520+570-545CfCf+620-500G-1665CdEdCfCfCfCfCfCfGhCdCfCdC-525CfEfCdCdCfCdE-515EdCdGkC-46720AbCdCdCdCfCfEfCfCl+590dCdCdOlClClOlClOlOlC-1645OlOdCfClOlOkGdOlOpChGdOpOdO","RawDataInfo":[135,135,0]}}
tele/tasmota/179E4E/RESULT {"IrReceived":{"Protocol":"SAMSUNG","Bits":32,"Data":"0xE0E0A857","DataLSB":"0x70715EA","Repeat":0,"RawData":"+4570-4415+620-1620C-1615Ce+615-495Cg+650-470Cg+595-525FeCeCeF-500+590-520HiCgCgCeFgCeClCeClFlClCgJ-1640CgFeCgCeCeFeC-46695+4540-4445JoCeJoFgCgCgCgFlFeCeC-1610CgCgCgM-530FlCeJnCeCgCeC-490ClCgHiCeMnCeJkCeJoCeC","RawDataInfo":[135,135,0]}}
tele/tasmota/600605/RESULT {"IrReceived":{"Protocol":"SAMSUNG","Bits":32,"Data":"0xE0E0A857","DataLSB":"0x70715EA","Repeat":0,"RawData":"+4545-4435+575-1660+595-1640+600-1635E-520G-515GiEiC-545EfEf+570dGiEiEiLkGiGfGiEfEiEfEiEiEiL-550EfEiGfGiEfEfEfE-46720+4540-4445EfEfEfLkEiE-525Ei+590qEfEfEfRqRqRqEiRqE-1645RqRsRkLsRiEqRkLkL-1665L-530RtLuRsRtL-1670+565","RawDataInfo":[135,135,0]}}
tele/tasmota/179E4E/RESULT {"IrReceived":{"Protocol":"SAMSUNG","Bits":32,"Data":"0xE0E06897","DataLSB":"0x70716E9","Repeat":0,"RawData":"+4540-4440+590-1645Cd+615-1615+620-500+595-520+650-470EhC-530EfGfGfEhCmCjI-525G-495GoI-1640EfInIpCmEhCnCpGoCmCdCmEfGfE-1620E-46700+4565-4420GfIpIpCmEhEhEhGhIpCdCpGhInCmCmCmCmEfCdEhEfInInCmEqCmEoGfIjGfCpGfK","RawDataInfo":[135,135,0]}}
tele/tasmota/600605/RESULT {"IrReceived":{"Protocol":"SAMSUNG","Bits":32,"Data":"0xE0E06897","DataLSB":"0x70716E9","Repeat":0,"RawData":"+4540-4440+595-1640Cd+600d+590-525+570-545HiC-520CjCdCdH-1665CjH-550FjHiCjCjCdFdCjCdCjCgCjC-1645FgFgHkFgFdCdFm+580-46740A-4445CdH-1670FdCgFgFgCgFgFmFmFmFgFgFgFgFgFlHmFdFlHmFiHgFgFmFgF-530FqHlHkHqHqH","RawDataInfo":[135,135,0]}}
tele/tasmota/179E4E/RESULT {"IrReceived":{"Protocol":"SAMSUNG","Bits":32,"Data":"0xE0E07C83","DataLSB":"0x7073EC1","Repeat":0,"RawData":"+4535-4450+590-1645+620-1615Ef+615-500C-530C-520E-495Eh+595-1640GfEfEhL-525CnEkEhEhLmGfEfLmG-1620GhEhLmLjCnEhLnEhCdEfE-46700+4540-4440EfGfEfEkLjCiGhGkEfLmLmCjEkEhEkEkEkCmEfLmEfEf+645-470LjLmGkLjLjLnCiGfEfE","RawDataInfo":[135,135,0]}}
tele/tasmota/600605/RESULT {"IrReceived":{"Protocol":"SAMSUNG","Bits":32,"Data":"0xE0E07C83","DataLSB":"0x7073EC1","Repeat":0,"RawData":"+4520-4460+595-1640CdCd+600-520CfC-525CfCfCdCdCd+570-545CgCfCfCfCfCd+590-1645H-1665CdEdCfCfCdHiCgCfCfJgCdCdC-46720+4540-4440HlCdHlCgCfCgCgJgCdJdJkJfCgCgJgJgJgJdJkJkJdCkJ-530JiHlHgJgJ-550HqHgJlHlH","RawDataInfo":[135,135,0]}}
tele/tasmota/179E4E/RESULT {"IrReceived":{"Protocol":"SAMSUNG","Bits":32,"Data":"0xE0E000FF","DataLSB":"0x70700FF","Repeat":0,"RawData":"+4565-4415+620-1615Cd+595-1640E-520EgC-500EgCh+590fCdCd+615-495CkCkChEgChJhCkCkE-525I-530JkCkCdEfC-1620CdJdCdCdCdC-46695+4560bCdCdJdChCkElCkIlCdCdCdEgChCkChIlEgImJkCkCkCkChJhJdEfCdIfCnCdCdJdC","RawDataInfo":[135,135,0]}}
tele/tasmota/600605/RESULT {"IrReceived":{"Protocol":"SAMSUNG","Bits":32,"Data":"0xE0E000FF","DataLSB":"0x70700FF","Repeat":0,"RawData":"+4540-4440+595-1640Cd+600dC-525C-520+570-545CgCgCdCdCdEgCfCgCgCgCgCgCgCgCgCgCgCg+590dEdCdCdCdCdCdCdH-46740AbCdJdCdCfCgCfCfCfJdCdCdCiHfCiHfJfJfJfCfJfJiHfJfJi+575dJdJ-1645JmJmJmJmJ-1665H","RawDataInfo":[135,135,0]}}
tele/tasmota/600605/RESULT {"IrReceived":{"Protocol":"SAMSUNG","Bits":32,"Data":"0xE0E0A45B","DataLSB":"0x70725DA","Repeat":0,"RawData":"+4540-4440+600-1635C-1640CeC-520+595fCf+570-545CfCdGeGeGfGfGfGfGfGeG-525GeGfGfGeGj+590jGfGeKjKeGeGfK-1645KeK-46725+4535-4445KlKlKeGiHiH-550HjKjKlK-1665HlKjKpHpHpHpHqHpH-1670HpHpHqH-530KpHpHlKp+565rHqHpTrHrH","RawDataInfo":[135,135,0]}}
tele/tasmota/179E4E/RESULT {"IrReceived":{"Protocol":"SAMSUNG","Bits":32,"Data":"0xE0E0A45B","DataLSB":"0x70725DA","Repeat":0,"RawData":"+4570-4420+595-1640+615-1615+620fC-520G-495G-500GjChCdEfGfGj+590-530EiGjGi+600dEjEfGiGiE-1620EiC-525GjCdEjEf+650-1590ChKdCdG-46690+4565bGfGfGfGiGjChChG-490GfGfGfGiGjEjGjChGfGiGfGiGiEfCoGiGiGfGjEfGfGiEfGfC","RawDataInfo":[135,135,0]}}
tele/tasmota/179E4E/RESULT {"IrReceived":{"Protocol":"SAMSUNG","Bits":32,"Data":"0xE0E0629D","DataLSB":"0x70746B9","Repeat":0,"RawData":"+4570-4415+620-1615CdC-1620+615-495CgCg+595-525Cg+590-1645FdCdC-500J-530JmJmJ-520HnJkFeJmFgHnJkFlFeCgHiJkJkJ-1640CgHoF-46700+4540-4440HoFeFdHnHnJmFlCgCdJkJoCgHiJmFgCgHnHoFdCgCgHiHoFgCdClCgFeFdHoCgHoC","RawDataInfo":[135,135,0]}}
tele/tasmota/600605/RESULT {"IrReceived":{"Protocol":"SAMSUNG","Bits":32,"Data":"0xE0E0629D","DataLSB":"0x70746B9","Repeat":0,"RawData":"+4515-4465+570-1665Cd+595-1640C-545+600-520EiC-550+575gEfEfCdCjE-525CjCgEiEi+590-1645EfElElMlCdEiEfMlElMfC-1690CfMlMnM-46720+4540-4440CoCnMfElMlMlElCgEfMfEnMlMgClMlMlMgCdCnMjCgClMdClMnM-530MsM-1670CnMnMlMnM","RawDataInfo":[135,135,0]}}
tele/tasmota/179E4E/RESULT {"IrReceived":{"Protocol":"SAMSUNG","Bits":32,"Data":"0xE0E0A25D","DataLSB":"0x70745BA","Repeat":0,"RawData":"+4570-4415+620-1615+590-1640Cd+595-525+615-500I-495CkCkI-1620CdCdCkCkCkIjIjIdCjCdIjE-520CkGfCkIjIdGhGfCdCdCkIdC-46695+4560-4420ClIdCdCkIjCkCkCkE-1645IdCdCkE-530IjCkCkGfIjCdCjGmIjIdCkGmEqEr+640-1590GqEfEhCd+650","RawDataInfo":[135,135,0]}}
tele/tasmota/600605/RESULT {"IrReceived":{"Protocol":"SAMSUNG","Bits":32,"Data":"0xE0E0A25D","DataLSB":"0x70745BA","Repeat":0,"RawData":"+4540-4440+600-1640+595dEdE-520+570-545GhEf+580-540E-1635EdEdEfCfEfGhCfEdGhEdCfEfEfEdEfE-525EdEl+590dEdEdEfEdG-46745AbEdEdG-1665ElEfEfElEfEdMdEdElMlMlMlMlM-1645MlEdMlMlMfEdMlElMoGlMdMpMpM-530MdE","RawDataInfo":[135,135,0]}}
tele/tasmota/600605/RESULT {"IrReceived":{"Protocol":"SAMSUNG","Bits":32,"Data":"0xE0E0E21D","DataLSB":"0x70747B8","Repeat":0,"RawData":"+4545-4440+600-1640+570-1665+595dG-520C-515ChChGhGdEf+575-1660CiGhGhE-545GhJkGdCdGhCh+590-525GdGhGhGhGnGdGdM-1645GnMdG-46725+4535-4445GdGdGdMnMnGnMnMnMoMdGdMnMnMnGnM-530MfEoMfEnMn+565eE-1650M-550EnMvEvEfEoM-1670EvEfE","RawDataInfo":[135,135,0]}}
tele/tasmota/179E4E/RESULT {"IrReceived":{"Protocol":"SAMSUNG","Bits":32,"Data":"0xE0E0E21D","DataLSB":"0x70747B8","Repeat":0,"RawData":"+4570-4420+615-1620+620-1615EfC-500+590-525E-495+595iEjK-1640CfEfK-520CgCgKmKmKlCdCfKiKmEgCfEjEjEjKiCfEfEfEjEfE-46695+4540-4445EfEfEfEgH-530CjEgKmEfHlEfEgKiCgCgEjEfKlCfEgEgEgCfEjKiEgCjEfEfEfEjEfE","RawDataInfo":[135,135,0]}}
tele/tasmota/179E4E/RESULT {"IrReceived":{"Protocol":"SAMSUNG","Bits":32,"Data":"0xE0E052AD","DataLSB":"0x7074AB5","Repeat":0,"RawData":"+4565-4415+620-1615Cd+615-1620C-495CgCgC-500Cg+595-1640+640-1590CdCgCgEhEgChCgIj+590-525EdCgCgCdChEdCgCdInMjCdCgEfE-46695+4540-4445EdCdCdChEhEgCgChCdEdIjCgChCgChEhCgCdEhEdCg+625gEdCgCdChM-1645EhCdIjChEdC","RawDataInfo":[135,135,0]}}
tele/tasmota/600605/RESULT {"IrReceived":{"Protocol":"SAMSUNG","Bits":32,"Data":"0xE0E052AD","DataLSB":"0x7074AB5","Repeat":0,"RawData":"+4545-4440+595-1640+600d+570-1660C-520ChChEhChCdCdCdChC-525+590iChCiJiCdJiJ-1645JhC-545FkJiJkJ-550F-1665FiJnF-1670+565mFnF-46750+4490-4495FoFoPoPmPmPmPmPmPoPoPoPmP-555PmPmPmPmPoP-530+585oPmPmPoPmPoPmPoPmPoPoPmPoP","RawDataInfo":[135,135,0]}}
tele/tasmota/600605/RESULT {"IrReceived":{"Protocol":"SAMSUNG","Bits":32,"Data":"0xE0E012ED","DataLSB":"0x70748B7","Repeat":0,"RawData":"+4540-4440+600-1635+570-1665C-1640+595-520E-545HiE-550HiHgHgEfH-525HiHlHiHlHiHiHiHg+590lEkH-1650MiHgHgHgHlHgEfMlHfE-46730A-4445H-1645MgHgHjElMlMlHlM-1670EgE-1690EjEkE-530MtMk+565kEkEkEqMlMkKsJkMrErErEkErEqMkUnM","RawDataInfo":[135,135,0]}}
tele/tasmota/179E4E/RESULT {"IrReceived":{"Protocol":"SAMSUNG","Bits":32,"Data":"0xE0E012ED","DataLSB":"0x70748B7","Repeat":0,"RawData":"+4540-4440+620-1615+590-1645EfE-520+595gC-495H-525E-530H-1640+615dCdCiHgCiM-500MnEjEjCiHlCiHjEfEkEfElHlCiHlM-1620MnElC-46705+4565-4420CdCdHlMnCiCiCnCnHlMdCdCiEkCnMnMnEjHgHgHlEkMnMdCnCdMoMdCnCdHlMnCdH","RawDataInfo":[135,135,0]}}
tele/tasmota/600605/RESULT {"IrReceived":{"Protocol":"NEC","Bits":32,"Data":"0x20DF906F","DataLSB":"0x4FB09F6","Repeat":0,"RawData":"+9155-4520+620-535C-530C-1660+625eGeCeCdCeCfCfCdCf+595-1685CfC-1665Cj+615fCeCdCfCdH-560Cd+605-550CdCjKjCdC-1670KjKjKjK-40305+7390-11140+9120-4555Hl+585-570V-1715+590-540+610-565XlX-565X-565X-1690X-1690XlX-1690X-1690X-1690X-1690X-1690X-1690X-565X-565X-1690XlX-565X-565X-565X-565X-1695X-1690X-565X-1690X-1690X-1690X-1695X-40330S-2275X","RawDataInfo":[141,141,0]}}
tele/tasmota/179E4E/RESULT {"IrReceived":{"Protocol":"NEC","Bits":32,"Data":"0x20DF906F","DataLSB":"0x4FB09F6","Repeat":0,"RawData":"+9150-4525+650-510+620-535+645-1640Gd+640dGdCdIdIhG-1635E-530Cj+615-1670L-1665GhLmGhC-505CdIhCdIdIdCdGdIhChLfChIhIhChI-40280+7390-11115+9180-4500GdGdIhEfIdLfEfLfEmIhL-540LnLmIhEnGhIhEuIdGhLfGdLfGdIdLmIhCdIhGhLnEnI-40275S-2215L","RawDataInfo":[141,141,0]}}
tele/tasmota/600605/RESULT {"IrReceived":{"Protocol":"NEC","Bits":32,"Data":"0x20DF906F","DataLSB":"0x4FB09F6","Repeat":0,"RawData":"+9150-4525+620-535CdC-1665+595-560FgCdCdCg+600eC-1660CdCeCeCeCiCeCe+615-540JgF-1670JkJdCkJkJk+590-1695+610lM-585FlClO-1690MqF-40305+9145-2270M","RawDataInfo":[71,71,0]}}
tele/tasmota/179E4E/RESULT {"IrReceived":{"Protocol":"NEC","Bits":32,"Data":"0x20DF906F","DataLSB":"0x4FB09F6","Repeat":0,"RawData":"+9150-4525+620-535+640-510E-1640+645f+615dE-515EfIdC-1670EgCdI-1665IkEgIlClEgEfEf+650-1635HfEfHfHfIdClEgEfEgEgClEgI-40305A-2240C","RawDataInfo":[71,71,0]}}
tele/tasmota/600605/RESULT {"IrReceived":{"Protocol":"NEC","Bits":32,"Data":"0x20DF906F","DataLSB":"0x4FB09F6","Repeat":0,"RawData":"+9145-4530+620-530+595-555C-1660E-560C-535CiEhCiCgC-1665CiCjCgCjE-1690CjEkCiCiCjCiCiCi+590hCiEkCjCiEkCjCk+570-1710E-40305+9150-2245+615","RawDataInfo":[71,71,0]}}
tele/tasmota/179E4E/RESULT {"IrReceived":{"Protocol":"NEC","Bits":32,"Data":"0x20DF906F","DataLSB":"0x4FB09F6","Repeat":0,"RawData":"+9150-4525+620-535+615d+645-1640EdF-510+640-515IhIhE-1670E-1665+650hF-1635ClIgElEkIgCdIhIgEdIhFhCdFhIgFgIhFgFgIgElI-40280+9175-2220F","RawDataInfo":[71,71,0]}}
tele/tasmota/179E4E/RESULT {"IrReceived":{"Protocol":"NEC","Bits":32,"Data":"0x20DF906F","DataLSB":"0x4FB09F6","Repeat":0,"RawData":"+9175-4500+615-535+640-510+620-1665Ef+650fEfEfGdC-1670C-1660GdE-1635Il+645-1640MnEnMnCdGdChIfEfCdIfCdEnEnMfGkGkEn+670-1615C-40300+9180-2220M","RawDataInfo":[71,71,0]}}
tele/tasmota/600605/RESULT {"IrReceived":{"Protocol":"NEC","Bits":32,"Data":"0x20DF906F","DataLSB":"0x4FB09F6","Repeat":0,"RawData":"+9150-4525+620-535CdC-1665Cd+595-560CdCdCdCeCeCd+615-1690FeH-1670Hi+590eHeHgK-565Kj+610lKgKlKgKlKiFiKlKiKiKi+570-1710K-40330+9120-2250M","RawDataInfo":[71,71,0]}}
tele/tasmota/179E4E/RESULT {"IrReceived":{"Protocol":"NEC","Bits":32,"Data":"0x20DF906F","DataLSB":"0x4FB09F6","Repeat":0,"RawData":"+9180-4500+620-535+645-510+615-1670E-505+640f+650fEfG-540GhJ-1640KfE-1635C-1665JmGoEmJmGdEfCoGdKfEfJfCdEnKnJ-515JmCoJmJnC-40300+9155-2240C","RawDataInfo":[71,71,0]}}
tele/tasmota/600605/RESULT {"IrReceived":{"Protocol":"NEC","Bits":32,"Data":"0x20DF906F","DataLSB":"0x4FB09F6","Repeat":0,"RawData":"+9155-4520+595-560+620-530E-1665E-535EhEhEhEhC-1690EgEhE-1660EjCiEgCiEgEhEhEgEhEhE-540CdEhCi+615gEhEg+590iLgL-1670E-40305+9120-2270L","RawDataInfo":[71,71,0]}}
tele/tasmota/600605/RESULT {"IrReceived":{"Protocol":"NEC","Bits":32,"Data":"0x20DF906F","DataLSB":"0x4FB09F6","Repeat":0,"RawData":"+9150-4525+620-535Cd+595-1690C-530E-560CdCdCdC-1665+615-1670+610dCiCiJkJf+590iCiMhC-540CiCdCdJhEnM-565Lf+570-1715P-585EkJiMqEkM-40335+9145-2245L","RawDataInfo":[71,71,0]}}
tele/tasmota/179E4E/RESULT {"IrReceived":{"Protocol":"NEC","Bits":32,"Data":"0x20DF906F","DataLSB":"0x4FB09F6","Repeat":0,"RawData":"+9150-4525+650-510+645d+640-1640+615-535Hi+620iFdEdC-1635H-1670FdHlFgH-1660J-1665FgFgH-540FdEkJiHiEdJiHiJlFgJiFkJnFgHnF-40280A-2240H","RawDataInfo":[71,71,0]}}
tele/tasmota/179E4E/RESULT {"IrReceived":{"Protocol":"NEC","Bits":32,"Data"tele/tasmota/600605/RESULT {"IrReceived":{"Protocol":"SAMSUNG","Bits":32,"Data":"0xE0E040BF","DataLSB":"0x70702FD","Repeat":0,"RawData":"+4540-4440+570-1665+595-1640C-1660+600-520EiC-545EiCjHfEfEfE-525Ek+590kEiEiEiEfEiL-530+565-550LkEkLoCfLkL-1650L-1645LdCqLqLdN-46725+4535-4445L-1670NqLqLmLoCjCoJcNuCpLuNoNoNoNoNoNoNuNoNoNmL-555+540-575WxNuNoNuNuNuNuNuNuO","RawDataInfo":[135,135,0]}}
tele/tasmota/179E4E/RESULT {"IrReceived":{"Protocol":"SAMSUNG","Bits":32,"Data":"0xE0E040BF","DataLSB":"0x70702FD","Repeat":0,"RawData":"+4565-4415+620-1615+615-1620Ed+595-520E-500Ei+590-525GkG-1640JlGlJ-530EiE-495GkCnEiEfEnGkGkEiCiEiGlEiEfEdEfEdCdEfE-46695+4540-4440GlEdGlCiJkCiCiGhCfJlGlEiJhCnGhJmEnCdGkGhCiEiJmJhCdCiEdCdCdEfEdCdG","RawDataInfo":[135,135,0]}}
tele/tasmota/179E4E/RESULT {"IrReceived":{"Protocol":"UNKNOWN","Bits":3,"Hash":"0x4AB0F7B5","Repeat":0,"RawData":"+290-29470+105-5370+130","RawDataInfo":[5,5,0]}}
tele/tasmota/179E4E/RESULT {"IrReceived":{"Protocol":"UNKNOWN","Bits":27,"Hash":"0x54B5D7B4","Repeat":0,"RawData":"+395-995+480-385+605-245+110g+10-630+1045-535+550-285+835-730+280-1680+655-190S-1490+1145-690D-1055+330-1035+235-3155+35-1235+45-445+15-15+15-15+4280-15+15-15+20-15+15-44415P-22155+340-2150+265-3195+290","RawDataInfo":[53,53,0]}}
tele/tasmota/179E4E/RESULT {"IrReceived":{"Protocol":"UNKNOWN","Bits":5,"Hash":"0xA3D1FADF","Repeat":0,"RawData":"+310-6425+200-2535+635-695+180-12740+110","RawDataInfo":[9,9,0]}}
tele/tasmota/179E4E/RESULT {"IrReceived":{"Protocol":"UNKNOWN","Bits":35,"Hash":"0x93E51A31","Repeat":0,"RawData":"+340-11215+350-2890+400-25530+315-43880+370-7105+405-1450+290-5395+1520-545+1205-1280+440-11485+260-1275+230-3095+320-4300+450-310+1560-580+595-385+550-12800+135-3090+375-12910W-7110+135-1990+250-8860+235e+1655-245+1830-750+1320-1200+450-1295+755-215+7235-255+5775-325+5430-300P-190+840-1665+10650-375+2525-730","RawDataInfo":[70,70,0]}}
tele/tasmota/179E4E/RESULT {"IrReceived":{"Protocol":"UNKNOWN","Bits":4,"Hash":"0x901C1F3A","Repeat":0,"RawData":"+295-860+255-49275+345-3005+180","RawDataInfo":[7,7,0]}}
tele/tasmota/179E4E/RESULT {"IrReceived":{"Protocol":"UNKNOWN","Bits":3,"Hash":"0xFDAC0152","Repeat":0,"RawData":"+285-29815+570-34345+290","RawDataInfo":[5,5,0]}}
tele/tasmota/179E4E/RESULT {"IrReceived":{"Protocol":"UNKNOWN","Bits":16,"Hash":"0x27F490F3","Repeat":0,"RawData":"+305-11255+285-12230+255-11245+370-17595+15-40910+535a+915-835+560-1015+650-890+755-4750+520-16060+380-1180+260-7485+660-13535A-16805+280","RawDataInfo":[31,31,0]}}
tele/tasmota/179E4E/RESULT {"IrReceived":{"Protocol":"UNKNOWN","Bits":17,"Hash":"0x98A912AE","Repeat":0,"RawData":"+330-22320+850-16400+350-16290+105-21670+340-515+305-750+190-12860+280-640+300-9090G-8405Oc+315-360+200-610T-895+260-7410+160-7750I","RawDataInfo":[33,33,0]}}
tele/tasmota/179E4E/RESULT {"IrReceived":{"Protocol":"UNKNOWN","Bits":7,"Hash":"0x9592AE75","Repeat":0,"RawData":"+285-205+260-10+225-2055+1260-18600+220-4410+135-7165+240","RawDataInfo":[13,13,0]}}
tele/tasmota/600605/RESULT {"IrReceived":{"Protocol":"SAMSUNG","Bits":32,"Data":"0xE0E0807F","DataLSB":"0x70701FE","Repeat":0,"RawData":"+4515-4465+595-1640+590-1645CdE-530E-545H-570I-525Ej+565-1670I-1690IfIhCjK-575H-550IoIlKiIoHoKiIoIgK-555KnKl+540-1695HmQmK-1650KmQl+560-46750+4505-4495KlQrQmKoKgKnIoIoQrQrQl+585oKoQnIoQnKlKoTpIoQnIoIoKoQnIlKlKlIlQ-1675XsXlK","RawDataInfo":[135,135,0]}}
tele/tasmota/600605/RESULT {"IrReceived":{"Protocol":"UNKNOWN","Bits":72,"Hash":"0xED88054F","Repeat":0,"RawData":"+4490-120+85-4265+570-1720+510-1750+525-1685+490-605+540-575+515-630O-600O-580+590-1670G-1700+535-1695+565nM-550I-595MqOlKlO-655+485-1725OlOnMpKqK-610+430-1800MfKl+560-1680V-1745KfK-1745+465-1770O-46775+4510-4500G-1705G-1725MfGl+485lM-675+390-750+420-660+455-1745K-1850+385f+110-90+310-710+410-690+425-680+410l+545eMlOqG-1730+505-710+410lG-800+295p+145-180+210p+435-1770K-1725+460-655+145-220B-1830+460h+435fO-1735I-1690M","RawDataInfo":[143,143,0]}}
tele/tasmota/600605/RESULT {"IrReceived":{"Protocol":"SAMSUNG","Bits":32,"Data":"0xE0E020DF","DataLSB":"0x70704FB","Repeat":0,"RawData":"+4485-4495+570-1695+515-1720E-1750+480-575+540-580JiJiJi+565-1645Lf+640-1590E-605E-550LiJ-600+490-590KqJrE-1665Q-595JiCi+520rEiJfEdJkJdJdJdL-1670JxT-46745+4490zJdJfE-1725+510k+535-660+465rEkJiLxLxJfEp+535-555JpJpS-630+485kLkJdS-655+485rWrWiJpS-1745E-1770+460-630+510xJ-1745JxWf+485-1745J","RawDataInfo":[135,135,0]}}
tele/tasmota/600605/RESULT {"IrReceived":{"Protocol":"UNKNOWN","Bits":102,"Hash":"0x5F4FDE8F","Repeat":0,"RawData":"+4455-4500+540-1720+490-1750+510-1695C-680+440i+460-705+360-575G-655+515d+465-1800K-1730+530-580C-600PuG-690+430o+385-710PdG-605CvEvP-660+485-605E-605Pf+485nCd+545-1665ChC-1700+535-1770+435-1725+570-46800+4405-4580+480-1775KsGdPnP-630Cn+545v+485-740+380s+480dPs+535nP-630PvP-630+485-635E-620+500dE-780+365u+535-665+435o+485-740+380uC-1910+305-625PdG-1745+435-1775GhY-1875E-1775+485-46805+4435-4550G-1745E-1725CdE-610+480-630G-660K-635+555-505PrKdEr+435-630G-585+535-630KvP-630G-605G-1745Q-630Gw+380oG-735+380oJvC-1725+485-630P-1725J-1820+380rP-1805+455-1700+535hP","RawDataInfo":[203,203,0]}}
tele/tasmota/179E4E/RESULT {"IrReceived":{"Protocol":"UNKNOWN","Bits":15,"Hash":"0x2ECE0DDA","Repeat":0,"RawData":"+145-25+60-310+255-15+1070-90+125-45+530-40+190-8250+265-2030Cb+150-1975Aj+70-5220Sb+50-20+55","RawDataInfo":[29,29,0]}}
tele/tasmota/600605/RESULT {"IrReceived":{"Protocol":"SAMSUNG","Bits":32,"Data":"0xE0E040BF","DataLSB":"0x70702FD","Repeat":0,"RawData":"+4515-4470+540-1695+565-1650E-1690+595-520+570-550C-575Cl+545jC-1670+590nEnC-555+560lClC-580+535lEkCdEkCkOkJkClClJnClJ-1645+585nEnC-1700SdO-1625U-46745+4490-4475QdEnEtElCrClClEkEnCgCdClClCpUkClEkEtElClCkOkCpOkCdClCnEdCdOtEnCdJ","RawDataInfo":[135,135,0]}}
tele/tasmota/600605/RESULT {"IrReceived":{"Protocol":"UNKNOWN","Bits":69,"Hash":"0x9AE05A36","Repeat":0,"RawData":"+4460-4610+405-1720+540-1725+485f+535-605E-640+450-580+515-630MlHdMdE-1670E-600+490nE-550ElG-685G-1730G-690+430-680+465pMl+510nQnQ-730+500-525+240-135+85-1795GdQ-1800GfQfG-1900+360t+505-46770+4485-4500E-1770+460-1650+585-1750GlMw+410-660YpQ-650Q-1695M-1800+460-1695+565-575Ei+435-660G-660Y-610+480-1750+460iEiE-575QnGnMlEsVw+410-1750Yo+565dMdM-1690E-1750GdQ","RawDataInfo":[137,137,0]}}
tele/tasmota/600605/RESULT {"IrReceived":{"Protocol":"SAMSUNG","Bits":32,"Data":"0xE0E0807F","DataLSB":"0x70701FE","Repeat":0,"RawData":"+4545-4440+575-1660+600-1640E-1635E-520+595hI-525IhEhIfEf+570dEhEhIhIhIhIfIhK-550IhIhIhIhIjIj+590fMfM-1645MfM-1665KoKoK-46730+4535-4470+565-1670KoKtSlKlSlKlSlStStStSlSlSl+540cSlStSlS-555SlSvSlSlSlSlStStStStStStStS","RawDataInfo":[135,135,0]}}
tele/tasmota/179E4E/RESULT {"IrReceived":{"Protocol":"UNKNOWN","Bits":200,"Hash":"0xAD6E61DF","Repeat":0,"RawData":"+20-445+25-120C-965+225-615CcA-195+380-45Ca+580-100+215-50N-75+145-70A-4495+15oNc+125cJ-95CcCs+1690-240Cc+250v+40-360+140vSn+400-80+570-545+575-190+300-55+575-30Z-150+575y+260aQqN-35+570-260AnT-90V-170C-350V-300T-110+1695yC-140+170j+115-575+280-260+570c+340-175+575iPa+570-320C-200+575-160NjOc+185-1695+510-35+575y+500-575BnN-575+330-210+575o+220-150L-575+540-575+325cC-150A-570U-150CqD-90+575cCu+355yV-310Cc+190-1695QdJaCd+140vCcJcCl+295-1695+85qOa+210nC-10V-540+1695sJ-325+65u+1695-35CnCuCqJc+150-46775SuNnDcDcJc+420cCj+470-375Qj+655jNa+235cCnDnC-655Un+350r+200-340V-545+1695-540+1695aJ-475+570cAnC-140UcUq+575-305CqCc+90-575+410uY-570FcNq+175-575+140-400+1695-255CqQuAv+80cJ-395+1695sJcQqCc+265-575+350cAcCcN-30+570-375NnNc+575-540+575aJcJcI-570+285-115CcCaJ-1695+230jWa+575-545+570uQ-375+575sC-500+575-425Cu+570-85+190-265+575aJ-235CaNp+575-540+575-495CcV-545+1695sAq+210j+180-1695SyCj+275n+90-1695+155-390VxJcN-175V-540+1700-405CqY","RawDataInfo":[399,399,0]}}
tele/tasmota/600605/RESULT {"IrReceived":{"Protocol":"SAMSUNG","Bits":32,"Data":"0xE0E0807F","DataLSB":"0x70701FE","Repeat":0,"RawData":"+4540-4445+595-1640Cd+570-1665C-520CgC-525ChE-545Cd+590-1645JdCiI-550JiIlJhJfEhJlElElElElElEl+565-1650J-1670EoMoMoMo+540-1695M-46745+4510-4470MoP-1690EkJlMlM-530+585-555MlMoPoMuMlMvJlMlMlMoMlMlMlMlMlMlMlMlMoMoMoMoMoMoMoM","RawDataInfo":[135,135,0]}}
tele/tasmota/179E4E/RESULT {"IrReceived":{"Protocol":"UNKNOWN","Bits":256,"Hash":"0x3FCA6FD4","Repeat":0,"RawData":"+75-25+120-50+45-20B-680+95dH-230Hb+330-70B-395Kb+190-640C-145Db+770-4495+240-170Kd+15-1690+420c+1695-280BdBbBbBb+40wDdFbBbBkK-180+575tFdBeBiFdFy+580-210BkI-575+540-575+100-440+580zC-245WyHcBdCdFbWe+495w+310i+575-540+575-125DdM-130+575-115Db+355-575+385dK-35+575tFfDe+310bD-10+1685-540+580-540+575-225+310-575VbDbB-575+430dFbT-580+65bB-165Fk+160-575+65k+405-575+410k+60-575KeBd+235kE-1700+540wE-160D-195FbEuTaHbMfBfDfU-140Kd+150k+65u+10sBb+305-1700+355hBd+10wFbDkBfS-155+46770-410Ed+175-415KsDaBhHh+100hOmEbFeCcOdB-195+210eKdSb+710dBbQ-160BbFbKdBbAbTwFaOfK-205U-225H-225UfAbBkKh+125-35+570-325BbFbB-100+575bOb+345-575+115eSbB-155+575-85BkBoKbAt+575i+310w+540w+60-195DbAcTu+30bBk+220s+575-270D-115B-80+575d+490-575YfDs+260-575+30dObBbKkDbB-575+235fBbBf+185wDbD-175Hd+100-575+160eB-220+100-570+310hDeBf+570y+210hDh+55-570DbAbOeBeDbB-580TbBb+270dFbFbBf+575zDdS-90+575-130FbFb+220aB-575AbHd+300wFbBb+450w+220dAbBbDkUzBe+165-130UyB-310EfBeFtU-100+165eBfKbBbBtWfDeKbEb+255w+200bBbBkE-125","RawDataInfo":[512,512,0]}}
tele/tasmota/600605/RESULT {"IrReceived":{"Protocol":"SAMSUNG","Bits":32,"Data":"0xE0E0807F","DataLSB":"0x70701FE","Repeat":0,"RawData":"+4520-4465+600-1640+570-1665Cd+595-520GhC-515ChChGdGdCdGhGhCh+575-545GhGdGhGhChGhGhGhGhGhGdGdGdGdGdEfGdG","RawDataInfo":[67,67,0]}}
tele/tasmota/179E4E/RESULT {"IrReceived":{"Protocol":"UNKNOWN","Bits":103,"Hash":"0x61BA8C6A","Repeat":0,"RawData":"+375-50+70-45+440b+315c+380-25+120h+220-95HbB-100+310dCbEhH-200Ij+470-4495+15-140HcB-125I-1690BbBb+150hI-55+1695-30ChK-145+170w+80-390+20hH-575+230-20B-245+575-540+575q+160dHhChH-75+80-570D-20HhCcIkC-580+10dCk+290hWqK-235HbBcW-545T-20Hh+255-165Hh+10-575QhHh+210-240+575fK-135+570-520H-570+230hH-265+575-80Cr+250wZhBhR-135+570-90+350d+60-570+545-575+545-570L-445+570-545+575-540+575-305D-195+570yRkBk+20t+75bHhDhHcB-20Rw+355cB-65W-540W-540W-210+165-165T-545T-60HrBhCz","RawDataInfo":[206,206,0]}}
tele/tasmota/600605/RESULT {"IrReceived":{"Protocol":"SAMSUNG","Bits":32,"Data":"0xE0E020DF","DataLSB":"0x70704FB","Repeat":0,"RawData":"+4540-4445+595-1640CdCd+570-545EfEfC-520CgCdCdCdEfC-525+590hChIhCgChIdCgCgCgChIgC-1665EdChIdCdC-1645EjCdI-46720A-4440EjCdCdI-530ChCgCgChIkCdCdIhCfEhE-550IhIhChIdChIhIhIfEhIjEkInIkCkI-1650IjEjE","RawDataInfo":[135,135,0]}}
tele/tasmota/179E4E/RESULT {"IrReceived":{"Protocol":"UNKNOWN","Bits":94,"Hash":"0xB75D3D45","Repeat":0,"RawData":"+2415-2070+4500-390+150-1695+285-250F-540+1700-535+585k+580iMiM-510+610n+1725-410+45-80FiJkMiM-505+35m+385-50+105mI-575+545fImKm+515p+25-25Re+195-95+15-570+420-25+70-600Im+130qMiM-70+470fIfImIfIfIfIf+195-140+200-46775+320rO-865+125-615+165-95+95-1420+4635kJiFnP-135W-320+20-15YiM-170+365mD-120O-30Tm+515-1720+95-25+265-155FiF-140+400mN-605+460sMiM-340+70-70WlKf+325-25+70-120MiMiFkMiMiM-15V-140Y-300+240mIfIfIm+230w+260f+270-265JkJn+1720z","RawDataInfo":[188,188,0]}}
tele/tasmota/600605/RESULT {"IrReceived":{"Protocol":"SAMSUNG","Bits":32,"Data":"0xE0E0906F","DataLSB":"0x70709F6","Repeat":0,"RawData":"+4540-4465+545-1670+590-1640E-1645+570-550E-525HiHhHcHfH-1665+595fEjEjEjE-530+565hHkHiHiHdNiNiHi+540-575HiNdOd+585iNdNdNdOdE-46750+4510-4450QdNdO-1695NiNiN-555NiOpNdNdNdNiNiNiNiNiN-1650QvNm+560uOpOpOpNiOpNdNdNiNdNdNdNdN","RawDataInfo":[135,135,0]}}
tele/tasmota/600605/RESULT {"IrReceived":{"Protocol":"SAMSUNG","Bits":32,"Data":"0xE0E010EF","DataLSB":"0x70708F7","Repeat":0,"RawData":"+4515-4470+565-1670+570-1665+595f+545-550Ei+590iE-525JiE-1640JlGfHiCeEiHiC-555JiH-575E-530J-1645JoCeEiHeEdHdJpJiEdHdC-1690+540qH-46745+4535bEpCdJdHiJoJkJiEiHdCqEdRm+585iHiJiRnRnCiRiUdEoUiCiHnRqR-1695CdCiCdCdCdRdJ","RawDataInfo":[135,135,0]}}
tele/tasmota/600605/RESULT {"IrReceived":{"Protocol":"SAMSUNG","Bits":32,"Data":"0xE0E040BF","DataLSB":"0x70702FD","Repeat":0,"RawData":"+4540-4445+590-1640+570-1665+595dG-520GhG-525GhE-545+600dGdEfGiCiChGiGj+550jEfCiEjGhGhGhGhGd+575-540GdEfGdGdC-1645CdG-46715+4535-4450CoCoCfJlElElCiGjEoGdGfE-530CiGi+565eElElE-1670ElEiClTlElTlT-1650+585lTuEuTuTuN-1695TuT","RawDataInfo":[135,135,0]}}
tele/tasmota/179E4E/RESULT {"IrReceived":{"Protocol":"UNKNOWN","Bits":72,"Hash":"0xF3AD8134","Repeat":0,"RawData":"+385-4100+4495-540+1695dEdEd+575dF-275+270-570+545fJfJe+35-510EdEdFjFjF-340+200fDf+100-440FjEd+580dQdQ-535QdQdQdEdFj+1690dEdEdEdEjSj+46765-4490CdEjEdEdFjFdFdFdFjEdEd+1700-320+215qDqDf+430-110FjFdFjEdQdFjFdQdQdQdE-150+395fDeDeDeDeDv+455-80Ed","RawDataInfo":[144,144,0]}}
tele/tasmota/179E4E/RESULT {"IrReceived":{"Protocol":"UNKNOWN","Bits":73,"Hash":"0xBB9F85C3","Repeat":0,"RawData":"+4490-4500+540-1695CdC-1700C-575C-580+510-30GcF-110+435gCdCdCeCgCgCgCg+545fCfCd+25-515G-535GcGcGcFcGcEcGcDlDcE-195+345dCdCe+160-375+46770-3395+1085bCdCd+420-125DcGcGcGcGcGcDlDcD-425+120fCfCgLfCgCgCdLfLfCfCfCfCfYjEcGc+1690-220+320dLdCdCeCdC","RawDataInfo":[145,145,0]}}
tele/tasmota/600605/RESULT {"IrReceived":{"Protocol":"SAMSUNG","Bits":32,"Data":"0xE0E040BF","DataLSB":"0x70702FD","Repeat":0,"RawData":"+4515-4465+570-1665+620-1620+590-1640C-550+600-520C-545+595-525MkM-1645GdIdCiCiGnGnMnGnGoGiCiCnG-530+565iQiGdCiL-1690CdLrCd+540rQ-1670S-46770+4485-4495C-1650+560-1695QtQiS-575QiQiS-575QtQtQtQp+585iQiQiQiCiSzQiQ-555QiS-575QiQiQtQ-555YtQtQtQtQtSzS","RawDataInfo":[135,135,0]}}
tele/tasmota/179E4E/RESULT {"IrReceived":{"Protocol":"UNKNOWN","Bits":34,"Hash":"0x20054F9E","Repeat":0,"RawData":"+4485-4500+540-1700CdCdC-580CeCeC-575Ce+425-115+1695cDcDcEcEcEcFc+585-530JcIcJcE-510+610cEcEcEcDcEl+1725cDcI-545IcDcDl","RawDataInfo":[68,68,0]}}
tele/tasmota/600605/RESULT {"IrReceived":{"Protocol":"SAMSUNG","Bits":32,"Data":"0xE0E040BF","DataLSB":"0x70702FD","Repeat":0,"RawData":"+4515-4470+590-1640+595dEdE-520+570-545G-550C-525EjC-1645CkEdGiC-530Cl+585iGl+565iC-1665GiGiNiGjCiNiN-1670+540-580NpNpNpQ-1695NpNpQ","RawDataInfo":[67,67,0]}}
tele/tasmota/600605/RESULT {"IrReceived":{"Protocol":"NEC","Bits":32,"Data":"0xFFE21D","DataLSB":"0xFF47B8","Repeat":0,"RawData":"+9045-4430+630-495+660-465+625dC-490+650-470I-475G-500Ij+665-1580+620-1625I-1600G-1620+655-1595+645qIqIqOpM-1590OpSfSjEfOpGlOlGlU-480CrO-1630ItOlOpI-40910+9065-2185O","RawDataInfo":[71,71,0]}}
tele/tasmota/179E4E/RESULT {"IrReceived":{"Protocol":"NEC","Bits":32,"Data":"0xFFE21D","DataLSB":"0xFF47B8","Repeat":0,"RawData":"+8980-4495+560cC-565CcCcDcCdCcCcD-1685CeC-1690CeDeCeCfCf+555fCfCeDcCcCcCeCdCdCcC-570GfGfCeCcCeC-41005A-2270C","RawDataInfo":[71,71,0]}}
cmnd/tasmota/600605/IRsend 0,9000,4500,562,562,562,562,562,1687,562,562,562,562,562,562,562,562,562,562,562,1687,562,1687,562,562,562,1687,562,1687,562,1687,562,1687,562,1687,562,1687,562,562,562,1687,562,562,562,562,562,1687,562,562,562,562,562,562,562,1687,562,562,562,1687,562,1687,562,562,562,1687,562,1687,562,41000,9000,2250,562,50000
stat/tasmota/600605/RESULT {"IRSend":"Done"}
tele/tasmota/179E4E/RESULT {"IrReceived":{"Protocol":"UNKNOWN","Bits":42,"Hash":"0xEB2E2E28","Repeat":0,"RawData":"+1145-1835+2175-3890+4450-635+500-630Gh+1630fGh+505hG-610+525-570+565-530+35-1690+375-200+1685-160+410-555MqMt+615-1640+575tMtZ-1680Z-560NqX-515MnMqZ-560NmNnMt+85-490+560hIx+1645z+560hIz+1680z+41095x+450-380+2485-4280+790-2260F","RawDataInfo":[83,83,0]}}
tele/tasmota/6006C3/RESULT {"IrReceived":{"Protocol":"JVC","Bits":16,"Data":"0xC0E8","DataLSB":"0x317","Repeat":0,"RawData":"+8430-4260+530-1605+525-1610+545g+550-540E-565HiHiHjE-1580E-1630+500dHgEdE-570EjHg+520-22745M-1635EdMnOjOnHiHiC-560+555kEqMfHi+575-1560OjE-590+510-585M-22740EkEdHgOjEjEnHiHiEdSkElMnEdHiOnEjE-22720EdEdHiEjEjEjEvCiElO-1585GkCrElM-595+495nEnEzOfOdEjEvMrCvMvEiT-1555OqMdHjCkEjCjEnH","RawDataInfo":[171,171,0]}}
tele/tasmota/6006C3/RESULT {"IrReceived":{"Protocol":"JVC","Bits":16,"Data":"0xC0E8","DataLSB":"0x317","Repeat":0,"RawData":"+8480-4230+555-1555+575-1580+550-520G-560G-540+530jIkGjEfCfK-1600KiCdE-515+570-545GhC-22690EdGlI-535GjGjGjGjKiGfGfKlGjGdEjGjGjG-22670NfGfGjKiK-565GjGjGjGfK-1605GfGjGfGjGj+525sG-22695GfGfGjUsUsUsGjUsGfGfGfGjG-1585OjUsUsGvUtGfGjUsKsGjGjGjUtGfGfUsGfGjUsGjGvGfGfKsUsUsGjGjGjGfGfGfGjGfGjGjGjG","RawDataInfo":[205,205,0]}}
tele/tasmota/6006C3/RESULT {"IrReceived":{"Protocol":"JVC","Bits":16,"Data":"0xC078","DataLSB":"0x31E","Repeat":0,"RawData":"+8520-4170+585-1545+590-1540C-510+580gCg+610-480C-505CkCkC-1550CdI-1520CdI-475IjIjE-22655ImClIjHgCgIjCkCgCgHlHdClHlHgCkCgH-22660CdHlHgHgHgHg+575-515CgHgHlHlHlHlHgHgHgHpHlHlCgHgHgHgHgHgHgHlHlCdHlHgHgHgH","RawDataInfo":[137,137,0]}}
tele/tasmota/6006C3/RESULT {"IrReceived":{"Protocol":"JVC","Bits":16,"Data":"0xC078","DataLSB":"0x31E","Repeat":0,"RawData":"+8490-4200+580-1550CdC-510CeCeCeCeCeCeCdCdCdCdCeCeCeC-22660CdCdCeCeCeCeCeCeCeCdCdCdCdCeCeCeC-22665+605-1530CdCeCeCeCeCeCeCeCdCdCdCdCeCeC-515+575","RawDataInfo":[103,103,0]}}
tele/tasmota/6006C3/RESULT {"IrReceived":{"Protocol":"JVC","Bits":16,"Data":"0xC078","DataLSB":"0x31E","Repeat":1,"RawData":"+580-1550AbA-510AcAcAcAcAcAcAbA-1555Ad+575bA-515AfAfE-22665AdAbAfEfEfEfEfE-535+555hI-1575IdEdEjIhI-540+550kI-22690IjIjIhIhIkLkIhIkIkL-1580LnLnLnLkLkLkL","RawDataInfo":[101,101,0]}}
tele/tasmota/6006C3/RESULT {"IrReceived":{"Protocol":"JVC","Bits":16,"Data":"0xC078","DataLSB":"0x31E","Repeat":0,"RawData":"+8480-4230+555-1575CdC-535C-540CeCeCfCfCfC-1580+550gHgCgHfCfHfH-22690HgHgHfHfHfHfHfHfHfH-1585HgHgHjHfHfHfH-22695HgHgHfHfHfHfHfHfHfHgHgHgHgHfHfHfH","RawDataInfo":[103,103,0]}}
tele/tasmota/6006C3/RESULT {"IrReceived":{"Protocol":"JVC","Bits":16,"Data":"0xC078","DataLSB":"0x31E","Repeat":0,"RawData":"+8485-4200+580-1550CdC-510CeCeCe+585eCeCe+575-1555CdCdCdCeCeC-515C-22665CdCdCeCeCeCeCeCiGiCdCdCdCdGiCeCiG-22670ChCdCeCiCeC-520GiGiG-535+555-1560GhGhChGiGmNiG","RawDataInfo":[103,103,0]}}
tele/tasmota/6006C3/RESULT {"IrReceived":{"Protocol":"JVC","Bits":16,"Data":"0xC078","DataLSB":"0x31E","Repeat":1,"RawData":"+580-1575+555-1555+575-510A-515EgEgAgE-535CgEdE-1560EdEdEgEhChC-22670EbC-1580+550hChCgE-540ChChCmCkCbCkCbChLmLmL-22690CbLkCmCmLmLmLmLmCmLkLkLkLkLmLmLmL-38320+8455-4235LkLkLmLmLmL-545RmLmLmLkLkLkLkLmLmLmL-22695LkLkLmLmLrRmLmLmLmL-1585LkLkLkLmCmLmLnLkLkLmLmLrRmLmLrLmLkLkLkLkLmLmLmL","RawDataInfo":[205,205,0]}}
tele/tasmota/179E4E/RESULT {"IrReceived":{"Protocol":"UNKNOWN","Bits":3,"Hash":"0x49B0F625","Repeat":0,"RawData":"+400-31280+260-32100+210","RawDataInfo":[5,5,0]}}
tele/tasmota/6006C3/RESULT {"IrReceived":{"Protocol":"JVC","Bits":16,"Data":"0xC0E8","DataLSB":"0x317","Repeat":0,"RawData":"+8455-4230+555-1580+575-1555E-515E-510E-520EgEgE-535CdCf+550-1600Cg+560-1565+580gE-540CjC-22670KdKlKiEgEgEjCj+530pKlCdC-1575KpKdKpKgEpK-22695+525lCf+570pKi+565kKiVpKpKdKdKdKpKdKpKpKpR-22710KdKdKpKpKgEpKiVpKdKdKdKpK-1560EpKpKpK","RawDataInfo":[137,137,0]}}
tele/tasmota/179E4E/RESULT {"IrReceived":{"Protocol":"UNKNOWN","Bits":3,"Hash":"0x24AE7D4C","Repeat":0,"RawData":"+355-27415+405-21395+650","RawDataInfo":[5,5,0]}}
tele/tasmota/179E4E/RESULT {"IrReceived":{"Protocol":"UNKNOWN","Bits":11,"Hash":"0x89217A65","Repeat":0,"RawData":"+740-18025+505-5310+370-40215+520-4450+265-1135+435-24160+180-11560+240-17440+425-23525+760-18060+280","RawDataInfo":[21,21,0]}}
tele/tasmota/179E4E/RESULT {"IrReceived":{"Protocol":"UNKNOWN","Bits":3,"Hash":"0x22AE7A2A","Repeat":0,"RawData":"+315-410+255-4950+660","RawDataInfo":[5,5,0]}}
tele/tasmota/179E4E/RESULT {"IrReceived":{"Protocol":"UNKNOWN","Bits":4,"Hash":"0xF3EAEB57","Repeat":0,"RawData":"+365-3245+745-11170+475-8825+290","RawDataInfo":[7,7,0]}}
tele/tasmota/179E4E/RESULT {"IrReceived":{"Protocol":"UNKNOWN","Bits":12,"Hash":"0xA1BC2CF1","Repeat":0,"RawData":"+340-18765+230-10340+280-3040+500-45725+200-32325+560-305+415-35125+250-3690+395-10670+370-13805E-28230+455","RawDataInfo":[23,23,0]}}
tele/tasmota/179E4E/RESULT {"IrReceived":{"Protocol":"UNKNOWN","Bits":3,"Hash":"0x4AB0F7B6","Repeat":0,"RawData":"+895-38905+550-325+635","RawDataInfo":[5,5,0]}}
tele/tasmota/179E4E/RESULT {"IrReceived":{"Protocol":"UNKNOWN","Bits":5,"Hash":"0xA7AEA812","Repeat":0,"RawData":"+545-18240+695-1105+225-7680+200-15935+280","RawDataInfo":[9,9,0]}}
tele/tasmota/179E4E/RESULT {"IrReceived":{"Protocol":"UNKNOWN","Bits":4,"Hash":"0xE9E70E8C","Repeat":0,"RawData":"+365-2510+380-590+390-12930+315","RawDataInfo":[7,7,0]}}
tele/tasmota/179E4E/RESULT {"IrReceived":{"Protocol":"UNKNOWN","Bits":6,"Hash":"0x6D7EAAF0","Repeat":0,"RawData":"+235-35620+295-7165+260-22615+455-4035+545-11800+400","RawDataInfo":[11,11,0]}}
tele/tasmota/179E4E/RESULT {"IrReceived":{"Protocol":"UNKNOWN","Bits":4,"Hash":"0xEA0E5282","Repeat":0,"RawData":"+825-18350+190-1610+185-19370+285","RawDataInfo":[7,7,0]}}
tele/tasmota/179E4E/RESULT {"IrReceived":{"Protocol":"UNKNOWN","Bits":3,"Hash":"0x22AE7A2A","Repeat":0,"RawData":"+365-305+320-3930+690","RawDataInfo":[5,5,0]}}
tele/tasmota/179E4E/RESULT {"IrReceived":{"Protocol":"UNKNOWN","Bits":6,"Hash":"0x6AB0FD6B","Repeat":0,"RawData":"+325-8275+230-8495+400-5560+505-36415+355-19135+350","RawDataInfo":[11,11,0]}}
tele/tasmota/179E4E/RESULT {"IrReceived":{"Protocol":"UNKNOWN","Bits":4,"Hash":"0xCDE870EF","Repeat":0,"RawData":"+290-6005+370-45325+360-8500+345","RawDataInfo":[7,7,0]}}
tele/tasmota/179E4E/RESULT {"IrReceived":{"Protocol":"UNKNOWN","Bits":3,"Hash":"0xFCABFFBF","Repeat":0,"RawData":"+595-5010+820-7665+410","RawDataInfo":[5,5,0]}}
tele/tasmota/179E4E/RESULT {"IrReceived":{"Protocol":"UNKNOWN","Bits":10,"Hash":"0x03033098","Repeat":0,"RawData":"+650-240+380-5530+295-3860+530-11050E-20270+340-39025+325-3425+640-26050+665-9490+260","RawDataInfo":[19,19,0]}}
tele/tasmota/179E4E/RESULT {"IrReceived":{"Protocol":"UNKNOWN","Bits":7,"Hash":"0xB448C3AC","Repeat":0,"RawData":"+315-37830+645-3110+750-29330+355-4845+80-105+235-37020+740","RawDataInfo":[13,13,0]}}
tele/tasmota/179E4E/RESULT {"IrReceived":{"Protocol":"UNKNOWN","Bits":8,"Hash":"0x1D84F8E2","Repeat":0,"RawData":"+930-1060+430-670+465-11225+295-30850+610-485+1430-780+1920-435+565","RawDataInfo":[15,15,0]}}
tele/tasmota/179E4E/RESULT {"IrReceived":{"Protocol":"UNKNOWN","Bits":3,"Hash":"0xFEAC02E4","Repeat":0,"RawData":"+110-4340+380-1815+315","RawDataInfo":[5,5,0]}}
tele/tasmota/179E4E/RESULT {"IrReceived":{"Protocol":"UNKNOWN","Bits":4,"Hash":"0xC60BDB3D","Repeat":0,"RawData":"+350-40210+235-9165+480-2575+345","RawDataInfo":[7,7,0]}}
tele/tasmota/179E4E/RESULT {"IrReceived":{"Protocol":"UNKNOWN","Bits":3,"Hash":"0xFEAC02E5","Repeat":0,"RawData":"+410-6010+820-1005+280","RawDataInfo":[5,5,0]}}
tele/tasmota/179E4E/RESULT {"IrReceived":{"Protocol":"UNKNOWN","Bits":4,"Hash":"0xED0E5738","Repeat":0,"RawData":"+405-2310+305-1380+310-1140+320","RawDataInfo":[7,7,0]}}
tele/tasmota/179E4E/RESULT {"IrReceived":{"Protocol":"UNKNOWN","Bits":4,"Hash":"0xE9E70E8D","Repeat":0,"RawData":"+295-4120A-520+365-26530+255","RawDataInfo":[7,7,0]}}
tele/tasmota/179E4E/RESULT {"IrReceived":{"Protocol":"UNKNOWN","Bits":3,"Hash":"0x22AE7A29","Repeat":0,"RawData":"+385-22590+370-47665+410","RawDataInfo":[5,5,0]}}
tele/tasmota/179E4E/RESULT {"IrReceived":{"Protocol":"NEC","Bits":32,"Data":"0xFFA25D","DataLSB":"0xFF45BA","Repeat":0,"RawData":"+9065-4400+620-505+615dC-510+585-540G-535Gh+555-570+580hG-1665J-1690G-1660GoGmLmLmJnGoGhGo+560-565LhGhE-1635GiGhGnPhGoGmJnGhGoG-40970+9005-2245C","RawDataInfo":[71,71,0]}}
tele/tasmota/600605/RESULT {"IrReceived":{"Protocol":"NEC","Bits":32,"Data":"0xFFA25D","DataLSB":"0xFF45BA","Repeat":0,"RawData":"+9080-4385+660-470+630-490+655d+635f+625-500+620j+650dG-460+665-1590L-1595+595-1650GoI-1625EsKsI-1620CoKjGoE-495LdIjK-1630KjKjKvGdL-1600KsQ-1655LdKsK-40940+9060-2185I","RawDataInfo":[71,71,0]}}
tele/tasmota/6006C3/RESULT {"IrReceived":{"Protocol":"JVC","Bits":16,"Data":"0xC0F8","DataLSB":"0x31F","Repeat":0,"RawData":"+8520-4170+610-1520Cd+615-475+620-470+585-505IjI-510IjE-1515+590-1545CdCdInIjC-480CoI-21590InIn+580kCoIjIjCoCoInInInCdCdCoC-485QkC-21570InQ-1550IjIjIjIkIjIjInCdCdQtQt+605rQkQkQ-21595QtQtQkQkQkQkQkQkItQtQtQtQtQkQkQkQvQtQtQkQkQkQkIjQkQtQtQtQtQtQkQkQ-515Q-21600QtQtQkQkQkQkQkQwQ-1555QtQy+575yZyZwZwZwZxZyZyZ-535+555-535+555-535+555-535+555-540+555-535+555-1575+555-1575+555-1575+555-1580+555-1580+555-540+550-540+550-540+550-21625+550-1580+550-1580+550-540+550-540+550-540+550-540+550-540+550-540+550-1580+550-1580+550-1580+550-1580+550-1580+550-540+550-540+550-545+550-21625+550-1580+550-1580+550-540+550-540+550-540+550-540+550-540+550-540+550-1580+550-1580+550-1585+545-1580+550-1580+550-540+550-540+550-540+550-21630+550-1580+550-1580+550-540+550-540+550-540+550-545+550-540+550-540+550-1580+550-1580+550-1580+550-1585+545-1580+550-540+550-540+550-540+550-21630+550-1580+550-1580+550-545+545-540+550-540+550-540+550-540+550-540+550-1580+550-1580+550-1580+550-1580+550-1580+550-540+550-540+550-540+550-21630+550-1580+550-1580+550-540+550-540+550-540+555-540+550-540+550-540+550-1580+550-1585+545-1580+550-1580+550-1580+550-540+550-545+545-540+550-21630+550-1580+550-1580+550-540+550-540+550-540+550-540+550-545+545-540+550-1580+550-1580+550-1580+550-1580+550-1580+550-540+550-540+550-540+550-21630+550-1580+550-1580+550-540+550-540+550-540+550-540+550-540+550-540+550-1580+550-1580+550-1580+550-1580+550-1580+550-540+550-540+550-540+550-21630+550-1580+550-1580+550-540+550-540+550-540+555-540+550-540+550-540+550-1585+545-1580+550-1580+550-1580+550-1580+550-540+550-540+550-540+550-21630+550-1580+550-1580+550-540+550-540+550-540+550-540+550-545+550-540+550-1580+550-1580+550-1580+550-1580+550-1580+550-540+550-540+550-540+550-21630+550-1580+550-1580+550-540+550-540+550-540+550-545+550-540+550-540+550-1580+550-1580+550-1580+550-1580+550-1580+550-540+550-540+550-545+550-21630+550-1580+550-1580+550-540+550-540+550-540+550-540+550-540+550-540+550-1580+550-1580+550-1580+550-1580+550-1580+550-540+550-540+550-540+550-21630+550-1580+550-1580+550-540+550-540+550-540+550-540+550-540+550-540+550-1585+545-1580+550-1580+550-1580+550-1580+550-540+550-540+550-540+550-21630+550-1580+550-1585+545-540+550-540+550-540+550-540+550-545+545-540+550-1580+550-1580+550-1580+550-1580+550-1580+550-540+550-540+550-540+550-21630+550-1580+550-1580+550-540+550-540+550-540+550-540+550-540+550-540+550-1580+550-1580+550-1580+550-1580+550-1580+550-540+550-540+550-540+550-21630+550-1580+550-1580+550-540+550-540+550-540+550-540+550-540+550-540+550-1580+550-1580+550-1585+550-1580+550-1580+550-540+550-540+550-540+550-21630+550-1580+550-1580+550-540+550-540+550-540+550-540+555-540+550-540+550-1580+550-1580+550-1580+550-1585+545-1580+550-540+550-540+550-540+550-21630+550-1580+550-1580+550-540+550-540+550-540+550-540+550-540+550-540+550-1580+550-1580+550-1580+550-1585+545-1580+550-540+550-540+550-540+550-21630+550-1580+550-1580+550-540+550-540+550-540+550-540+550-540+550-540+550-1580+550-1580+550-1580+550-1580+550-1580+550-540+550-540+550-540+550-21630+550-1580+550-1580+550-540+550-540+550-540+550-540+550-540+550-540+550-1580+550-1580+550-1580+550-1580+550-1580+550-540+550-540+550-540+550-21630+550-1580+550-1580+550-540+550-540+550-540+550-540+550-540+550-540+550-1580+550-1580+550-1580+550-1580+550-1580+550-540+550-540+550-540+550-21630+550-1580+550-1580+550-540+550-540+550-540+550-540+550-540+550-540+550-1580+550-1580+550-1580+550-1580+550-1580+550-540+550-540+550-540+550-21625+550-1580+550-1580+550-540+550-540+550-540+550-545+550-540+550-540+550-1580+550-1580+550-1580+550-1585+545-1580+550-540+550-540+550-540+550-21630+550-1580+550-1580+550-540+550-540+550-540+550-540+550-540+550-540+550-1580+550-1580+550-1580+550-1580+550-1580+550-540+550-540+550-540+550-21630+550","RawDataInfo":[1023,1023,1]}}
tele/tasmota/6006C3/RESULT {"IrReceived":{"Protocol":"JVC","Bits":16,"Data":"0xC0F8","DataLSB":"0x31F","Repeat":1,"RawData":"+550-1580AbA-540AcAcAcAcAcAb+555bAbAbAbAcAcAcA-21630AbAbAcA-545AcAcAcAcAbAbAbAbAbAcAcAcA-21625AbDbAcAcAcAcAcAfAbAbAbAbAbAcAcAcAeA-1585FbAfFcAcAcAcAcAbAbAbAbAbAcAcAcAeAbAbAcAcAcAcAcAcAbAbAbAbAbAcAcAcAgAbAbAcAcAcAfAcAcAbAbAbAbAbAcAcAcAeAbAbAcAcAcAcAcAcAbAbAbAbAbAcAcAcAeAbAbAcAcAcAcAcAcAbAbAbAbAbAcAcAcAeAbAbAcAcAcAcAcAcAbAbAbAbAbAcAcAcAeAbAbAcAcAcAfFcAcAbAbAbAbAbAcAcAcA","RawDataInfo":[339,339,0]}}
tele/tasmota/179E4E/RESULT {"IrReceived":{"Protocol":"NEC","Bits":32,"Data":"0xFFE21D","DataLSB":"0xFF47B8","Repeat":0,"RawData":"+9015-4465+585-535+615-510Cd+590dCdGdGd+610fG-1665C-1685+560iCiCiCjKjKiCiC-1690KiC-540C-565+555-570CiKmCdCmCmCjOlG-1660KmCiC-40970A-2240G","RawDataInfo":[71,71,0]}}
tele/tasmota/600605/RESULT {"IrReceived":{"Protocol":"NEC","Bits":32,"Data":"0xFFE21D","DataLSB":"0xFF47B8","Repeat":0,"RawData":"+9050-4420+660-460+665-465+630-490+625-495+620-500Il+650-470Mn+655-1595K-1625C-1590KqOpOpKqIqOrM-1600I-1620CnMnGlKtM-475OnKlOnMsOrItOnMpK-40945+9040-2210K","RawDataInfo":[71,71,0]}}
cmnd/tasmota/600605/IRsend 0,9000,4500,562,562,562,562,562,1687,562,562,562,562,562,562,562,562,562,562,562,1687,562,1687,562,562,562,1687,562,1687,562,1687,562,1687,562,1687,562,1687,562,562,562,1687,562,562,562,562,562,1687,562,562,562,562,562,562,562,1687,562,562,562,1687,562,1687,562,562,562,1687,562,1687,562,41000,9000,2250,562,50000
stat/tasmota/600605/RESULT {"IRSend":"Done"}
tele/tasmota/179E4E/RESULT {"IrReceived":{"Protocol":"NEC","Bits":32,"Data":"0x20DFA45B","DataLSB":"0x4FB25DA","Repeat":0,"RawData":"+9010-4490+595-540+590dC-1670EdCdE-545EgEgEfC-1665EgEfChChCh+600-1660IjI-535EfI-530EgEhIkE-550EgEfIkEfChIkEfIhC-41085+9025-2230C","RawDataInfo":[71,71,0]}}
tele/tasmota/179E4E/RESULT {"IrReceived":{"Protocol":"NEC","Bits":32,"Data":"0xFFA25D","DataLSB":"0xFF45BA","Repeat":0,"RawData":"+9040-4435+615-505+590-540+585-565+560-535GfGfGfGjG-1660GkG-1665+580lGk+610-1635EkGkM-1690I-530EkGhIfGhIkGjGfGkEjMlNoGpIfGkG-40970+9015-2235C","RawDataInfo":[71,71,0]}}
tele/tasmota/600605/RESULT {"IrReceived":{"Protocol":"NEC","Bits":32,"Data":"0xFFA25D","DataLSB":"0xFF45BA","Repeat":0,"RawData":"+9040-4425+620-500+640-490+625-495+655-470GhIj+630d+650j+600-1650I-1595+660-1590PqG-1625IoG-1620Io+615-1635P-460I-1600ChL-475LjPqIjGdCrLjG-1630IqCrLxCrI-40905+9070-2180+635","RawDataInfo":[71,71,0]}}
tele/tasmota/179E4E/RESULT {"IrReceived":{"Protocol":"UNKNOWN","Bits":4,"Hash":"0x4DB5DAAB","Repeat":0,"RawData":"+260-4570+335-240+375-15950+340","RawDataInfo":[7,7,0]}}
tele/tasmota/179E4E/RESULT {"IrReceived":{"Protocol":"UNKNOWN","Bits":4,"Hash":"0x1210D00D","Repeat":0,"RawData":"+285-6700+185-4495+135-1555+335","RawDataInfo":[7,7,0]}}
tele/tasmota/179E4E/RESULT {"IrReceived":{"Protocol":"NEC","Bits":32,"Data":"0xFFE21D","DataLSB":"0xFF47B8","Repeat":0,"RawData":"+9040-4435+645-480+590-565+560-540+580h+585hJhJhJfE-1635+610kJ-1690G-1660JnJ-1665LkJnJoJnJmGhJhJhJoJfG-535JpJhJnJmGoJpJnE-40970+9035-2215L","RawDataInfo":[71,71,0]}}
tele/tasmota/600605/RESULT {"IrReceived":{"Protocol":"NEC","Bits":32,"Data":"0xFFE21D","DataLSB":"0xFF47B8","Repeat":0,"RawData":"+9090-4385+625-500+620-505+650-470Ef+660-460+645-480I-465CdG-1600C-1625G-1595+655nE-1630GpGnErErEoGnCdGhEfErEfGhG-475CdErEoErEdE-1635E-40940+9065-2185+610","RawDataInfo":[71,71,0]}}
cmnd/tasmota/600605/IRsend 0,9000,4500,562,562,562,562,562,1687,562,562,562,562,562,562,562,562,562,562,562,1687,562,1687,562,562,562,1687,562,1687,562,1687,562,1687,562,1687,562,1687,562,562,562,1687,562,562,562,562,562,1687,562,562,562,562,562,562,562,1687,562,562,562,1687,562,1687,562,562,562,1687,562,1687,562,41000,9000,2250,562,50000
stat/tasmota/600605/RESULT {"IRSend":"Done"}
tele/tasmota/179E4E/RESULT {"IrReceived":{"Protocol":"NEC","Bits":32,"Data":"0x20DFA45B","DataLSB":"0x4FB25DA","Repeat":0,"RawData":"+9010-4490+595-540+590-545E-1665CdEdEfEdEfE-1670C-1660+600-535EhCiCgCiJiCiJkEhCkCdEhCdEfEdEhCdEhCiJkJiCgC-41170A-2225C","RawDataInfo":[71,71,0]}}
tele/tasmota/6006C3/RESULT {"IrReceived":{"Protocol":"JVC","Bits":16,"Data":"0xC0E8","DataLSB":"0x317","Repeat":0,"RawData":"+8490-4200+580-1550Cd+585-510CfCfCfCfCfCdCdCdCfCdCfCfCfC-22665CdCdCfC-515+575fCfCfCfCdCdCdCfCdCfCfCfC-22660CdCdCfCfCfCfCfCfCdCdCdCfCdCfCfEfCjCdCdCfCfEfCfCfChCdCdCdCfCdCfCfCfC","RawDataInfo":[137,137,0]}}
tele/tasmota/6006C3/RESULT {"IrReceived":{"Protocol":"JVC","Bits":16,"Data":"0xC078","DataLSB":"0x31E","Repeat":0,"RawData":"+8490-4200+585-1545C-1550+600-490+610-480+580-510JkC-505JkJkJeCeJeJeJkClJkJ-22660JeJeJkJkJkJkJkJ-515JkJeJeJeJeJkJkJnJmJeJeJkJkJkJnJnJnJkJ-1555JeJoJo+575nJnPnJ-22665J-1575+555oPnPnPnPnJnJ-530SnPoPrSr+560rS-535SvSvS","RawDataInfo":[137,137,0]}}
tele/tasmota/6006C3/RESULT {"IrReceived":{"Protocol":"JVC","Bits":16,"Data":"0xC078","DataLSB":"0x31E","Repeat":0,"RawData":"+8480-4205+580-1550C-1555+575-515CgFgFgFgFgFgFeFeFeF-1575+555-535I-525+570gF-22670FeFeFjIjIjIgFjIjIjIhI-1580IhIhI-540IjIoI-22690InIhIjIo+550oIoQoQoQoQnQnQnQnQoQoQoQ","RawDataInfo":[103,103,0]}}
tele/tasmota/6006C3/RESULT {"IrReceived":{"Protocol":"JVC","Bits":16,"Data":"0xC078","DataLSB":"0x31E","Repeat":1,"RawData":"+535-1575+555-1580Ca+550-540EfCfEfEfCfEdEdEdEdEfEfEfE-22690EdEdEfEfEfEfEfEfEfEdEdEdEdEfEfEfCgEdE-1585EfEfEfEfEfEfEfEh+545dEdEdEfEfEiI","RawDataInfo":[101,101,0]}}
tele/tasmota/6006C3/RESULT {"IrReceived":{"Protocol":"JVC","Bits":16,"Data":"0xC078","DataLSB":"0x31E","Repeat":0,"RawData":"+8455-4230+550-1580CdC-540+555eCeCeCeCeCeCdCdCdCdCeCeCeF-22690CdCdCeCeCeCeCeCeCeFdCdCdCdCeCeCeC-22695CdCdCeCeCeCeCeCeC-545CdCdCdCdCeCeCeC","RawDataInfo":[103,103,0]}}
tele/tasmota/6006C3/RESULT {"IrReceived":{"Protocol":"JVC","Bits":16,"Data":"0xC078","DataLSB":"0x31E","Repeat":0,"RawData":"+8485-4205+580-1550CdC-510CeCeCe+585eCeCeCdCdCdFdCeCeCeC-22660CdCdCeCeCeCeCeCeCeCdCdCdCdCeCeCeFgCdCdCeCeCeCeCeCeCeCdCdCdCdCeCeCeC","RawDataInfo":[103,103,0]}}
tele/tasmota/600605/RESULT {"IrReceived":{"Protocol":"NEC","Bits":32,"Data":"0xFFA25D","DataLSB":"0xFF45BA","Repeat":0,"RawData":"+9060-4410+655-465+620-505E-500+625gEg+630-495HjIjI-1620+650-1595HkCmE-1630HkHnC-1590HkL-470+660m+645-475EgE-510+615nEgCpL-1600EgRvE-1625HnEgEnE-40940+9065-2185U","RawDataInfo":[71,71,0]}}
tele/tasmota/179E4E/RESULT {"IrReceived":{"Protocol":"NEC","Bits":32,"Data":"0xFFA25D","DataLSB":"0xFF45BA","Repeat":0,"RawData":"+9040-4430+640-485+615-505+620-500G-510+585-540J-535JkJl+590-1660J-1690+555-1665Mn+580o+560nJnJnJnJlJqJlJkJkRqJlJkRqJsSqRoSqJlJnJ-40975+9035-2215G","RawDataInfo":[71,71,0]}}
tele/tasmota/6006C3/RESULT {"IrReceived":{"Protocol":"JVC","Bits":16,"Data":"0xC0E8","DataLSB":"0x317","Repeat":0,"RawData":"+8485-4200+580-1550CdC-510CeCeCeCeC-515CdCdC-1555CfCg+575fHfHfH-22665HgHgH-535+555fH-540KjKlKlK-1580+550mK-1575KlN-1560HlNlNlK-22690KmKmNlNlNlNlNlNlNmNmNmN-545NmNlNlNlNqNmNmKlNlNlNlNlNlNmNmN-1585RlNmNlNlNlN-22695NsNmNlNlNlNlNlNrRmNmNmNlNmNlNlNlNtNmNsNlNlNlNrNrNlNsR-1610+525sN-565VuVwVwVlV","RawDataInfo":[205,205,0]}}
tele/tasmota/600605/RESULT {"IrReceived":{"Protocol":"NEC","Bits":32,"Data":"0xFFE21D","DataLSB":"0xFF47B8","Repeat":0,"RawData":"+9075-4395+660-460+650-475+645f+625-500+630-490C-465J-495+620i+655-1590H-1625J-1620OpHrO-1595EsOsNqHqNqO-470EfN-505NqNiEf+615uOtNrOsNqHiNqG-40915+9040-2210N","RawDataInfo":[71,71,0]}}
tele/tasmota/179E4E/RESULT {"IrReceived":{"Protocol":"NEC","Bits":32,"Data":"0xFFE21D","DataLSB":"0xFF47B8","Repeat":0,"RawData":"+9040-4435+615-510+620-505EdCdEdCdCdCdE-1630C-1635CgCh+590-1660EgEgChCgEgCg+585-545+580-560N-540IjMoI-535N-565MoIjIjKjIpKj+555-41005A-2210E","RawDataInfo":[71,71,0]}}
cmnd/tasmota/600605/IRsend 0,9000,4500,562,562,562,562,562,1687,562,562,562,562,562,562,562,562,562,562,562,1687,562,1687,562,562,562,1687,562,1687,562,1687,562,1687,562,1687,562,1687,562,562,562,1687,562,562,562,562,562,1687,562,562,562,562,562,562,562,1687,562,562,562,1687,562,1687,562,562,562,1687,562,1687,562,41000,9000,2250,562,50000
stat/tasmota/600605/RESULT {"IRSend":"Done"}
tele/tasmota/179E4E/RESULT {"IrReceived":{"Protocol":"NEC","Bits":32,"Data":"0x20DFA45B","DataLSB":"0x4FB25DA","Repeat":0,"RawData":"+9010-4490+595-535+590-545E-1665C-540EfEfEhEfEgEgEfE-1670C-1660CjCjCj+600jChEgChEhEgKdEf+585hEgChEiCjCdCiCjC-41095+9030-2225C","RawDataInfo":[71,71,0]}}
tele/tasmota/179E4E/RESULT {"IrReceived":{"Protocol":"NEC","Bits":32,"Data":"0xFFE21D","DataLSB":"0xFF47B8","Repeat":0,"RawData":"+9070-4410+620-510+610d+590-535+585-540+615d+580-565+560iHmM-1660F-1690H-1635HoM-1665HqKnFnHnHqKqKiHiHgFnHgHiKiHgM-1715MqKqHiKqH-40970+9065-2185C","RawDataInfo":[71,71,0]}}
tele/tasmota/600605/RESULT {"IrReceived":{"Protocol":"NEC","Bits":32,"Data":"0xFFE21D","DataLSB":"0xFF47B8","Repeat":0,"RawData":"+9050-4430+625-495+660-460+665fC-500+620h+645-475+650-470EmC-1620+630nI-1625OnL-1600I-1630L-1595CnCn+655sJqIhTmLmCnO-490I-505IvIhIpJ-1605+615-1635+640kLqI-40940+9065-2185I","RawDataInfo":[71,71,0]}}
cmnd/tasmota/600605/IRsend 0,9000,4500,562,562,562,562,562,1687,562,562,562,562,562,562,562,562,562,562,562,1687,562,1687,562,562,562,1687,562,1687,562,1687,562,1687,562,1687,562,1687,562,562,562,1687,562,562,562,562,562,1687,562,562,562,562,562,562,562,1687,562,562,562,1687,562,1687,562,562,562,1687,562,1687,562,41000,9000,2250,562,50000
stat/tasmota/600605/RESULT {"IRSend":"Done"}
tele/tasmota/179E4E/RESULT {"IrReceived":{"Protocol":"NEC","Bits":32,"Data":"0x20DFA45B","DataLSB":"0x4FB25DA","Repeat":0,"RawData":"+9010-4495+595-540+590dE-1665EdEdE-545EdEdE-1670C-1660+600-535EhCiCfCiJiCiJkJiCdCdCiCdJdEdCfCdCi+570-1690CdCfCiC-41085+9025-2235C","RawDataInfo":[71,71,0]}}
cmnd/tasmota/600605/IRsend 0000 006D 0027 0000 00AC 00A9 0013 0013 0013 0038 0013 0038 0013 0038 0013 0013 0013 0013 0013 0013 0013 0013 0013 0013 0013 0013 0013 0013 0013 0013 0013 0013 0013 0038 0013 0013 0013 0013 0013 00A9 0013 0038 0013 0038 0013 0038 0013 0013 0013 0013 0013 0038 0013 0013 0013 0038 0013 0013 0013 0013 0013 0013 0013 0013 0013 0038 0013 0038 0013 0038 0013 0038 0013 0013 0013 0013 0013 0038 0013 0038 0013 03FE
stat/tasmota/600605/RESULT {"IRSend":"Invalid RawData"}
cmnd/tasmota/600605/IRsend 0000 006D 0027 0000 00AC 00A9 0013 0013 0013 0038 0013 0038 0013 0038 0013 0013 0013 0013 0013 0013 0013 0013 0013 0013 0013 0013 0013 0013 0013 0013 0013 0013 0013 0038 0013 0013 0013 0013 0013 00A9 0013 0038 0013 0038 0013 0038 0013 0013 0013 0013 0013 0038 0013 0013 0013 0038 0013 0013 0013 0013 0013 0013 0013 0013 0013 0038 0013 0038 0013 0038 0013 0038 0013 0013 0013 0013 0013 0038 0013 0038 0013 03FE
stat/tasmota/600605/RESULT {"IRSend":"Invalid RawData"}
cmnd/tasmota/600605/IRsend 0000 006D 0027 0000 00AC 00A9 0013 0013 0013 0038 0013 0038 0013 0038 0013 0013 0013 0013 0013 0013 0013 0013 0013 0013 0013 0013 0013 0013 0013 0013 0013 0013 0013 0038 0013 0013 0013 0013 0013 00A9 0013 0038 0013 0038 0013 0038 0013 0013 0013 0013 0013 0038 0013 0013 0013 0038 0013 0013 0013 0013 0013 0013 0013 0013 0013 0038 0013 0038 0013 0038 0013 0038 0013 0013 0013 0013 0013 0038 0013 0038 0013 03FE
stat/tasmota/600605/RESULT {"IRSend":"Invalid RawData"}
cmnd/tasmota/600605/IRsend 38,+4525-4445+500cC-1475CdCdCcCcCcCcCcCcCcCcCcCcCdCcCcCbCdCdCdCcCcCdCcCdCcCcCcCcCdCdCdCdCcCcCdCdC-26875
stat/tasmota/600605/RESULT {"IRSend":"Done"}
tele/tasmota/179E4E/RESULT {"IrReceived":{"Protocol":"UNKNOWN","Bits":40,"Hash":"0x2049D256","Repeat":0,"RawData":"+4550-4420+540-470C-1440C-1450+535fCdG-475CdCdGdCdChC-465ChCdGfCdCdGbCfC-1445CfCdCdCeChCeCdChCdCdCjGjCjCfCdGdCeCfC","RawDataInfo":[79,79,0]}}
cmnd/tasmota/600605/IRsend 0,4523,4444,500,500,500,1473,500,1473,500,1473,500,500,500,500,500,500,500,500,500,500,500,500,500,500,500,500,500,500,500,1473,500,500,500,500,500,4444,500,1473,500,1473,500,1473,500,500,500,500,500,1473,500,500,500,1473,500,500,500,500,500,500,500,500,500,1473,500,1473,500,1473,500,1473,500,500,500,500,500,1473,500,1473,500,26875
stat/tasmota/600605/RESULT {"IRSend":"Done"}
tele/tasmota/179E4E/RESULT {"IrReceived":{"Protocol":"SAMSUNG36","Bits":36,"Data":"0x7004E50F3","DataLSB":"0xE000720ACF","Repeat":0,"RawData":"+4545-4430+535-470C-1450+540-1440CeFdFd+530-475FdCdCdCdFiCiF-1445HiCdF-4420FgCjCgFdHdFgFdFjCdCdFdF-465FgFgFjFgFdCdFgFgF","RawDataInfo":[77,77,0]}}
cmnd/tasmota/600605/IRsend 0,8993,4497,552,1683,552,552,552,1683,552,1683,552,552,552,552,552,1683,552,552,552,552,552,1683,552,552,552,552,552,1683,552,1683,552,552,552,1683,552,552,552,552,552,552,552,1683,552,552,552,1683,552,1683,552,552,552,1683,552,1683,552,1683,552,552,552,1683,552,552,552,552,552,1683,552,552,552,552,552,552,552,552,552,552,552,552,552,552,552,552,552,1683,552,1683,552,1683,552,1683,552,1683,552,1683,552,1683,552,1683,552,107999
stat/tasmota/600605/RESULT {"IRSend":"Done"}
tele/tasmota/179E4E/RESULT {"IrReceived":{"Protocol":"MIDEA24","Bits":24,"Data":"0xB21600","DataLSB":"0x4D6800","Repeat":0,"RawData":"+9010-4490+535-1705+540-575+590-1650CdEf+585-525I-1655IjIjIhEfG-520GhEdEfGhCfGjIjIkEfIhGhE-580IkIkIkCfGhEfGlGhIjGlGlGlGlGlGlGjIh+560-1680EdCdEdEdNoNoE","RawDataInfo":[99,99,0]}}
cmnd/tasmota/600605/IRsend 0,3459,1729,432,1297,432,1297,432,432,432,432,432,432,432,432,432,432,432,432,432,1297,432,432,432,432,432,432,432,432,432,432,432,432,432,432,432,432,432,1297,432,432,432,432,432,432,432,1297,432,432,432,432,432,1297,432,432,432,432,432,432,432,432,432,1297,432,432,432,432,432,1297,432,1297,432,432,432,432,432,432,432,432,432,432,432,432,432,432,432,432,432,432,432,432,432,432,432,432,432,432,432,432,432,74737
stat/tasmota/600605/RESULT {"IRSend":"Done"}
tele/tasmota/179E4E/RESULT {"IrReceived":{"Protocol":"PANASONIC","Bits":48,"Data":"0xC0804484C000","DataLSB":"0x30122210300","Repeat":0,"RawData":"+3470-1720+460-1280+455dE-420+450fE-415EhEfEhEdEfC-410CiCfEhEhEfGhCdEfEhEhEdGfEhEdEhEfEhEhEdGfGfEdEdCiCfEhEhChEfEhEhCiChEfGfGfGfE","RawDataInfo":[99,99,0]}}
cmnd/tasmota/600605/IRsend 0,4508,4508,573,1694,573,573,573,573,573,573,573,573,573,573,573,573,573,573,573,573,573,1694,573,573,573,573,573,1694,573,1694,573,1694,573,573,573,573,573,1694,573,573,573,573,573,24805
stat/tasmota/600605/RESULT {"IRSend":"Done"}
tele/tasmota/179E4E/RESULT {"IrReceived":{"Protocol":"UNKNOWN","Bits":22,"Hash":"0xFA37F15D","Repeat":0,"RawData":"+4530-4495+595-1680C-555+560cEcFcF-590Fc+580-575FcE-1720CeFgFjCdC-1675+600-550FcEjCeHiF","RawDataInfo":[43,43,0]}}
tele/tasmota/6006C3/RESULT {"IrReceived":{"Protocol":"JVC","Bits":16,"Data":"0xC078","DataLSB":"0x31E","Repeat":0,"RawData":"+8455-4230+525-1605Cd+550-540EfC-565EfEfC-570+530gCdCdCdC-1610CgCgEfC-22720CjCdCgCgEfChCgEfCgE-1580+555lCjCdChCh+520gEkI-1575Cj+545hCfChEfCgEfCgCdCdE-1585Pq+580-515EfEfE-22695CjI-1595MfN-590+500vWhCgEfCvClCjC-1630WdEfCvWvC","RawDataInfo":[137,137,0]}}
tele/tasmota/6006C3/RESULT {"IrReceived":{"Protocol":"JVC","Bits":16,"Data":"0xC0E8","DataLSB":"0x317","Repeat":0,"RawData":"+8520-4170+615-1515C-1520+585-505+610-480C-475CjCi+590gK-1540CdCdCiCdCjHiK-500K-22655CdHeKgHiCjFgHiCiHeCeHeCiHeHiHiKmH-22630HeF-1545HiFgF-510FgHiHiH-1525F-1550FsHiHeCjHiHiH-22635HeFpHiHiHiHiHiHiHeFpHeH-485+580sFgFqFqV-22660FpHrFqHuHu+605uVqVqVsVsVsVqVsVqVqVqVwVsVsVqVqVqVqVqVqVsVsVsVqFsFqVqVqV","RawDataInfo":[205,205,0]}}
tele/tasmota/6006C3/RESULT {"IrReceived":{"Protocol":"JVC","Bits":16,"Data":"0xC0E8","DataLSB":"0x317","Repeat":0,"RawData":"+8495-4195+615-1520+590-1540C-475C-480CgChCh+610hEfC-1515E-1545ChCdIgE-500CgC-22630CdCjChIhElChIhChIdCdIdIhIdIh+585-505CgCmIdI-1525ElIhIhIhNoI-485IdIdNkIqNkIhIhEo+580-22660IpR-1550N-510NoNuIqRuRuRtRtRtRuRtRuRuRuRsRtRtRuNuRuRuRuRuRtRtRtRuRtR-515+575uRuR-22665RtRtRuNuRuRuRuRuR-1555RtRtRuRyWvRvWvW","RawDataInfo":[205,205,0]}}
tele/tasmota/6006C3/RESULT {"IrReceived":{"Protocol":"JVC","Bits":16,"Data":"0xC0E8","DataLSB":"0x317","Repeat":0,"RawData":"+8490-4195+615-1515+595-1540C-475+610-480HiHi+620gCg+585-1545H-1520+590lHiCdK-505HiKoK-22660HmHmKoKoK-510HiHiKoHmKlKlKoHmKoHiHiKpHmHmHiHiHiHiKoHiHmKlKlHiHmHiKoKoKpH-1525Kl+580qKoKoKqHiHiS-1550StStSqStSqSqSqSpStS-1555+575qSqSqSqSqSqStStStSqStSqSqSqSpStStKqSqSqSqSqSqStStStS-515StSqSqSwV","RawDataInfo":[205,205,0]}}
tele/tasmota/6006C3/RESULT {"IrReceived":{"Protocol":"JVC","Bits":16,"Data":"0xC0E8","DataLSB":"0x317","Repeat":0,"RawData":"+8520-4170+590-1540C-1545+615-475+610-480Hi+585-505FiHiF-1520HlCeHiHlJkCkJkH-22630FlHlHiJkFiHiHiHiJ-1550CeJnH-485JnHiHiJkH-22635HlJnHiJ-510+580qJkJkRqHlHlH-1525+605iHlHiHiHiHpHlHlHiHiHiHiHoTiHlHlHlHiHlJkJkHo+595","RawDataInfo":[137,137,0]}}
tele/tasmota/600605/RESULT {"IrReceived":{"Protocol":"UNKNOWN","Bits":3,"Hash":"0x24AE7D4F","Repeat":0,"RawData":"+95-145+115-105A","RawDataInfo":[5,5,0]}}
tele/tasmota/600605/RESULT {"IrReceived":{"Protocol":"UNKNOWN","Bits":3,"Hash":"0x4CB0FADD","Repeat":0,"RawData":"+210-100+140-47085+105","RawDataInfo":[5,5,0]}}
tele/tasmota/6006C3/RESULT {"IrReceived":{"Protocol":"JVC","Bits":16,"Data":"0xC038","DataLSB":"0x31C","Repeat":0,"RawData":"+8430-4260+525-1605CdC-565C-570Ce+550-540GhCeGhCeC-1610+520iG-1580GhGhCeG-23735GkCi+545fCmMhGmJ-590+500nC-560OfJdCdCdGhMmCeGlJiM-1585GhCeGhCeCeGhGhGhCiGkGiCh+555hGe+510","RawDataInfo":[103,103,0]}}
tele/tasmota/6006C3/RESULT {"IrReceived":{"Protocol":"JVC","Bits":16,"Data":"0xC078","DataLSB":"0x31E","Repeat":0,"RawData":"+8520-4170+615-1515+585-1545+610-480E-505GhGhChGhEiE-1550GdG-1520+580jEiEiGhE-22660EfGkEiE-510EiEnLnLnLnLjLjEjLjEnGhEi+605-22640EfEfEnEnLnEnLnLnLnLjLjLjLjLnLnLnLmLjLjLnLnLnLnLnLnLnEjLjLjLjLnLnLnLmLjLjLnLnLnLnLnLnLnLjLjLjLjLnLnLnL-22665LjLjLnLnLnL-515LrLnLr+575-1555StStLtSrLrLrSqStStL-530+555-535VwVwVwVwVwV-1575VxVxVxV-540VwVy+550-22690V-1580Z-1580ZyZyZyZyZyZyZyZ-1580Z-1580Z-1580Z-1580ZyZyZyZ-22695Z-1580Z-1580ZyZyZyZ-545+545yZyZyZ-1580Z-1580Z-1580Z-1580ZyZyZyZ-22695Z-1580Z-1580ZyZyZ-545ZyZyZyZyZ-1580Z-1580Z-1580Z-1580ZyZyZyZ-22695Z-1580Z-1580ZyZyZyZyZyZyZyZ-1580Z-1580Z-1580Z-1580ZyZyZyZ-22695Z-1580Z-1580ZyZyZ-545+545yZyZyZyZ-1580Z-1580Z-1580Z-1580ZyZyZyZ-22695Z-1580Z-1580ZyZyZyZyZyZyZyZ-1580Z-1580Z-1580Z-1580ZyZyZyZ-22695Z-1580Z-1580Z-545ZyZyZyZyZyZ-545Z-1580Z-1580Z-1580Z-1580ZyZyZyZ-22695Z-1580Z-1580ZyZyZyZyZyZyZyZ-1580Z-1580Z-1580Z-1580ZyZyZyZ","RawDataInfo":[511,511,0]}}
tele/tasmota/6006C3/RESULT {"IrReceived":{"Protocol":"JVC","Bits":16,"Data":"0xC078","DataLSB":"0x31E","Repeat":0,"RawData":"+8480-4205+580-1550CdC-510CeC-515CeCeCfCeCd+575-1555GhG-1575+555fGfCfG-22690JiJiJ-540J-535Jl+550lJmJmJlN-1580NoNoNoNlNlNlNkNoNoNlNlNlN-545NlNlNlNoNoNoN-1585PlNlNlN","RawDataInfo":[103,103,0]}}
tele/tasmota/6006C3/RESULT {"IrReceived":{"Protocol":"JVC","Bits":16,"Data":"0xC078","DataLSB":"0x31E","Repeat":0,"RawData":"+8480-4210+575-1560C-1575+555-535F-515CgF-540FgFhC-520C-1580+550dCeFkLiLiLiF-22690LkLkLiLiLiLiLiLiLiLkLkLkLkLiLiLi+525-22720L-1585LkLiLiN-565LiLiLiLiLkLkLkLkLiL-545LiL","RawDataInfo":[103,103,0]}}
tele/tasmota/6006C3/RESULT {"IrReceived":{"Protocol":"JVC","Bits":16,"Data":"0xC078","DataLSB":"0x31E","Repeat":0,"RawData":"+8490-4195+590-1545+585dE-510+610-480+580fE-505GhEjGh+615-1520GlGlGlEjC-500EfE-22660EdEdEjEfEjEjEf+600-490GhE-1550EqGlGlEfEfEjInC-1540EqG-485GhEfGhEfGhGhEqEqIqIqIfIfIfInIqIqIfIfI-515IfIfIfIfIqIqIqIqIfIfIfI","RawDataInfo":[137,137,0]}}
tele/tasmota/6006C3/RESULT {"IrReceived":{"Protocol":"JVC","Bits":16,"Data":"0xC078","DataLSB":"0x31E","Repeat":0,"RawData":"+8490-4195+585-1545+610-1520C-505C-510CgE-480Cg+590gEi+615-1515CdEfCdCgEiCgE-22635EfEfCgChChChEiCgCgCdEfEfCdEiChCgC-22660+580-1550OpCgCgEiCgE-485OhOhOpOpCpOpOhOhOhC","RawDataInfo":[103,103,0]}}
tele/tasmota/6006C3/RESULT {"IrReceived":{"Protocol":"JVC","Bits":16,"Data":"0xC078","DataLSB":"0x31E","Repeat":0,"RawData":"+8520-4165+585-1545CdC-510+610-480+580eFgF-485Fg+615gF-1525F-1520CdH-1550CeFgFg+605-22635CdCmFiHeHeHeC-505CeCeCdCmFlCmCeHeHeH-22660HmHmHeCeHeHeHeHeHeHmHmHmHmHeHeHeH","RawDataInfo":[103,103,0]}}
tele/tasmota/6006C3/RESULT {"IrReceived":{"Protocol":"UNKNOWN","Bits":73,"Hash":"0x075AE63C","Repeat":0,"RawData":"+5725-95+655bBb+1220-100+295-4325+460-1670+485-1635+445-645+500-595+525-590+475qR-670+420mN-1580+520-1610+530-1785+340-680+410k+470s+470-610HmT-22780+490-1660L-1685+470-650+440mT-615RoP-615Nq+470-1660R-1630N-1605PqNwPqNo+495qN-22745R-1655N-1605P-600+495-565P-565P-565+555-540P-570+550wN-1605+550-1585+550-565N-1605P-605JqNqN-22740NwN-1655No+495-565+555-535P-565PoNqN-1660+470-1605X-1630NqN-1660+470qNqN-620+480","RawDataInfo":[145,145,0]}}
tele/tasmota/6006C3/RESULT {"IrReceived":{"Protocol":"JVC","Bits":16,"Data":"0xC0E8","DataLSB":"0x317","Repeat":0,"RawData":"+8485-4200+580-1550+585dC-510CfCfCfCfCfCdC-1555CgCfCg+575f+555-540HfC-22665CdCgCfCfCfCfCfCfCgHdCdC-515HdCfClCfCkHgCdCfCfCfClClClHgCdCgClHgHlHlHlH","RawDataInfo":[103,103,0]}}
tele/tasmota/179E4E/RESULT {"IrReceived":{"Protocol":"UNKNOWN","Bits":3,"Hash":"0x22AE7A29","Repeat":0,"RawData":"+320-11070+400-28720A","RawDataInfo":[5,5,0]}}
tele/tasmota/179E4E/RESULT {"IrReceived":{"Protocol":"UNKNOWN","Bits":3,"Hash":"0x22AE7A29","Repeat":0,"RawData":"+395-2165+380-2865+370","RawDataInfo":[5,5,0]}}
tele/tasmota/179E4E/RESULT {"IrReceived":{"Protocol":"UNKNOWN","Bits":5,"Hash":"0x34EAD684","Repeat":0,"RawData":"+380-1405+270-3985+690-3640+505-2615+255","RawDataInfo":[9,9,0]}}
tele/tasmota/600605/RESULT {"IrReceived":{"Protocol":"UNKNOWN","Bits":3,"Hash":"0x25AE7EE0","Repeat":0,"RawData":"+100-110Aa+120","RawDataInfo":[5,5,0]}}
tele/tasmota/179E4E/RESULT {"IrReceived":{"Protocol":"UNKNOWN","Bits":4,"Hash":"0xFFCB42B4","Repeat":0,"RawData":"+320-23245+370-20170+285-20810+380","RawDataInfo":[7,7,0]}}
cmnd/tasmota/600605/IRsend IRSend 38000,9020,4523,552,552,552,552,552,1683,552,552,552,552,552,552,552,552,552,552,552,1683,552,1683,552,552,552,1683,552,1683,552,1683,552,1683,552,1683,552,552,552,552,552,552,552,1683,552,552,552,552,552,552,552,552,552,1683,552,1683,552,1683,552,552,552,1683,552,1683,552,1683,552,1683,552,43994
stat/tasmota/600605/RESULT {"IRSend":"Done"}
tele/tasmota/179E4E/RESULT {"IrReceived":{"Protocol":"NEC","Bits":32,"Data":"0x20DF10EF","DataLSB":"0x4FB08F7","Repeat":0,"RawData":"+9035-4515+585-525C-520+590-1655+555-560CeFeFeCdFg+540-1700J-575F-1650J-1710H-1685J-1705JkI-550FeCdFgHqFeFdCeFgHoFgFd+535nFmFgFgF","RawDataInfo":[67,67,0]}}
cmnd/tasmota/600605/IRsend IRSend 38000,9020,4523,552,552,552,552,552,552,552,552,552,1683,552,552,552,552,552,552,552,1683,552,1683,552,1683,552,1683,552,552,552,1683,552,1683,552,1683,552,552,552,552,552,552,552,552,552,552,552,552,552,552,552,552,552,1683,552,1683,552,1683,552,1683,552,1683,552,1683,552,1683,552,1683,552,43994
stat/tasmota/600605/RESULT {"IRSend":"Done"}
tele/tasmota/179E4E/RESULT {"IrReceived":{"Protocol":"NEC","Bits":32,"Data":"0x8F700FF","DataLSB":"0x10EF00FF","Repeat":0,"RawData":"+9035-4510+585-525Cd+590-520EfE-1655+560-550EfEdCg+540-1705EgCgJ-575EgEgJkCdCdEfEfCdCfEfEfCg+555-1685EgEgJ-1700H-1680J-1710MnE","RawDataInfo":[67,67,0]}}
tele/tasmota/600605/RESULT {"IrReceived":{"Protocol":"UNKNOWN","Bits":34,"Hash":"0x5A6AB5FF","Repeat":0,"RawData":"+95-345+110-5035+180-100+185-2620+455-105+305-5395E-11045+150-6250+330-375+145f+120-1890G-520+380fJc+465-4160+85-3605+200-3420+205-170+230-14705+295z+235-500+280-5005+205-700+620-4810+260-1095+190-6305J-4585+90-2830+210-740+285-7650Y-535+90-5595A-42550+175","RawDataInfo":[67,67,0]}}
cmnd/tasmota/600605/IRsend IRSend 38000,9020,4523,552,552,552,552,552,1683,552,552,552,552,552,552,552,552,552,552,552,1683,552,1683,552,552,552,1683,552,1683,552,1683,552,1683,552,1683,552,552,552,552,552,552,552,1683,552,552,552,552,552,552,552,552,552,1683,552,1683,552,1683,552,552,552,1683,552,1683,552,1683,552,1683,552,43994
stat/tasmota/600605/RESULT {"IRSend":"Done"}
tele/tasmota/179E4E/RESULT {"IrReceived":{"Protocol":"NEC","Bits":32,"Data":"0x20DF10EF","DataLSB":"0x4FB08F7","Repeat":0,"RawData":"+9035-4510+585-525+590dC-1655+530-580+540-575+555-560+550mLmC-1660K-1685EdKo+535-1710LoCfLoCdKkKmEfEdEdKkKmLoKoEfLmI-1705LoCfLoI","RawDataInfo":[67,67,0]}}
cmnd/tasmota/600605/IRsend IRSend 38000,4523,4523,552,552,552,552,552,552,552,552,552,1683,552,552,552,552,552,552,552,1683,552,1683,552,1683,552,1683,552,552,552,1683,552,1683,552,1683,552,1683,552,552,552,552,552,552,552,552,552,552,552,552,552,552,552,552,552,1683,552,1683,552,1683,552,1683,552,1683,552,1683,552,1683,552,43994
stat/tasmota/600605/RESULT {"IRSend":"Done"}
tele/tasmota/179E4E/RESULT {"IrReceived":{"Protocol":"UNKNOWN","Bits":34,"Hash":"0xB301BD1F","Repeat":0,"RawData":"+4550-4500+590-520C-525+585dCdC-1650+540-575CeFdC-1655CjF-1660+535-1710FeFjFj+560-1685L-1705FeCeCdCeC-530FeCdHiCjCjCjCjFjCjCjF","RawDataInfo":[67,67,0]}}
cmnd/tasmota/600605/IRsend IRSend 38000,8389,4207,526,1578,526,1578,526,526,526,526,526,526,526,526,526,526,526,526,526,526,526,526,526,1578,526,1578,526,526,526,526,526,526,526,526,526,41995
stat/tasmota/600605/RESULT {"IRSend":"Done"}
tele/tasmota/179E4E/RESULT {"IrReceived":{"Protocol":"JVC","Bits":16,"Data":"0xC030","DataLSB":"0x30C","Repeat":0,"RawData":"+8415-4185+560-1550C-1555C-500CfCf+565-495GhGhGhGfCdGdGfCfCfGhG","RawDataInfo":[35,35,0]}}
cmnd/tasmota/600605/IRsend IRSend 37000,3459,1729,432,1297,432,1297,432,432,432,432,432,432,432,432,432,432,432,432,432,1297,432,432,432,432,432,432,432,432,432,432,432,432,432,432,432,432,432,1297,432,432,432,432,432,432,432,1297,432,432,432,432,432,1297,432,432,432,432,432,432,432,432,432,1297,432,432,432,432,432,1297,432,1297,432,432,432,432,432,432,432,432,432,432,432,432,432,432,432,432,432,432,432,432,432,432,432,432,432,432,432,432,432,74737
stat/tasmota/600605/RESULT {"IRSend":"Done"}
tele/tasmota/179E4E/RESULT {"IrReceived":{"Protocol":"PANASONIC","Bits":48,"Data":"0xC0804484C000","DataLSB":"0x30122210300","Repeat":0,"RawData":"+3470-1720+460-1275C-1280+450-415+455gHgHgF-420FgHeFgCgHgFgHgCgCgFgHeHgCgFgHeFgCgCeFgFiFgCgFeCgC-410+465-1270CeHgCgH-430KjCgCiHgCgHgCgHgCgHgHgC","RawDataInfo":[99,99,0]}}
cmnd/tasmota/600605/IRsend IRSend 38000,4470,4470,552,1683,552,1683,552,1683,552,552,552,552,552,552,552,552,552,552,552,1683,552,1683,552,1683,552,552,552,552,552,552,552,552,552,552,552,552,552,1683,552,552,552,552,552,552,552,552,552,552,552,552,552,1683,552,552,552,1683,552,1683,552,1683,552,1683,552,1683,552,1683,552,30004
stat/tasmota/600605/RESULT {"IRSend":"Done"}
tele/tasmota/179E4E/RESULT {"IrReceived":{"Protocol":"SAMSUNG","Bits":32,"Data":"0xE0E040BF","DataLSB":"0x70702FD","Repeat":0,"RawData":"+4495-4445+590-1650C-1655Ce+540-575C-520+585-525ChIjCeIeCdChChChI-530ChChCeChCjChFgChCjIeChCeCe+580-1660CeCeIeI","RawDataInfo":[67,67,0]}}
cmnd/tasmota/600605/IRsend IRSend 38400,4508,4508,573,1694,573,573,573,573,573,573,573,573,573,573,573,573,573,573,573,573,573,1694,573,573,573,573,573,1694,573,1694,573,1694,573,573,573,573,573,1694,573,573,573,573,573,24805
stat/tasmota/600605/RESULT {"IRSend":"Done"}
tele/tasmota/179E4E/RESULT {"IrReceived":{"Protocol":"UNKNOWN","Bits":22,"Hash":"0xFA37F15D","Repeat":0,"RawData":"+4525-4500+595-1680C-560+555-600FgFg+605-550FcFgHiH-1670Ci+610iHjC-1675ClCe+580-575K-1665CfHiH","RawDataInfo":[43,43,0]}}
cmnd/tasmota/600605/IRsend IRSend 38000,4523,4444,500,500,500,500,500,500,500,500,500,500,500,1473,500,500,500,500,500,500,500,500,500,500,500,500,500,500,500,500,500,500,500,500,500,4444,500,1473,500,1473,500,1473,500,500,500,1473,500,1473,500,500,500,1473,500,500,500,500,500,500,500,500,500,500,500,500,500,1473,500,500,500,1473,500,1473,500,1473,500,1473,500,26875
stat/tasmota/600605/RESULT {"IRSend":"Done"}
tele/tasmota/179E4E/RESULT {"IrReceived":{"Protocol":"SAMSUNG36","Bits":36,"Data":"0x400ED02F","DataLSB":"0x2700BF4","Repeat":0,"RawData":"+4545-4420+540-470CdCdCdCdC-1445+535-475CdFdCdCdCdCdCdCdFgFbC-1440CeCeCdCeCeCdCeCdCdFgFgFdCdCeFgCe+530-1450FjIjF","RawDataInfo":[77,77,0]}}
cmnd/tasmota/600605/IRsend IRSend 38000,8993,4497,552,1683,552,552,552,1683,552,1683,552,552,552,552,552,1683,552,552,552,552,552,1683,552,552,552,552,552,1683,552,1683,552,552,552,1683,552,552,552,552,552,552,552,1683,552,552,552,1683,552,1683,552,552,552,1683,552,1683,552,1683,552,552,552,1683,552,552,552,552,552,1683,552,552,552,552,552,552,552,552,552,552,552,552,552,552,552,552,552,1683,552,1683,552,1683,552,1683,552,1683,552,1683,552,1683,552,1683,552,107999
stat/tasmota/600605/RESULT {"IRSend":"Done"}
tele/tasmota/179E4E/RESULT {"IrReceived":{"Protocol":"MIDEA24","Bits":24,"Data":"0xB21600","DataLSB":"0x4D6800","Repeat":0,"RawData":"+9005-4490+585-1655+540-575+590dE-1700G-520C-525CdEfCiG-1650EfCjGdG-1660+535fGkEfGiCjCd+555-560CdM-1710EfGdE-1705O-1680O-550Gd+580-530CjGdNoCiGiGjGiCjCjGiGkOrO-1685GdCdCdGdCdG","RawDataInfo":[99,99,0]}}
cmnd/tasmota/600605/IRsend IRSend 38000,8993,4497,552,1683,552,552,552,1683,552,1683,552,552,552,552,552,1683,552,552,552,552,552,1683,552,552,552,552,552,1683,552,1683,552,552,552,1683,552,552,552,552,552,552,552,1683,552,552,552,1683,552,1683,552,552,552,1683,552,1683,552,1683,552,552,552,1683,552,552,552,552,552,1683,552,552,552,552,552,552,552,552,552,552,552,552,552,552,552,552,552,1683,552,1683,552,1683,552,1683,552,1683,552,1683,552,1683,552,1683,552,107999
stat/tasmota/600605/RESULT {"IRSend":"Done"}
tele/tasmota/179E4E/RESULT {"IrReceived":{"Protocol":"MIDEA24","Bits":24,"Data":"0xB21600","DataLSB":"0x4D6800","Repeat":0,"RawData":"+9010-4485+540-1705C-575+590-1655C-1710+535-580F-520F-1650+560-550Fk+585gMnO-525F-1660+555-1685RrOgFpOpOpFgRrOgRsCeFgFgRsFp+530hOpOpOgOpFpRnOpOpFpOkFkMsOgOqOgFgOqOgOgM","RawDataInfo":[99,99,0]}}
cmnd/tasmota/600605/IRsend {"Protocol":"NEC","Bits":32,"Data":"0x20DF10EF"}
stat/tasmota/600605/RESULT {"IRSend":"Done"}
tele/tasmota/179E4E/RESULT {"IrReceived":{"Protocol":"NEC","Bits":32,"Data":"0x20DF10EF","DataLSB":"0x4FB08F7","Repeat":0,"RawData":"+8980-4500+595-540+590-535E-1660+585-545HdEdEfEdE-1655CjEfEgEj+570-1680E-1665CjCfHdHiHgCfCfEfCfC-1650CjCjCfEjCjEjCjC","RawDataInfo":[67,67,0]}}
tele/tasmota/600605/RESULT {"IrReceived":{"Protocol":"UNKNOWN","Bits":15,"Hash":"0xDE56EC4C","Repeat":0,"RawData":"+140-95+230-4510+260-165+90-2020+180-14370A-1845+85-13495+210-18110+125-8625+200-6600I-2345+205-1765+255-13290+170-15560+80","RawDataInfo":[29,29,0]}}
tele/tasmota/600605/RESULT {"IrReceived":{"Protocol":"UNKNOWN","Bits":5,"Hash":"0x834CCC9C","Repeat":0,"RawData":"+715-165+285-42010+300-22220+200-100+145","RawDataInfo":[9,9,0]}}
cmnd/tasmota/600605/IRsend {"Protocol":"NEC","Bits":32,"Data":"0x20DF10EF"}
stat/tasmota/600605/RESULT {"IRSend":"Done"}
tele/tasmota/179E4E/RESULT {"IrReceived":{"Protocol":"NEC","Bits":32,"Data":"0x20DF10EF","DataLSB":"0x4FB08F7","Repeat":0,"RawData":"+8980-4495+590-545C-540C-1660Ce+585dCeCeGeG-1665+595-1650+600-535C-1655IjImImImClIlIlCmIlIlCeClImCmImIlCmImImCmI","RawDataInfo":[67,67,0]}}
cmnd/tasmota/600605/IRsend {"Protocol":"NEC2","Bits":32,"Data":"0x20DF10EF"}
stat/tasmota/600605/RESULT {"IRSend":"Wrong Protocol (RC5|RC6|NEC|SONY|PANASONIC|JVC|SAMSUNG|WHYNTER|AIWA_RC_T501|MITSUBISHI|DISH|SHARP|DENON|SHERWOOD|RCMM|SANYO_LC7461|RC5X|NEC_LIKE|NIKAI|MAGIQUEST|LASERTAG|CARRIER_AC|MITSUBISHI2|HITACHI_AC2|GICABLE|LUTRON|PIONEER|SAMSUNG36|LEGOPF|INAX|SONY_38K|EPSON|SYMPHONY|HITACHI_AC3|DOSHISHA|MULTIBRACKETS|CARRIER_AC40|MIDEA24|ZEPEAL|METZ|ELITESCREENS|MILESTAG2|XMP|BOSE|ARRIS|COOLIX48|KELON168|DAIKIN200|CARRIER_AC128|TOTO|CLIMABUTLER|TCL96AC|SANYO_AC152|DAIKIN312|GORENJE|WOWWEE|CARRIER_AC84|BLUESTARHEAVY)"}
cmnd/tasmota/600605/IRsend {"Protocol":"NECX1","Bits":32,"Data":"0x08F7807F"}
stat/tasmota/600605/RESULT {"IRSend":"Wrong Protocol (RC5|RC6|NEC|SONY|PANASONIC|JVC|SAMSUNG|WHYNTER|AIWA_RC_T501|MITSUBISHI|DISH|SHARP|DENON|SHERWOOD|RCMM|SANYO_LC7461|RC5X|NEC_LIKE|NIKAI|MAGIQUEST|LASERTAG|CARRIER_AC|MITSUBISHI2|HITACHI_AC2|GICABLE|LUTRON|PIONEER|SAMSUNG36|LEGOPF|INAX|SONY_38K|EPSON|SYMPHONY|HITACHI_AC3|DOSHISHA|MULTIBRACKETS|CARRIER_AC40|MIDEA24|ZEPEAL|METZ|ELITESCREENS|MILESTAG2|XMP|BOSE|ARRIS|COOLIX48|KELON168|DAIKIN200|CARRIER_AC128|TOTO|CLIMABUTLER|TCL96AC|SANYO_AC152|DAIKIN312|GORENJE|WOWWEE|CARRIER_AC84|BLUESTARHEAVY)"}
cmnd/tasmota/600605/IRsend {"Protocol":"NECX2","Bits":32,"Data":"0x0808807F"}
stat/tasmota/600605/RESULT {"IRSend":"Wrong Protocol (RC5|RC6|NEC|SONY|PANASONIC|JVC|SAMSUNG|WHYNTER|AIWA_RC_T501|MITSUBISHI|DISH|SHARP|DENON|SHERWOOD|RCMM|SANYO_LC7461|RC5X|NEC_LIKE|NIKAI|MAGIQUEST|LASERTAG|CARRIER_AC|MITSUBISHI2|HITACHI_AC2|GICABLE|LUTRON|PIONEER|SAMSUNG36|LEGOPF|INAX|SONY_38K|EPSON|SYMPHONY|HITACHI_AC3|DOSHISHA|MULTIBRACKETS|CARRIER_AC40|MIDEA24|ZEPEAL|METZ|ELITESCREENS|MILESTAG2|XMP|BOSE|ARRIS|COOLIX48|KELON168|DAIKIN200|CARRIER_AC128|TOTO|CLIMABUTLER|TCL96AC|SANYO_AC152|DAIKIN312|GORENJE|WOWWEE|CARRIER_AC84|BLUESTARHEAVY)"}
cmnd/tasmota/600605/IRsend {"Protocol":"JVC","Bits":16,"Data":"0xC030"}
stat/tasmota/600605/RESULT {"IRSend":"Done"}
tele/tasmota/179E4E/RESULT {"IrReceived":{"Protocol":"JVC","Bits":16,"Data":"0xC030","DataLSB":"0x30C","Repeat":0,"RawData":"+8470-4210+535-1730+565-1695E-495Eg+560gEgHgEgHgEgE-1690H-1700+510-550EgE-490EgE","RawDataInfo":[35,35,0]}}
cmnd/tasmota/600605/IRsend {"Protocol":"JVC-48","Bits":48,"Data":"0xC0804484C000"}
stat/tasmota/600605/RESULT {"IRSend":"Wrong Protocol (RC5|RC6|NEC|SONY|PANASONIC|JVC|SAMSUNG|WHYNTER|AIWA_RC_T501|MITSUBISHI|DISH|SHARP|DENON|SHERWOOD|RCMM|SANYO_LC7461|RC5X|NEC_LIKE|NIKAI|MAGIQUEST|LASERTAG|CARRIER_AC|MITSUBISHI2|HITACHI_AC2|GICABLE|LUTRON|PIONEER|SAMSUNG36|LEGOPF|INAX|SONY_38K|EPSON|SYMPHONY|HITACHI_AC3|DOSHISHA|MULTIBRACKETS|CARRIER_AC40|MIDEA24|ZEPEAL|METZ|ELITESCREENS|MILESTAG2|XMP|BOSE|ARRIS|COOLIX48|KELON168|DAIKIN200|CARRIER_AC128|TOTO|CLIMABUTLER|TCL96AC|SANYO_AC152|DAIKIN312|GORENJE|WOWWEE|CARRIER_AC84|BLUESTARHEAVY)"}
cmnd/tasmota/600605/IRsend {"Protocol":"SAMSUNG","Bits":32,"Data":"0xE0E040BF"}
stat/tasmota/600605/RESULT {"IRSend":"Done"}
tele/tasmota/179E4E/RESULT {"IrReceived":{"Protocol":"SAMSUNG","Bits":32,"Data":"0xE0E040BF","DataLSB":"0x70702FD","Repeat":0,"RawData":"+4500-4490+595-1660C-1655CeC-535+590-540GhCfGhGeCeC-1650GfGhGhGh+580-545CfCeCfGfCfCfGhGfCiCfCeCeGeCeCeCeC","RawDataInfo":[67,67,0]}}
cmnd/tasmota/600605/IRsend {"Protocol":"SAMSUNG20","Bits":20,"Data":"0x4E80"}
stat/tasmota/600605/RESULT {"IRSend":"Wrong Protocol (RC5|RC6|NEC|SONY|PANASONIC|JVC|SAMSUNG|WHYNTER|AIWA_RC_T501|MITSUBISHI|DISH|SHARP|DENON|SHERWOOD|RCMM|SANYO_LC7461|RC5X|NEC_LIKE|NIKAI|MAGIQUEST|LASERTAG|CARRIER_AC|MITSUBISHI2|HITACHI_AC2|GICABLE|LUTRON|PIONEER|SAMSUNG36|LEGOPF|INAX|SONY_38K|EPSON|SYMPHONY|HITACHI_AC3|DOSHISHA|MULTIBRACKETS|CARRIER_AC40|MIDEA24|ZEPEAL|METZ|ELITESCREENS|MILESTAG2|XMP|BOSE|ARRIS|COOLIX48|KELON168|DAIKIN200|CARRIER_AC128|TOTO|CLIMABUTLER|TCL96AC|SANYO_AC152|DAIKIN312|GORENJE|WOWWEE|CARRIER_AC84|BLUESTARHEAVY)"}
cmnd/tasmota/600605/IRsend {"Protocol":"SAMSUNG36","Bits":36,"Data":"0x400ED02F"}
stat/tasmota/600605/RESULT {"IRSend":"Done"}
tele/tasmota/179E4E/RESULT {"IrReceived":{"Protocol":"SAMSUNG36","Bits":36,"Data":"0x400ED02F","DataLSB":"0x2700BF4","Repeat":0,"RawData":"+4495-4490+540-475C-470Ce+535eCeC-1450FeCeCeFdFeCeFeCeCeFdF-4460CgC-1445CgCeCiCgCeCgCeCeCeCeCeCeCiCeCgCgCiCgC","RawDataInfo":[77,77,0]}}
cmnd/tasmota/600605/IRsend {"Protocol":"48-NEC1","Bits":48,"Data":"0xB24D16E900FF"}
stat/tasmota/600605/RESULT {"IRSend":"Done"}
cmnd/tasmota/600605/IRsend {"Protocol":"48-NEC2","Bits":48,"Data":"0xB24D16E900FF"}
stat/tasmota/600605/RESULT {"IRSend":"Done"}
cmnd/tasmota/600605/IRsend {"Protocol":"48-NEC1","Bits":48,"Data":"0xB24D16E900FF"}
stat/tasmota/600605/RESULT {"IRSend":"Done"}
cmnd/tasmota/600605/IRsend {"Protocol":"48","Bits":48,"Data":"0xB24D16E900FF"}
stat/tasmota/600605/RESULT {"IRSend":"Done"}
cmnd/tasmota/600605/IRsend {"Protocol":"48-NEC1","Bits":48,"Data":"0xB24D16E900FF"}
stat/tasmota/600605/RESULT {"IRSend":"Done"}
tele/tasmota/600605/RESULT {"IrReceived":{"Protocol":"NEC","Bits":32,"Data":"0x20DF10EF","DataLSB":"0x4FB08F7","Repeat":0,"RawData":"+9150-4525+620-535CdC-1660CdCdCdCdCdC-1665CfCdCf+615fGfCfGfG-540Gh+610hG-1690+590-560KlKhGlK-1695KmKjK-565KjKmKjKmK-40335+9120-2270K","RawDataInfo":[71,71,0]}}
tele/tasmota/179E4E/RESULT {"IrReceived":{"Protocol":"NEC","Bits":32,"Data":"0x20DF10EF","DataLSB":"0x4FB08F7","Repeat":0,"RawData":"+9125-4550+595-560+590d+620-1665CdE-565+585hIhEeF-1635E-1695EhE-1690FgFlEg+625gEdEdF-535ElFdEd+650-480FnE-1720H-1715HkEhElFgFlElH-40330+9120-2300H","RawDataInfo":[71,71,0]}}
tele/tasmota/600605/RESULT {"IrReceived":{"Protocol":"NEC","Bits":32,"Data":"0xFFE21D","DataLSB":"0xFF47B8","Repeat":0,"RawData":"+9045-4425+655-470C-465Ce+620-500Fg+660eCd+625g+630-1615I-1625+650-1595CnI-1620H-1555HoM-1600MnF-1630C-1590CdFg+645-480IlHeCeFgF-505FlM-1605FlTuFrF-40940+9035-2210C","RawDataInfo":[71,71,0]}}
tele/tasmota/179E4E/RESULT {"IrReceived":{"Protocol":"NEC","Bits":32,"Data":"0xFFE21D","DataLSB":"0xFF47B8","Repeat":0,"RawData":"+9040-4435+615-510CdCd+620d+640-480CdFgEdC-1630EhEhEhC-1640ChF-1605EhEhFj+590-1660K-535Km+560-565+580-1665P-545Pm+585-540PtSqPqSlStPqK-40970+8985-2265C","RawDataInfo":[71,71,0]}}
cmnd/tasmota/600605/IRsend 0,9000,4500,562,562,562,562,562,1687,562,562,562,562,562,562,562,562,562,562,562,1687,562,1687,562,562,562,1687,562,1687,562,1687,562,1687,562,1687,562,1687,562,562,562,1687,562,562,562,562,562,1687,562,562,562,562,562,562,562,1687,562,562,562,1687,562,1687,562,562,562,1687,562,1687,562,41000,9000,2250,562,50000
stat/tasmota/600605/RESULT {"IRSend":"Done"}
tele/tasmota/179E4E/RESULT {"IrReceived":{"Protocol":"NEC","Bits":32,"Data":"0x20DFA45B","DataLSB":"0x4FB25DA","Repeat":0,"RawData":"+9005-4490+595-540+590-545E-1670CdEfEfE-550+585fEgC-1665EdEgC-1660CjCjCjCjEdIgCdEfIgEfIfEfIgCdEgCjCdEgCjC-41080+9030-2230C","RawDataInfo":[71,71,0]}}
tele/tasmota/179E4E/RESULT {"IrReceived":{"Protocol":"UNKNOWN","Bits":40,"Hash":"0x2C1E9189","Repeat":0,"RawData":"+675-1020+320-520+700-980+370-490+575-1190+1050-635+1125-445+435-750+725-580+400-450+345-925+315-610+510-690+640-895+340a+945-800+540-460A-740+545-470+405-395+515-585W-1045W-460S-1735+595-420+730-3345+810-33970U-630+620-1375+340-940E-1430G-560+540-645SnG-415+515-1140G-3955G-1975W-2225+515","RawDataInfo":[79,79,0]}}
tele/tasmota/600605/RESULT {"IrReceived":{"Protocol":"UNKNOWN","Bits":87,"Hash":"0xC432914E","Repeat":0,"RawData":"+785-935+335-560+705-840+415-450+810-900+1160-480+2055l+1210-465+385-470+355-995+275-510+735-515V-565+680-520+1190-500+325-490+1215l+880-845+1615-845+1220-530+300-910+2290-90+75-550+330-870+365-610+1085-33780+260-530+760-920V-970+760-895Vo+815-665+180-1345V-970+280-580+260-545+310-850+360-1015+290-530+310l+1155d+300-1320Qs+1375-605TlPd+655-525+1580-610+2310u+830-585+1715-640+360-1355+370-100+280d+725-925Q-720+1190-140+745-2125+1245-490Cl+360x+305-30920+555-950C-530+745-1755V-940+1135-610+1900-545K-490+360-500+310-910R-525+755lA-420+815-555+1140-490+360-540+1155h+1150-500+1610-1175+945-550+310-1050+975-195+1130l+280-1025+280-780+885","RawDataInfo":[173,173,0]}}
tele/tasmota/179E4E/RESULT {"IrReceived":{"Protocol":"MWM","Bits":72,"Data":"0x9619070F16CD180401","Repeat":0,"RawData":"+840-835+315-530+830-895+285-505+805-870+1235-450+435-1245+2090-485+400-1660+1645-440+815-855C-535+1270-415C-560G-955A-1260+1665-860+1240-445N-480+2015-460G-555+2910-33260C-915Tv+785j+810f+785t+785-500K-850+1690-430G-550C-925A-1285C-1385+790-865+310zG-525+790-500G-970+310d+1640-885Ch+310-555+810-1265+310-1830Sp+760-510G-550+1190p+2075-430+2095-430+345-1310G-580G-1815+810mG-1025Gd+1615-510C-470C-960+1670-32220+810-875+460-405Ia+410-460+785fK-420+380-1315+2175-395+320-1710+1690-430+780fC-500+1215-495GdMa+810-1260+1665-885+1215h+1185l+2065-490+375m+2925","RawDataInfo":[165,165,0]}}
tele/tasmota/600605/RESULT {"IrReceived":{"Protocol":"MWM","Bits":72,"Data":"0x9619070F16CD180401","Repeat":0,"RawData":"+815-835+420-450A-840+415-425+865e+1235-440+390-1270+2095gJ-1655+1670jE-830Cg+1275f+385-485R-855+820-1280+1675t+1250-435+1295-380+2125-400+445-395+2920-33255+410aC-875AhBuBfE-465+1215-845+1690-400F-455F-825U-1310K-1310+790-860F-455Fg+790-465KeJ-430+1640tF-430+445-400+850vK-1700O-460+810gJ-405+1220-480+2080d+2080cFlFdF-1660+845-430FeCgWgFgCtO-32215EeJcEaJ-395EeIj+410-1285+2070gF-1690+1690gEeKg+1245jJ-400FeE-1260+1695b+1245jX-465+2080cFg+2955","RawDataInfo":[165,165,0]}}
tele/tasmota/179E4E/RESULT {"IrReceived":{"Protocol":"UNKNOWN","Bits":78,"Hash":"0xEEB68CFA","Repeat":0,"RawData":"+810-870+410-420+835-840+385-485Af+1235-470G-1295+2095-395+440-1650+1670j+785-855+280-580+1210jS-1395Q-1740+1700-770+1290-415+1240-445+2085-415G-36690+445-815G-915Q-900Q-905+755-495+815j+1190-900X-400+360-1300+865-1660+465iF-830+315-535+375-460FdCf+315-530+1660-860C-430+460-405Q-1285C-1725+1720mQ-460+285-525+1240-430+2120-430+2090-400+465-1240+285-555+375-1720A-425+285-1000S-560+1635-455+805-880+310-935F-32230+845-845N-425Q-900+285-560+755-900+1240-445+380zL-460+285-1800+1665-460+760-900+290-525+1270-445C-1305Qx+1665-885+1270g+1240-475L-430+350","RawDataInfo":[155,155,0]}}
tele/tasmota/600605/RESULT {"IrReceived":{"Protocol":"MWM","Bits":72,"Data":"0x9619070F16E71804FF","Repeat":0,"RawData":"+840a+410b+870-810+415-425+845-835+1260-420E-1265+2100j+440-1650+1695eA-825+390-450+1240mEiA-1680+1670-850+1245mSe+2115qM-36665M-820+445pAz+890-795Am+895q+1270z+1700-400E-1270A-1710E-1255Z-855M-400Ef+790-495M-785QrUvEfM-395G-1255B-1690U-400+885-400E-430Wf+2130-395+2095fBkM-405BtA-430BaEr+1640jGvE-880Z-32220GcE-430+815aM-430+815gWmQ-1310+2075fE-1720NfAaM-405+1250-470Q-1270A-1700NvSm+1250mL-455+385","RawDataInfo":[155,155,0]}}
tele/tasmota/179E4E/RESULT {"IrReceived":{"Protocol":"MWM","Bits":72,"Data":"0x9619070F16F9180441","Repeat":0,"RawData":"+815-855+470-370+865-810CdEf+1270-415C-1210+2120-400+465-1620+1725-380+840-825+475d+1240-435+450-390P-2520N-795G-410G-395+2125vUv+2150d+445-33200R-785+480xA-870P-830+875zAc+1220-870+1735dPh+480-2480C-1225+880-785RdRd+870zC-790Cd+1700qRdCd+820-1285R-1635+1730-375AtRd+1245-440+2135z+2130zCi+440k+440-1655P-430+385-870+440k+1720dCd+2490-32625PpCdAeC-375A-870+1300oV-1285+2165-365R-1640+1730dA-870+445k+1305o+440k+845-2510+1700q+1245-440+1275h+2155-375L-375+2125k+440","RawDataInfo":[161,161,0]}}
tele/tasmota/600605/RESULT {"IrReceived":{"Protocol":"MWM","Bits":72,"Data":"0x9619070F16F9180441","Repeat":0,"RawData":"+815-880+385-425+920-760+415d+840-865+1240gG-1265+2120-400+440-1650+1690nA-825N-405Jn+410dH-2520+1665-850JnJ-455+2090d+390-450+2070z+420-33200+420hN-830H-845A-855Hd+820-490+1220v+1695dAnG-2510G-1285+820hG-430GwA-430N-820Gw+1645-855+465mYd+820-1285S-1725+1670-430AnY-430+1295y+2105z+2070-430S-1270SzC-1680+870mShSdUdGdT-32630+870-790NmA-870NrA-870+1245n+435-1235+2080zN-1670+1670dH-845Sw+1245gGz+820-2540+1670-855J-420+1275n+2100-430Yz+2070rN","RawDataInfo":[161,161,0]}}
tele/tasmota/600605/RESULT {"IrReceived":{"Protocol":"MWM","Bits":72,"Data":"0x9619070F1607180438","Repeat":0,"RawData":"+790-890+395-420+840e+410-450+815b+1185-440+415-1295+2070-480+335-1730+1620-505AhKn+1240kJ-1250+2085g+1640-880+1220-435+1245-430+2090gV-1305+820-33290K-900O-930+765-865E-830+810nA-490+1200-900+1670-400Fl+2075-455+385-1310+795-870+385-525+330-115+90-200+850-430FbOn+1590-900D-430+380nA-1310+385-1720+1615r+760j+385-455+1210-525+2040n+2015-530+310-1315K-430+360-1755Ag+365-920+360-425+1670n+360-425F-470+360-490+360-33125+780-975+280-510+740-955+350-455A-910+1215-550+305t+2105-510+330-1740+1615-525+760-895O-510+1195-465+390-1310+2020-510+1590-910XjTj+2100-455+1615-1345+785","RawDataInfo":[163,163,0]}}
tele/tasmota/179E4E/RESULT {"IrReceived":{"Protocol":"MWM","Bits":72,"Data":"0x9619070F1607180438","Repeat":0,"RawData":"+890-810+440-395+865-815C-400+835-840+1270-420C-1240+2120gC-1655+1695gIi+470d+1215c+445lMd+1665-830JcJgMdO-1250F-33290PfRtF-870F-855WgBp+1220-875+1725-375Cq+2125-430+410-1290If+450-415+410kI-430+495-755+415-425+1660x+410-430+410-430B-1285Cs+1720-375+805r+410-435+1235c+2100-425+2090-430+435-1245+410-430+410-1710B-430+410i+410-455+1670k+260-555+435-415+280-540+410-33095Bz+525-370+760w+410-430ItJ-415R-1245+2135g+415-1685+1670cBz+410-430+1245c+410-1260+2155-375+1670xJkJ-415+2100-430O-1235I","RawDataInfo":[161,161,0]}}
tele/tasmota/179E4E/RESULT {"IrReceived":{"Protocol":"MWM","Bits":72,"Data":"0x9619070F161518043D","Repeat":0,"RawData":"+840-830+445-395+865-810CdF-870+1270-415C-1240+2120-400+410-1690+1725dA-820+470d+1220cQdClM-430R-440+1700bH-405Jc+2130-420X-425I-1655G-33250Q-785Q-795Aa+815-855EvAq+1215a+1695lTsMyMv+1265iM-1295+790-855CyIxAsM-815Qd+1670-850MsIx+790-1310M-1665Uy+790qIx+1245c+2100s+2100sMh+385-460+385nAxC-855+385-460+1670s+1215-1315J-32270E-815MsAa+385tEa+1215tTh+2090sM-1650+1695i+815-890+365tJtCxMxIx+1215q+1665-860+1205cJq+2060-455+385tIn+790","RawDataInfo":[173,173,0]}}
tele/tasmota/600605/RESULT {"IrReceived":{"Protocol":"MWM","Bits":72,"Data":"0x9619070F161518043D","Repeat":0,"RawData":"+840-825+410-425+860-820+415-450+815-865+1240gG-1270+2095hC-1710+1620-455I-845Gh+1220-465+390-430Gd+435-405K-470+1645-855+1245d+1300t+2105dGd+420-1680A-33275Gj+360-905+790jF-850Ju+790-490+1215-870Yh+385p+385dGhRs+385-1295+790-880ThC-400+870wW-870ThY-905G-400Gu+790-1310+385-1720+1640-560+680-520+340-505+1165s+2080h+2050-500+315-1320T-480+385-1715+810-500+310-910T-480O-535+1160-1290+1210-32330+755-890T-480+785-920+335s+785jR-625+280-1295+2070-400T-1780+1560x+810-920+335s+1215-520+335dT-480+385d+1265-440Y-880+1215-490+1185-440Mv+380-490+360-1720+760","RawDataInfo":[173,173,0]}}
tele/tasmota/179E4E/RESULT {"IrReceived":{"Protocol":"MWM","Bits":72,"Data":"0x96190B090808180194","Repeat":0,"RawData":"+865-830+440-400+840e+470-395+785-870+1240cC-815+445g+1665-415CnId+1700-425+1670-420Q-430M-460+1720-360+1675eJ-450Cd+2925c+1265nCdH-33595Fd+805-875EeZn+810lEsMe+410sCs+1210l+2100tQsKs+410-455+280-535+410i+1645s+2095t+255-1405+810-2160IdHlE-875+790-480+280-560+1650i+280-535+410-455+790-480+280-950+410s+280-1000+2100-31010Ki+255-585+810-895+280-515+810i+1210-465+385-885+410s+1695d+435s+780f+1640c+1660t+1645-455+1610-500+1635s+1690b+1270n+285-585+2895-465+1215t+280-555+790","RawDataInfo":[157,157,0]}}
tele/tasmota/600605/RESULT {"IrReceived":{"Protocol":"MWM","Bits":72,"Data":"0x96190B090808180194","Repeat":0,"RawData":"+840-825+415-430A-835+440-375+865a+1240fCaC-420+1670-435+360-465+845-425+1700-400K-445+1675-450+1650pKfQ-815+1280-410C-455+2930f+1215l+390-480W-33560JpAaW-945+1190yWfAd+1665h+390pSj+1215-470+2075pTd+870p+390pJ-475MaQr+2130p+390-1270O-2120OpWcOaAd+390-480+1625-890+390p+470p+790dY-870+385dCo+2100-31035Aa+460-380+785-920F-390Wa+1265cY-880Y-405KpFd+810f+1640-490+1615-480+1590-480+1640fKs+1645-905+1190-495+390p+2900n+1220u+390j+850","RawDataInfo":[157,157,0]}}
tele/tasmota/600605/RESULT {"IrReceived":{"Protocol":"UNKNOWN","Bits":78,"Hash":"0x9B0A86B6","Repeat":0,"RawData":"+95-39860+840-855+440-425+850-830+415-395Cc+1265e+390-870I-400+1670-420+410eCfOpOe+1690-405Q-1680+1695i+1700-815+1270iP-430+2950iC-1260I-34550L-455Wg+810-865+1240eCqC-450+1645-865PjEn+1240-495+2040fO-450W-480+360-450L-450+385cOf+2095-455Q-1240C-2095CfW-465Wm+790-510+355yO-895+360-455Qn+845-455E-790+465nL-865+2095-31040C-845I-450+820-865+385-455+790d+1245-450+385mI-455+1645yIyCe+1645eO-455+1650-465+385-1740+1615-450+1620-900+1240pQ-455+2895eW-1330L","RawDataInfo":[155,155,0]}}
tele/tasmota/179E4E/RESULT {"IrReceived":{"Protocol":"MWM","Bits":72,"Data":"0x96190B09080F1801EE","Repeat":0,"RawData":"+870-800+500-370+810a+470d+840g+1265-385FeF-375+1695-380+445-410G-425+1670-420P-415+1725-395M-1620+1750-360S-815+1240m+450t+2985iG-1260+495-34415+475-400G-820+865g+1270-390+860rGo+1700-790+495dFd+1235-440+2125-400KtG-430+440tMt+440-785St+2125tF-1210G-2100G-430Aw+865gG-430N-430KxFdFdG-430N-835FdMe+2125-31010+865-845+440-400XaM-400G-825+1270-430R-845N-430+1730-365Z-400Em+1700r+1700t+1675-440I-1710+1780-340+1640-850Yq+465-400+2920-435X-1285+465","RawDataInfo":[153,153,0]}}
tele/tasmota/600605/RESULT {"IrReceived":{"Protocol":"MWM","Bits":72,"Data":"0x96190B0908101801FB","Repeat":0,"RawData":"+815-875+390-420+840eD-445E-810+1295-385+495-760+415-425+1670-435LmEl+1690-375+1695-440Nm+2120-400+1240sN-850+1320-350Lu+2950s+410wL-35260D-450+820e+845e+1245s+820s+870-430+1650-880C-430C-460V-450+2100-430NdElLmLmSe+1650s+2075-505+360-1260+865-2140+790-410E-430G-855+845-455I-465+1625-870+410-450C-430A-470C-890+365-450I-880+2070-31035+790-895+360mG-870Om+790-865+1260fI-845+410-450N-395C-500A-430+1675-450+1620m+1675s+2100mV-430N-880+1270lC-455+2900-465CeL","RawDataInfo":[153,153,0]}}
tele/tasmota/179E4E/RESULT {"IrReceived":{"Protocol":"MWM","Bits":72,"Data":"0x96190B0908101801FB","Repeat":0,"RawData":"+870-795+445-400+865-815C-420+805-875+1210c+440fK-430+1665-415+385-455+840k+1670gRn+1700g+2090lJ-470R-830+1270gNl+2890kK-850O-35260+480-370+895-790Qq+1245kQnIl+1675v+410lK-405Wl+2100dSkFcK-395NlNq+1650k+2125-405O-1290A-2110+790uFp+790-880+845l+410g+1645-895O-460Ol+810uN-810K-425Gy+2065-30985AfKl+785aKdQa+1240nNqCgRgN-395A-425Rl+1675l+1645cTl+1275-425+1645-855+1245kC-425+2900cKfU","RawDataInfo":[153,153,0]}}
tele/tasmota/600605/RESULT {"IrReceived":{"Protocol":"UNKNOWN","Bits":78,"Hash":"0x56375341","Repeat":0,"RawData":"+840-820+460-400+815-850+420g+870e+1245-435+440-830+390j+1670k+415-425BjNjN-360+1740g+865-1655+1250k+1675fIkO-100+120w+3035kO-1690N-33250Kd+845a+845aIj+845-410Ap+1695-800KpOp+1270d+2095pNjAkMgOpOaNj+2095p+410-1255A-2105A-410+845pEfSd+445-410+1770-740+410-405CoAdK-810KdK-825+2120-31030AaK-405AaKdAa+1270oKbO-450+1650pG-430ApV-450+1645p+1680-465+790-1710+1240k+1720-785IkOp+2920kO-1680N","RawDataInfo":[155,155,0]}}
tele/tasmota/179E4E/RESULT {"IrReceived":{"Protocol":"MWM","Bits":72,"Data":"0x96190B09081E18010F","Repeat":0,"RawData":"+815-865+440-400+840-825+475-365+870-810+1240cG-790+410-415+1700mG-370JcOm+1695dO-390I-1650+1270n+1730-795Tn+445d+2960n+385-1710U-33195+480p+895lIj+1245-435A-435+875-395UlCdCd+1305-360+2155hOm+845mGhW-395+470-785Om+2120dY-1280+875-2080A-435B-405J-855I-395Wm+1645bC-405Mn+900p+470-780+450rGv+2120-31030+875a+470-375EeGpAiTmWa+480hUpGp+895-375UhUp+1705nAzT-405+1725-780+1245-435Gp+2950n+470-1620Q","RawDataInfo":[153,153,0]}}
tele/tasmota/600605/RESULT {"IrReceived":{"Protocol":"MWM","Bits":72,"Data":"0x96190B09081C180140","Repeat":0,"RawData":"+820-840+440-425Bb+415-410+845-815+1285f+420-850Ed+1670dEj+865-390+1690eLdLd+1265-1250+1245cL-855RcJd+2930cTd+465-33220C-400B-830Gb+1270eMwH-435LkCwEd+1240c+2120wLdBeJdCwEkLd+2095dEyB-2095BfBdBa+860eEcLbEdCwMnEkCwEb+2125-31025GbEdBbC-405BbRcEgCw+1675cE-430Hc+1675dLj+1720wY-1260+1240cLkRcEe+2950f+2925cE","RawDataInfo":[153,153,0]}}
tele/tasmota/179E4E/RESULT {"IrReceived":{"Protocol":"MWM","Bits":72,"Data":"0x96190B09081C180140","Repeat":0,"RawData":"+840a+465-375+865-810+440-385+890-785+1270-415+500-765F-400+1720-395+445p+815-410+1725-380On+1750-370+1235-1230+1295gT-800Jk+470n+2955-390+2985p+450-33210+470uD-800+900i+1240-470A-425Ef+1670-850K-430S-425Xf+2070-430+1690-430I-470S-430S-430S-850+1670-425+2065-455Sj+790-2150I-470E-460I-870Ak+470s+1670rBnFnEk+470-800+435-405+435-820+2145-30995+900-790LwAaQpA-820JkQrLw+1700-390Qn+870-390Tn+1675k+1785-345JyZ-390V-775Z-390Sk+2950k+2975gB","RawDataInfo":[153,153,0]}}
tele/tasmota/179E4E/RESULT {"IrReceived":{"Protocol":"MWM","Bits":72,"Data":"0x96190B090837180115","Repeat":0,"RawData":"+840-855+410-430A-850+400-460+785-860+1260-420+440-800+365-505+1690-455+290-500+805-445+1660-470+1665f+1640wC-1285+285-955A-415+1695b+1215lLd+2920lCg+285-525+315-485+1235-33265+315-530+815-875+810-900+1190-480+815q+790u+1670i+375-490+285-555+1215u+2090-435X-485+755u+315-530+285-585+285-960+1695d+2065gG-1215+760-2205+760-510+725w+810-895Hl+285-595Y-895+315s+285-530Tw+285-980+285-580+285-940+2065-31025+810-880+315-530A-825+375-465A-870+1215w+375b+285-585Yw+285-555Hu+1695-405X-475+1670-425+285-1425+315-890+810-485Yi+1240u+285-570+2900w+285-550+315-530+315-530+1215","RawDataInfo":[165,165,0]}}
tele/tasmota/600605/RESULT {"IrReceived":{"Protocol":"MWM","Bits":72,"Data":"0x96190B090837180115","Repeat":0,"RawData":"+840-850+415-450+790-865C-430A-825+1240-440JhC-425+1670g+410kA-420+1665-465L-400Lj+390-1280J-830Ac+1650b+1290jRk+2920jCkMgCm+1270-33235Cg+820-860Z-870XgAqAjU-855+445qNk+1245j+2100k+1675k+845cN-455+385gJtLk+2095gM-1265A-2100AkZj+815-895Am+365pLaJqCkAcC-855JqMa+2095-31015Z-855JkZaC-455+815aXcDeJg+1690cMk+815-470+1645gL-470+1625-480+540-1115MaAdUb+1250jCn+2930jC-455+435-380NnX","RawDataInfo":[165,165,0]}}
tele/tasmota/600605/RESULT {"IrReceived":{"Protocol":"MWM","Bits":72,"Data":"0x96190B09084118012B","Repeat":0,"RawData":"+885-825+410-425+840eCd+815-850+1270c+440b+420d+1670j+415dEl+1675iKd+1680-445Cl+2130-400JdK-855HjL-430+2955lL-845LdIq+870-33170LdF-865F-860+1295-375XqEcMgIqIq+1265i+2065q+1720qUcLdIq+470-800+1665d+2095dL-1265E-2095EdEcEuEcLi+1700-820LsLdEj+435-830LsI-820+2100-31075+820gO-395Ue+495-345Xf+1240-465LeC-405+1690c+465-380+835l+1665dKj+1695dId+2070dIq+1665g+1240iL-385+3000-390I-830+435-405+435-405E","RawDataInfo":[165,165,0]}}
tele/tasmota/179E4E/RESULT {"IrReceived":{"Protocol":"UNKNOWN","Bits":83,"Hash":"0xEBC6CFD9","Repeat":0,"RawData":"+860-855+410-425+785-895+380-485+760-880+1235-440+385-885+360-475+1740g+465-370E-445+1665t+1670-455+1645t+260-595+2065rL-400V-830+1240-420Lr+2870-500+280-975+255-585+280-560E-33225GhEf+810-840+1210-480+810-460+780tVj+285-530C-460+1205t+2060h+1635-460E-470Y-580+280-560+255-980+1695-405+2115-405+495-1185+815-2120+840-430+840-415+840-840+870m+285-630+1585-925+280-535+280-590+755t+280-1015+280-555+280-975+2095-31030+810n+280-590E-870+280-590+775-900+1210-470+280-975+280-530+1690-420R-375+840-415+1720-400+1635t+1725-395Ow+2120-405+435-405+1695-825+1270l+285-515+2945-415T-825Cw+285-525+810","RawDataInfo":[165,165,0]}}
tele/tasmota/600605/RESULT {"IrReceived":{"Protocol":"MWM","Bits":72,"Data":"0x96190B09082B1801E4","Repeat":0,"RawData":"+930-740+520-320+855-820+485-350+860-830+1340-340+445-800+490-345+1775-325Cd+900-370+1735-360+1760r+1765h+470-785+505-335+500l+870-380+1740-790+1305-380+510l+2990-380+1305-380+875-34470Yt+875-810+875-805+1325lSt+870-380+1730-795+475-365Y-365+1300-380+2150t+1725-365+870-380+500l+500l+475-790+1750-365+2130tY-1215+870-2085+870t+875-380+870j+850-405+450-405+1675-835M-390M-395+845-405+450fM-395M-810+2125-31030+850-825+440-395+875-810M-395+870-810+1275-410M-810M-395+1700-410M-400+845-410+1700-400+1695-420+1700-400+440j+440-390+440-400+865-400+1690j+1265-415+440-390+2945-415+1265-415+865","RawDataInfo":[161,161,0]}}
tele/tasmota/179E4E/RESULT {"IrReceived":{"Protocol":"MWM","Bits":72,"Data":"0x96190B09082B1801E4","Repeat":0,"RawData":"+895-795+475-365+810-865+470-370+815f+1295-385K-870Gh+1725dCd+890-375+1695-395Mh+1700-410+440e+445qGhI-435+1705-825+1250v+480h+2950-415+1270s+850-34495U-405If+820f+1300dL-400EtM-800GhGh+1270-415+2120-400+1720oItGdCdC-790Mh+2125qT-1240I-2120+840-430+840-415ElEtG-380PiGhUqIvUxT-400S-840+2125-31030+840-830UqLiChFi+1270-415C-785+450qR-415T-400+840-415+1730hR-415+1730h+450xS-420TqL-400M-790+1270sS-415+2920t+1240tF","RawDataInfo":[161,161,0]}}
tele/tasmota/600605/RESULT {"IrReceived":{"Protocol":"NEC","Bits":32,"Data":"0x20DF40BF","DataLSB":"0x4FB02FD","Repeat":0,"RawData":"+9120-4580+565-585+590-560+570-1695EdE-540EcEf+610fG-1715+595-1690GeCkE-1670Jn+615mGkGcEmLdEcGdEfLfGfOnEcOnO-1665LmEkGmLkC-40335A-2295C","RawDataInfo":[71,71,0]}}
tele/tasmota/179E4E/RESULT {"IrReceived":{"Protocol":"UNKNOWN","Bits":36,"Hash":"0x5E803D57","Repeat":0,"RawData":"+9095-4610+560-600+530-625E-1775+540-615H-590+535-645+485lH-670H-1660J-1720+595cCp+565-1695C-1780E-1750+510uE-620Hg+505wRjRrIrRrJjJ-1690+570jRpEpWyK-1745VgHuE-40365+9140-2270R","RawDataInfo":[71,71,0]}}
tele/tasmota/179E4E/RESULT {"IrReceived":{"Protocol":"NEC","Bits":0,"Data":"0xFFFFFFFFFFFFFFFF","DataLSB":"0xFFFFFFFFFFFFFFFF","Repeat":1,"RawData":"+9095-2295+565","RawDataInfo":[3,3,0]}}
tele/tasmota/600605/RESULT {"IrReceived":{"Protocol":"NEC","Bits":0,"Data":"0xFFFFFFFFFFFFFFFF","DataLSB":"0xFFFFFFFFFFFFFFFF","Repeat":1,"RawData":"+9145-2245+615","RawDataInfo":[3,3,0]}}
tele/tasmota/600605/RESULT {"IrReceived":{"Protocol":"UNKNOWN","Bits":22,"Hash":"0x1D4D6DB9","Repeat":0,"RawData":"+1715-590+1695-565+1690bC-610+560-570+1720bGhDbDbDbG-615+540bAh+585hCjEhCbEbCbA-595+40330-9100+2270f","RawDataInfo":[44,44,0]}}
tele/tasmota/179E4E/RESULT {"IrReceived":{"Protocol":"NEC","Bits":32,"Data":"0x20DF40BF","DataLSB":"0x4FB02FD","Repeat":0,"RawData":"+9040-4610+620-535+590e+565-1715FeFeFe+560eF-585F-1720F-1695IfFjEjD-1745EkFgFfI-1725HeFhEeHfEeIf+540-1740F-595HjHj+675-1610DlE-1690FkE-40330+9065-2350N","RawDataInfo":[71,71,0]}}
tele/tasmota/179E4E/RESULT {"IrReceived":{"Protocol":"NEC","Bits":0,"Data":"0xFFFFFFFFFFFFFFFF","DataLSB":"0xFFFFFFFFFFFFFFFF","Repeat":1,"RawData":"+9125-2270+565","RawDataInfo":[3,3,0]}}
tele/tasmota/600605/RESULT {"IrReceived":{"Protocol":"NEC","Bits":0,"Data":"0xFFFFFFFFFFFFFFFF","DataLSB":"0xFFFFFFFFFFFFFFFF","Repeat":1,"RawData":"+9120-2270+590","RawDataInfo":[3,3,0]}}
tele/tasmota/179E4E/RESULT {"IrReceived":{"Protocol":"NEC","Bits":0,"Data":"0xFFFFFFFFFFFFFFFF","DataLSB":"0xFFFFFFFFFFFFFFFF","Repeat":1,"RawData":"+9120-2300+560","RawDataInfo":[3,3,0]}}
tele/tasmota/600605/RESULT {"IrReceived":{"Protocol":"NEC","Bits":0,"Data":"0xFFFFFFFFFFFFFFFF","DataLSB":"0xFFFFFFFFFFFFFFFF","Repeat":1,"RawData":"+9125-2270+615","RawDataInfo":[3,3,0]}}
tele/tasmota/600605/RESULT {"IrReceived":{"Protocol":"NEC","Bits":0,"Data":"0xFFFFFFFFFFFFFFFF","DataLSB":"0xFFFFFFFFFFFFFFFF","Repeat":1,"RawData":"+9150-2245+620","RawDataInfo":[3,3,0]}}
tele/tasmota/179E4E/RESULT {"IrReceived":{"Protocol":"NEC","Bits":0,"Data":"0xFFFFFFFFFFFFFFFF","DataLSB":"0xFFFFFFFFFFFFFFFF","Repeat":1,"RawData":"+9090-2325+620","RawDataInfo":[3,3,0]}}
tele/tasmota/600605/RESULT {"IrReceived":{"Protocol":"NEC","Bits":0,"Data":"0xFFFFFFFFFFFFFFFF","DataLSB":"0xFFFFFFFFFFFFFFFF","Repeat":1,"RawData":"+9150-2245+590","RawDataInfo":[3,3,0]}}
tele/tasmota/179E4E/RESULT {"IrReceived":{"Protocol":"NEC","Bits":0,"Data":"0xFFFFFFFFFFFFFFFF","DataLSB":"0xFFFFFFFFFFFFFFFF","Repeat":1,"RawData":"+9065-2325+530","RawDataInfo":[3,3,0]}}
tele/tasmota/600605/RESULT {"IrReceived":{"Protocol":"NEC","Bits":0,"Data":"0xFFFFFFFFFFFFFFFF","DataLSB":"0xFFFFFFFFFFFFFFFF","Repeat":1,"RawData":"+9145-2270+590","RawDataInfo":[3,3,0]}}
tele/tasmota/179E4E/RESULT {"IrReceived":{"Protocol":"NEC","Bits":0,"Data":"0xFFFFFFFFFFFFFFFF","DataLSB":"0xFFFFFFFFFFFFFFFF","Repeat":1,"RawData":"+9145-2270+535","RawDataInfo":[3,3,0]}}
tele/tasmota/179E4E/RESULT {"IrReceived":{"Protocol":"NEC","Bits":0,"Data":"0xFFFFFFFFFFFFFFFF","DataLSB":"0xFFFFFFFFFFFFFFFF","Repeat":1,"RawData":"+9120-2245+590","RawDataInfo":[3,3,0]}}
tele/tasmota/600605/RESULT {"IrReceived":{"Protocol":"NEC","Bits":0,"Data":"0xFFFFFFFFFFFFFFFF","DataLSB":"0xFFFFFFFFFFFFFFFF","Repeat":1,"RawData":"+9120-2270+590","RawDataInfo":[3,3,0]}}
tele/tasmota/179E4E/RESULT {"IrReceived":{"Protocol":"NEC","Bits":0,"Data":"0xFFFFFFFFFFFFFFFF","DataLSB":"0xFFFFFFFFFFFFFFFF","Repeat":1,"RawData":"+9090-2325+565","RawDataInfo":[3,3,0]}}
tele/tasmota/600605/RESULT {"IrReceived":{"Protocol":"NEC","Bits":0,"Data":"0xFFFFFFFFFFFFFFFF","DataLSB":"0xFFFFFFFFFFFFFFFF","Repeat":1,"RawData":"+9145-2270+590","RawDataInfo":[3,3,0]}}
tele/tasmota/600605/RESULT {"IrReceived":{"Protocol":"NEC","Bits":0,"Data":"0xFFFFFFFFFFFFFFFF","DataLSB":"0xFFFFFFFFFFFFFFFF","Repeat":1,"RawData":"+9120-2270+615","RawDataInfo":[3,3,0]}}
tele/tasmota/179E4E/RESULT {"IrReceived":{"Protocol":"NEC","Bits":0,"Data":"0xFFFFFFFFFFFFFFFF","DataLSB":"0xFFFFFFFFFFFFFFFF","Repeat":1,"RawData":"+9070-2325+565","RawDataInfo":[3,3,0]}}
tele/tasmota/600605/RESULT {"IrReceived":{"Protocol":"NEC","Bits":0,"Data":"0xFFFFFFFFFFFFFFFF","DataLSB":"0xFFFFFFFFFFFFFFFF","Repeat":1,"RawData":"+9125-2290+570","RawDataInfo":[3,3,0]}}
tele/tasmota/179E4E/RESULT {"IrReceived":{"Protocol":"NEC","Bits":0,"Data":"0xFFFFFFFFFFFFFFFF","DataLSB":"0xFFFFFFFFFFFFFFFF","Repeat":1,"RawData":"+9100-2295+540","RawDataInfo":[3,3,0]}}
tele/tasmota/179E4E/RESULT {"IrReceived":{"Protocol":"NEC","Bits":0,"Data":"0xFFFFFFFFFFFFFFFF","DataLSB":"0xFFFFFFFFFFFFFFFF","Repeat":1,"RawData":"+9120-2325+540","RawDataInfo":[3,3,0]}}
tele/tasmota/600605/RESULT {"IrReceived":{"Protocol":"NEC","Bits":0,"Data":"0xFFFFFFFFFFFFFFFF","DataLSB":"0xFFFFFFFFFFFFFFFF","Repeat":1,"RawData":"+9120-2270+570","RawDataInfo":[3,3,0]}}
tele/tasmota/179E4E/RESULT {"IrReceived":{"Protocol":"NEC","Bits":0,"Data":"0xFFFFFFFFFFFFFFFF","DataLSB":"0xFFFFFFFFFFFFFFFF","Repeat":1,"RawData":"+9140-2275+565","RawDataInfo":[3,3,0]}}
tele/tasmota/600605/RESULT {"IrReceived":{"Protocol":"NEC","Bits":0,"Data":"0xFFFFFFFFFFFFFFFF","DataLSB":"0xFFFFFFFFFFFFFFFF","Repeat":1,"RawData":"+9100-2270+610","RawDataInfo":[3,3,0]}}
tele/tasmota/600605/RESULT {"IrReceived":{"Protocol":"NEC","Bits":0,"Data":"0xFFFFFFFFFFFFFFFF","DataLSB":"0xFFFFFFFFFFFFFFFF","Repeat":1,"RawData":"+9145-2245+590","RawDataInfo":[3,3,0]}}
tele/tasmota/179E4E/RESULT {"IrReceived":{"Protocol":"NEC","Bits":0,"Data":"0xFFFFFFFFFFFFFFFF","DataLSB":"0xFFFFFFFFFFFFFFFF","Repeat":1,"RawData":"+9095-2295+620","RawDataInfo":[3,3,0]}}
tele/tasmota/600605/RESULT {"IrReceived":{"Protocol":"NEC","Bits":0,"Data":"0xFFFFFFFFFFFFFFFF","DataLSB":"0xFFFFFFFFFFFFFFFF","Repeat":1,"RawData":"+9145-2270+570","RawDataInfo":[3,3,0]}}
tele/tasmota/179E4E/RESULT {"IrReceived":{"Protocol":"NEC","Bits":0,"Data":"0xFFFFFFFFFFFFFFFF","DataLSB":"0xFFFFFFFFFFFFFFFF","Repeat":1,"RawData":"+9095-2300+565","RawDataInfo":[3,3,0]}}
tele/tasmota/600605/RESULT {"IrReceived":{"Protocol":"MWM","Bits":72,"Data":"0x96190D2D164F30118D","Repeat":0,"RawData":"+840-850+440-400+865-815+420-425Aa+1245cGdCa+1675-415+435-390+445bGhAk+870fKh+1250cK-1680+845dCh+2100aRkKh+1270k+1240k+465dKf+1295-33700G-855KfOaUlFlAhKhKdAbKhKhKbKaKg+2125-395G-1265A-410AaEdK-2090G-1265A-430+410-835CdKhA-410Kh+1670lJh+1670g+470-800Kh+1670h+1670hAhKhKhUlF-860A-825K-33910AaKhFeK-410R-835T-410NdKb+1670gKhKaKgEdFeK-410T-410K-1690+835kKh+2095-835AhCdIk+1265cK-410GrU","RawDataInfo":[189,189,0]}}
tele/tasmota/179E4E/RESULT {"IrReceived":{"Protocol":"MWM","Bits":72,"Data":"0x96190D2D164F30118D","Repeat":0,"RawData":"+870-825+440-400+840e+445d+810a+1270-420C-405+410-845+1725-360FkF-830CjE-415EeCjHi+470-1625+895-375K-430+2070a+815fCu+1240pXfCuPgH-33685+495-800KlGaXcEpEuCd+380-460+865-775+465dCdK-855Ka+385u+2090uCxGcEeG-460+380-2125C-1245E-455+280-945K-425K-455+785cCd+1665c+1695-425+1640-455+355-885+355-485+1750t+1635-425EuK-455+280-530+1235f+805s+790-850+385-33940GaKuEeKpEe+1265iCdCo+1720tQ-365KeFiG-455+790a+380fHpC-1665GcF-395+2120wE-460+255-555+1235f+1235q+280-545N-880+1235","RawDataInfo":[189,189,0]}}
tele/tasmota/179E4E/RESULT {"IrReceived":{"Protocol":"MWM","Bits":72,"Data":"0x96190D2D1622301138","Repeat":0,"RawData":"+845-870+470-395+815-840+445-400+810b+1240-440+410-430Ke+1755-370+415dK-830GhIgFfGh+1245gEk+1270-390+865m+2070bF-420GhJgJk+1730-1190B-33300GeG-825Eb+1235kEkFmLpGdB-785CdGdP-825+465iGh+2090mKjIkU-790+835w+465-2075GjFpK-825GhL-425IkGh+1690p+1665m+1695dG-825L-425+1720-375+1670wFmKhL-425JmF-835BiL-33880BfP-425FeKlFe+1260kC-375K-800+1745oGdGiPwF-425Eq+465h+1235gUh+1295-355Fk+2090fF-425Pm+1265p+1215-465+1715yF","RawDataInfo":[185,185,0]}}
tele/tasmota/600605/RESULT {"IrReceived":{"Protocol":"MWM","Bits":72,"Data":"0x96190D2D1622301138","Repeat":0,"RawData":"+845-840+420-425A-815+440dAb+1240-415FdCa+1670-400+445cH-855CdBhAbFj+1250h+865-410+1270-390N-405+2125b+870qCdPhPh+1675pA-33295CbC-850Bb+1265hBhBjFoHdN-810H-430OdHwHbFj+2095dHxBhBbBoH-2100HxBoHwHcFjBhHc+1695hIcIdHwHdIdIdBdFjHdGdNeBbH-33905BbHzEnOhNeXoHdCwIdFjFyHdBdEwHdPoNjGfEf+2095e+890jOdGfG-435+1695gE","RawDataInfo":[185,185,0]}}
tele/tasmota/179E4E/RESULT {"IrReceived":{"Protocol":"MWM","Bits":72,"Data":"0x96190D2D1656301149","Repeat":0,"RawData":"+870-795+445-430+805a+415d+785-875+1270f+410dJa+1670dF-425+420-830J-460+790-470P-900Fm+1250f+815-895+385dJ-455+360-480+2050uPcCd+1240c+1215qFlPqToJ-33250+475gCnT-890+1240f+810-440+840w+365-440+440d+840-840JdFmJnJaFm+2090dJ-1265P-440+835-850+810-440+440-2080+440-1260TfQ-800+435dJdG-440Cm+1665f+1695d+1665dF-825JoKl+1665m+840dJdVw+1240d+840-840+840-840J-33880A-810J-440+840t+440m+840t+1240-440+440lC-810+1665f+440dV-840+440m+810o+810n+440d+1215-440+865-840FmC-395C-395+2090t+865dVd+1265fImC-395+840lPqJ","RawDataInfo":[197,197,0]}}
tele/tasmota/600605/RESULT {"IrReceived":{"Protocol":"MWM","Bits":72,"Data":"0x96190D2D1656301149","Repeat":0,"RawData":"+840-850+420cAa+445-400+845a+1270-390+440-425+415a+1675jKjC-855I-405AkFaInGkAfKjK-430Kj+2100aFkCjGk+1245iIe+865hFoK-33275CaCmAa+1240iAkAjK-410KjR-815KcKjI-830IvIe+2095jK-1265AkAaRhK-2105KyAuKbIeKjAkIe+1670i+1670j+1695eI-825Kj+1670j+1670cFjKjKjTjR-810R-810K-33910AaKuA-835IeRvYkKjK-835+1670iKjKaIeAjA-825CjYuAaIeIeIeX-835+870eKjTiTjKe+890eAuC","RawDataInfo":[197,197,0]}}
tele/tasmota/600605/RESULT {"IrReceived":{"Protocol":"MWM","Bits":72,"Data":"0x96190D2D160A301189","Repeat":0,"RawData":"+875-805+415-420+840eC-425E-845+1240-435D-400+440e+1675fCfC-850Cf+820kG-870+390f+1250kE-410Df+1670c+2125eGcDf+1270cUrDfEcU-33705K-815DmEe+1245iErEjKrDf+865-790KdKjDmCeCf+2100fKhWkEeEr+445-2080C-1265ErK-825CfCfErCfSi+1695jSdDmCfSfSdGfCfRfHfEeY-810C-33905NyCcY-810DdEe+1265cCfC-835SkKjCeCdGj+835-825+445-430+1265rEjIf+1690j+2115wGfCfH-395+1295rCdYjH","RawDataInfo":[189,189,0]}}
tele/tasmota/179E4E/RESULT {"IrReceived":{"Protocol":"MWM","Bits":72,"Data":"0x96190D2D160A301189","Repeat":0,"RawData":"+865-840+415-425+810-870+440-400E-875+1240gC-430+410-845+1725-375+470-395+390-855LkBcBmCd+1245g+815-445Gh+1730-360+2095iEvC-455TcTgLkEv+1270-33680PuC-830Ab+1235gUgEzLcVhB-835+420-420VqP-800LbGh+2090kL-1265UgAuAx+495-2050VjEvG-830GhGh+805vGh+1690r+1695k+1695hG-830Lk+1660k+1695dA-380LkLk+1235kBbBbL-33885BfGrBbPqEb+1235vGhCb+1720-355PqVeVqBkEsGhTgBkLk+1695h+2090m+835kLd+1270h+1235gGhBk+1270","RawDataInfo":[189,189,0]}}
tele/tasmota/600605/RESULT {"IrReceived":{"Protocol":"MWM","Bits":72,"Data":"0x96190D2D160F3011BC","Repeat":0,"RawData":"+870-840+415-425Bb+420-400B-865+1245-435+390-440E-850+1675eE-395+445lCd+820k+845bEd+1250kC-1685+1670d+2125-830BcEdHkHkH-1695E-33670KbO-825Qb+1240iPiBcCeEeB-810KdCdK-810KyCd+2095dChBkB-815+860-410E-2100C-1265Bc+410lC-405IdBjKd+1665dTkTdKv+410-385+1720cTeB-430K-380I-410+1270-410BbBbE-33900+815gC-410Q-835CdG-790+1290-410KfCbTkCdCbCdGf+815lEdZiK-1665Wf+2120-815QdC-430Zd+1265-410+1270mC","RawDataInfo":[181,181,0]}}
tele/tasmota/179E4E/RESULT {"IrReceived":{"Protocol":"MWM","Bits":72,"Data":"0x96190D2D160F3011BC","Repeat":0,"RawData":"+870-815+470-395B-840CdBa+1270-385+390-440+495-800+1725-350J-365+475-770I-405E-415E-875C-375FgC-1655+1755-345+2125-825Eh+500-370+1275g+1300h+1295-1645O-33635O-785+450yB-865FrEr+810i+445-400+445d+865b+445dC-370C-780+445y+445d+2120q+410fB-435B-865B-435O-2045O-1210Bi+445-820CtIdB-435On+1700d+1700-410+1730nO-790+410-420+1695-410+1730nA-400I-400+410-420+1240-435+895-785+895-785O-33850Ee+435h+900-775+480-360A-810+1245iCnO-780LgC-370C-780+480-360+865qE-820+505-340+1240-435O-1630L-370+2150-780A-400I-400+1300n+1265-420+1240-1705+465","RawDataInfo":[181,181,0]}}
tele/tasmota/179E4E/RESULT {"IrReceived":{"Protocol":"MWM","Bits":112,"Data":"0x9B24656DD032DF5A0A080B4891F6","Repeat":0,"RawData":"+450-830+410-840Dd+1270-415+810-440D-425C-430C-420+895-790+465-370+470oPmH-815Po+2120-400P-1210Gh+865qDj+390-2115PtUsHqPoPoGhPo+1695f+1720-375YzP-795Hs+1700-395X-395+870s+445-395HsEfDdD-825+445-33875Q-870HsG-870CjD-825+1240h+475oP-800XsH-395HgPoUsG-870CiEcXsX-395+2150-785+870sHsEf+1260fDb+1235","RawDataInfo":[131,131,0]}}
tele/tasmota/600605/RESULT {"IrReceived":{"Protocol":"MWM","Bits":112,"Data":"0x9B24656DD032DF5A0A080B4891F6","Repeat":0,"RawData":"+410-860+415-845+840e+1240-440+815gE-430AiAcEeC-425CjC-850Ge+390i+2090jGfHgEeEjC-2095C-1265EjGhC-450LpHgAi+1670c+1690-400+1665jL-880Gs+1695sQi+870sGs+435sFgHd+865kL-33930HeGsEeAjHu+1270aLj+445kTjLjGhAiEjEw+385jFgQ-420Rj+2070eYs+460-405+1215gF-465H-825+1270","RawDataInfo":[131,131,0]}}
tele/tasmota/179E4E/RESULT {"IrReceived":{"Protocol":"MWM","Bits":72,"Data":"0x96190D2D163E3011C9","Repeat":0,"RawData":"+870-800+500-370+865-790+470-395+840-820+1295-390+465-400+445-815+1700l+440lG-795GnP-415+895p+450h+1270tI-2075E-430+2095iIt+475d+1240t+1300tOhItA-34045+475bMf+890f+1265tEtI-425Rn+410yIbC-340+495dOfO-810Rn+2180dO-1210El+890-785A-420+410zO-1210UhO-785GhGdI-385Gl+1670-410+1725h+1695l+410aOl+1725d+1695l+835rOnRhWlEpI-830M-33850IiRnIiM-405+835sK-385Cd+475-765+1750dOdO-805+475lI-420PiRnKlIzE-385+2145-785UnGd+1240t+1265tRn+890-360E","RawDataInfo":[185,185,0]}}
tele/tasmota/600605/RESULT {"IrReceived":{"Protocol":"MWM","Bits":72,"Data":"0x96190D2D163E3011C9","Repeat":0,"RawData":"+820-850+440-400+840e+420f+845e+1245-435+415-425Fe+1670cJjJ-855Jk+815cEeFk+1270jE-2100GkPeEfFkO-410OjJkEqG-34100Fm+445nEe+1265jEqEkJkCdNbFfJd+465-825InJf+2095kC-1240Eq+865nYdI-2070JoYdJeFfCdEqFfLcLkLiJeCdLkLcNcJkFkXcNyNbC-33875EeCdGeIdNbOqFkFbLkJfJ-835JkEkEeCdXcN-2120EqW-835GkJkTjXiJkY-390E","RawDataInfo":[185,185,0]}}
cmnd/tasmota/600605/IRsend 0,789,868,368,500,763,894,368,473,763,947,1210,473,342,500,342,894,1657,447,368,473,394,868,368,473,763,500,789,947,368,447,1183,500,763,500,1183,526,763,500,2025,894,763,500,394,447,1210,500,1183,473,1657,1288,841,50000
stat/tasmota/600605/RESULT {"IRSend":"Done"}
tele/tasmota/179E4E/RESULT {"IrReceived":{"Protocol":"MWM","Bits":64,"Data":"0x96190D2D16223011","Repeat":0,"RawData":"+800-860+405-470+750-920+400-445Af+1240-450+375-475K-870+1695-420Cj+430-840GjE-520+775-970Co+1215-480ErU-500+770-505+2050-880ErP-425IlU-455N-1260B","RawDataInfo":[51,51,0]}}
tele/tasmota/600605/RESULT {"IrReceived":{"Protocol":"NEC","Bits":32,"Data":"0xFFE21D","DataLSB":"0xFF47B8","Repeat":0,"RawData":"+9045-4425+660-470+655-465+625-500+650-475+620hC-460ClGhG-1620+630mGmG-1625I-1600Ip+595-1655IpGmC-1585GoCdEfG-495GmNhKhGhKhK-1630QrIpKhKuK-40935+9070-2185K","RawDataInfo":[71,71,0]}}
tele/tasmota/179E4E/RESULT {"IrReceived":{"Protocol":"NEC","Bits":32,"Data":"0xFFE21D","DataLSB":"0xFF47B8","Repeat":0,"RawData":"+9040-4435+645-480+615-510+590-535Ef+620f+640dJdIfE-1630E-1635ElJ-1610EkEl+560-1690+555-1695+580-1665RoN-1660Gh+585-540UhUtR-565HnUvGhGtPqRsUhGtU-40975+9065-2185I","RawDataInfo":[71,71,0]}}
cmnd/tasmota/600605/IRsend 0,9000,4500,562,562,562,562,562,1687,562,562,562,562,562,562,562,562,562,562,562,1687,562,1687,562,562,562,1687,562,1687,562,1687,562,1687,562,1687,562,1687,562,562,562,1687,562,562,562,562,562,1687,562,562,562,562,562,562,562,1687,562,562,562,1687,562,1687,562,562,562,1687,562,1687,562,41000,9000,2250,562,50000
stat/tasmota/600605/RESULT {"IRSend":"Done"}
tele/tasmota/179E4E/RESULT {"IrReceived":{"Protocol":"NEC","Bits":32,"Data":"0x20DFA45B","DataLSB":"0x4FB25DA","Repeat":0,"RawData":"+9010-4490+595-540+590-545E-1665C-535EfEdEfEfEgC-1660CdE-1670CiEjCiCgCi+600hEgCdEfEgCdEdEfEjChEjCiCdEjCgC-41085+9020-2230C","RawDataInfo":[71,71,0]}}
tele/tasmota/179E4E/RESULT {"IrReceived":{"Protocol":"NEC","Bits":32,"Data":"0xFFA25D","DataLSB":"0xFF45BA","Repeat":0,"RawData":"+9040-4435+640-480Cd+620-510+615fGfGf+585-535GfE-1630Gj+590-1660KlKlHlHlHl+580-1670M-540M-1665+555-565KoMoMnHoMiKlQ-570KlHlMnHiQ-1695K-40970+9065-2190G","RawDataInfo":[71,71,0]}}
tele/tasmota/600605/RESULT {"IrReceived":{"Protocol":"NEC","Bits":32,"Data":"0xFFA25D","DataLSB":"0xFF45BA","Repeat":0,"RawData":"+9090-4385+620-500C-505+630-495+625gCd+655-470I-465CdF-1620+650-1595InInI-1590H-1625CpHlC-1630MjMnCeHdHdMnIjMjFlCdHl+660oIoHd+615qC-40935+9070-2180S","RawDataInfo":[71,71,0]}}
cmnd/tasmota/6006C3/IRsend {"Protocol":"NEC","Bits":32,"Data":0x1FEA0