"wage","education","experience","ethnicity","smsa","south","age","nearcollege"
548,7,16,"afam","yes","no",29,"no"
481,12,9,"other","yes","no",27,"no"
721,12,16,"other","yes","no",34,"no"
250,11,10,"other","yes","no",27,"yes"
729,12,16,"other","yes","no",34,"yes"
500,12,8,"other","yes","no",26,"yes"
565,18,9,"other","yes","no",33,"yes"
608,14,9,"other","yes","no",29,"yes"
425,12,10,"other","yes","no",28,"yes"
515,12,11,"other","yes","no",29,"yes"
225,9,13,"other","yes","no",28,"yes"
400,12,8,"other","yes","no",26,"yes"
417,11,7,"other","yes","no",24,"yes"
217,11,13,"other","yes","no",30,"yes"
894,16,9,"afam","yes","no",31,"yes"
300,14,4,"other","yes","no",24,"yes"
346,12,16,"other","yes","no",34,"yes"
658,14,9,"other","yes","no",29,"yes"
575,10,10,"other","yes","no",26,"yes"
649,12,14,"other","yes","no",32,"yes"
944,18,8,"other","yes","yes",32,"yes"
614,18,10,"other","yes","no",34,"yes"
726,15,11,"other","no","no",32,"yes"
604,12,10,"other","yes","no",28,"yes"
693,12,14,"other","yes","no",32,"yes"
1400,18,10,"other","no","no",34,"yes"
300,12,8,"other","yes","no",26,"yes"
1800,18,8,"other","yes","no",32,"yes"
413,12,7,"other","yes","no",25,"yes"
632,14,9,"other","no","no",29,"yes"
208,12,7,"other","yes","no",25,"yes"
457,12,7,"afam","yes","no",25,"yes"
824,16,2,"other","yes","no",24,"yes"
577,18,10,"other","yes","no",34,"yes"
255,11,11,"other","yes","no",28,"yes"
962,16,8,"other","yes","no",30,"yes"
944,10,15,"other","yes","no",31,"yes"
1146,18,10,"other","yes","no",34,"yes"
324,6,15,"other","yes","no",27,"yes"
235,11,7,"afam","yes","no",24,"yes"
1000,12,16,"other","yes","no",34,"yes"
481,9,11,"other","yes","no",26,"yes"
624,15,11,"other","yes","no",32,"yes"
650,11,17,"other","yes","no",34,"yes"
344,12,6,"afam","yes","no",24,"yes"
380,16,2,"other","yes","yes",24,"yes"
353,12,6,"other","yes","no",24,"yes"
659,13,6,"other","yes","no",25,"yes"
621,17,5,"other","yes","no",28,"yes"
440,12,7,"other","yes","no",25,"yes"
738,12,8,"afam","yes","no",26,"yes"
280,11,14,"afam","no","yes",31,"yes"
434,10,8,"other","yes","no",24,"yes"
705,12,9,"other","yes","no",27,"yes"
425,12,9,"other","yes","no",27,"yes"
571,12,6,"other","yes","no",24,"yes"
538,16,8,"other","yes","no",30,"yes"
740,16,10,"other","yes","no",32,"yes"
673,13,13,"other","yes","no",32,"yes"
769,12,16,"other","yes","no",34,"yes"
592,12,6,"other","yes","no",24,"yes"
213,9,9,"afam","yes","no",24,"yes"
1563,16,12,"other","yes","no",34,"yes"
774,16,6,"other","yes","no",28,"yes"
600,12,8,"other","yes","yes",26,"yes"
693,18,0,"other","yes","no",24,"yes"
570,13,12,"other","yes","no",31,"yes"
433,14,8,"other","yes","no",28,"yes"
538,15,7,"other","yes","no",28,"yes"
627,12,7,"other","yes","no",25,"yes"
481,8,17,"other","yes","no",31,"yes"
545,12,8,"other","yes","no",26,"yes"
576,12,7,"other","yes","no",25,"yes"
700,16,3,"other","yes","no",25,"yes"
788,16,6,"other","yes","no",28,"yes"
1012,17,4,"other","yes","no",27,"yes"
758,12,6,"other","yes","no",24,"yes"
601,14,9,"other","yes","no",29,"yes"
283,12,6,"other","yes","no",24,"yes"
250,12,6,"other","yes","no",24,"yes"
500,12,8,"other","yes","no",26,"yes"
550,11,14,"other","yes","no",31,"yes"
1143,12,7,"other","yes","no",25,"yes"
810,18,7,"other","yes","yes",31,"yes"
313,12,10,"afam","yes","no",28,"yes"
731,18,1,"other","yes","no",25,"yes"
625,16,3,"other","yes","no",25,"yes"
588,14,4,"other","yes","no",24,"yes"
375,14,6,"other","yes","no",26,"yes"
817,16,7,"other","yes","yes",29,"yes"
865,14,10,"other","yes","no",30,"yes"
350,15,7,"other","yes","yes",28,"yes"
202,13,5,"other","yes","yes",24,"yes"
505,13,13,"other","yes","yes",32,"yes"
816,17,7,"other","yes","no",30,"yes"
625,18,2,"other","yes","no",26,"yes"
769,18,8,"other","yes","no",32,"yes"
500,17,4,"other","yes","no",27,"yes"
619,17,4,"other","yes","no",27,"yes"
650,12,12,"other","yes","no",30,"yes"
769,18,4,"other","yes","no",28,"yes"
512,12,8,"other","yes","no",26,"yes"
625,18,7,"other","yes","no",31,"yes"
1111,14,11,"other","yes","no",31,"yes"
721,13,9,"other","yes","no",28,"yes"
1154,14,12,"other","yes","no",32,"yes"
827,18,10,"other","no","no",34,"yes"
923,16,12,"other","yes","no",34,"yes"
1076,17,5,"other","yes","no",28,"yes"
625,12,15,"other","yes","no",33,"yes"
460,13,8,"other","yes","no",27,"yes"
900,14,4,"afam","yes","no",24,"yes"
682,18,5,"other","yes","no",29,"yes"
411,12,6,"other","yes","no",24,"yes"
625,13,8,"other","yes","no",27,"yes"
1005,18,8,"other","yes","no",32,"yes"
725,11,7,"other","yes","no",24,"yes"
750,15,6,"other","yes","no",27,"yes"
529,14,9,"other","yes","no",29,"yes"
972,17,6,"other","yes","no",29,"yes"
472,12,8,"other","no","no",26,"yes"
325,12,6,"other","yes","no",24,"yes"
875,12,16,"other","yes","no",34,"yes"
625,13,15,"other","yes","no",34,"yes"
337,12,8,"other","yes","no",26,"yes"
481,16,5,"other","yes","no",27,"yes"
650,9,14,"other","yes","no",29,"yes"
383,16,3,"other","yes","no",25,"yes"
962,18,6,"other","yes","no",30,"yes"
615,16,7,"other","no","no",29,"yes"
702,14,8,"other","yes","no",28,"yes"
635,14,11,"other","yes","no",31,"yes"
200,12,10,"other","yes","no",28,"yes"
817,12,9,"other","yes","no",27,"yes"
577,14,6,"other","yes","no",26,"yes"
466,17,3,"other","yes","no",26,"yes"
924,16,7,"other","yes","no",29,"yes"
793,16,9,"other","yes","yes",31,"yes"
635,14,8,"other","yes","no",28,"yes"
570,12,7,"other","yes","no",25,"yes"
705,16,7,"other","yes","no",29,"yes"
635,14,8,"other","yes","no",28,"yes"
694,12,12,"other","yes","no",30,"yes"
615,13,15,"other","yes","no",34,"yes"
462,16,4,"other","yes","no",26,"yes"
865,12,16,"other","yes","no",34,"yes"
737,18,9,"other","yes","yes",33,"yes"
1400,12,7,"other","yes","no",25,"yes"
808,12,13,"other","yes","no",31,"yes"
654,16,4,"other","yes","no",26,"yes"
300,12,7,"other","yes","no",25,"yes"
577,16,8,"other","yes","no",30,"yes"
265,16,2,"other","yes","no",24,"yes"
594,18,7,"other","no","no",31,"yes"
325,17,3,"other","yes","no",26,"yes"
385,16,2,"other","no","no",24,"yes"
1000,18,1,"other","yes","no",25,"yes"
465,18,4,"other","yes","no",28,"yes"
440,16,6,"other","yes","no",28,"yes"
625,16,5,"other","yes","no",27,"yes"
285,17,4,"other","yes","no",27,"yes"
650,14,7,"other","yes","no",27,"yes"
808,13,6,"other","yes","no",25,"yes"
500,12,6,"other","yes","no",24,"yes"
831,16,4,"other","yes","no",26,"yes"
500,12,13,"other","yes","no",31,"yes"
693,17,9,"other","yes","no",32,"yes"
1100,12,9,"other","yes","no",27,"yes"
763,12,7,"other","yes","no",25,"yes"
795,12,9,"other","yes","no",27,"yes"
333,16,3,"other","yes","no",25,"yes"
409,18,6,"other","yes","no",30,"yes"
865,16,5,"other","yes","no",27,"yes"
888,12,13,"other","yes","no",31,"yes"
673,12,16,"other","yes","no",34,"yes"
700,12,15,"other","no","no",33,"yes"
250,18,9,"other","yes","yes",33,"yes"
625,11,10,"other","yes","no",27,"yes"
417,13,12,"other","yes","no",31,"yes"
576,13,9,"other","yes","no",28,"yes"
613,12,8,"afam","yes","no",26,"yes"
700,12,13,"other","yes","no",31,"yes"
450,12,6,"other","yes","no",24,"yes"
500,16,6,"other","yes","no",28,"yes"
514,12,7,"other","no","no",25,"yes"
250,16,3,"other","yes","no",25,"yes"
315,12,6,"other","no","no",24,"yes"
375,12,11,"other","yes","no",29,"yes"
457,15,13,"other","no","no",34,"yes"
275,12,9,"afam","yes","no",27,"yes"
951,12,10,"other","yes","no",28,"yes"
1115,16,10,"other","yes","no",32,"yes"
289,16,3,"other","no","no",25,"yes"
500,16,3,"other","yes","no",25,"yes"
726,18,8,"other","yes","no",32,"yes"
1265,18,5,"other","yes","no",29,"yes"
613,17,3,"afam","yes","no",26,"yes"
545,12,10,"other","yes","no",28,"yes"
278,13,9,"other","yes","no",28,"yes"
1442,18,10,"other","yes","no",34,"yes"
995,16,5,"other","yes","no",27,"yes"
700,12,11,"other","yes","no",29,"yes"
577,16,6,"other","yes","no",28,"yes"
858,16,9,"other","yes","no",31,"yes"
686,12,10,"other","yes","no",28,"yes"
832,15,10,"other","yes","no",31,"yes"
633,13,14,"other","yes","no",33,"yes"
689,12,14,"other","yes","no",32,"yes"
769,14,10,"other","yes","no",30,"yes"
385,15,6,"other","yes","no",27,"yes"
450,12,6,"other","yes","no",24,"yes"
615,12,9,"other","yes","no",27,"yes"
682,12,16,"other","yes","no",34,"yes"
670,10,16,"other","yes","no",32,"yes"
800,11,16,"other","yes","no",33,"yes"
505,14,14,"other","yes","no",34,"yes"
1026,18,6,"other","yes","no",30,"yes"
769,15,4,"other","yes","no",25,"yes"
290,10,16,"other","yes","yes",32,"yes"
529,13,9,"other","yes","no",28,"yes"
1154,16,7,"other","yes","no",29,"yes"
549,10,13,"other","yes","no",29,"yes"
475,12,8,"other","yes","no",26,"yes"
450,12,8,"other","yes","no",26,"yes"
875,17,4,"other","yes","no",27,"yes"
200,15,4,"other","yes","no",25,"yes"
300,13,7,"other","no","no",26,"yes"
462,16,3,"other","no","no",25,"yes"
385,12,12,"other","yes","no",30,"yes"
1282,15,11,"other","yes","no",32,"yes"
588,16,3,"other","yes","no",25,"yes"
600,12,9,"other","yes","no",27,"yes"
500,16,8,"other","yes","no",30,"yes"
440,12,15,"afam","yes","no",33,"yes"
467,18,2,"other","yes","yes",26,"yes"
929,17,6,"other","yes","no",29,"yes"
556,16,5,"other","yes","no",27,"yes"
438,13,5,"other","yes","no",24,"yes"
600,12,11,"afam","yes","no",29,"yes"
575,12,8,"afam","yes","no",26,"yes"
389,12,8,"afam","yes","no",26,"yes"
795,12,16,"other","no","no",34,"yes"
471,18,3,"other","yes","no",27,"yes"
202,17,3,"other","yes","no",26,"yes"
200,17,1,"other","yes","no",24,"yes"
350,17,1,"other","yes","no",24,"yes"
375,14,4,"other","no","no",24,"yes"
481,16,3,"other","yes","no",25,"yes"
962,18,7,"other","yes","no",31,"yes"
423,15,6,"other","yes","no",27,"yes"
500,15,6,"other","yes","no",27,"yes"
450,9,15,"other","yes","no",30,"yes"
476,8,14,"other","yes","no",28,"yes"
136,12,6,"other","yes","no",24,"yes"
575,12,14,"other","yes","no",32,"yes"
577,12,15,"other","yes","no",33,"yes"
310,12,13,"other","yes","no",31,"yes"
700,9,15,"other","yes","no",30,"yes"
1322,14,12,"other","yes","no",32,"yes"
551,10,18,"other","yes","no",34,"yes"
881,17,7,"other","yes","no",30,"yes"
760,12,7,"other","yes","no",25,"yes"
708,12,14,"other","yes","no",32,"yes"
425,12,8,"other","yes","no",26,"yes"
427,12,8,"other","yes","no",26,"yes"
576,16,2,"other","yes","no",24,"yes"
400,9,17,"other","yes","no",32,"yes"
500,12,13,"other","no","no",31,"yes"
531,12,10,"other","no","no",28,"yes"
673,16,6,"other","yes","no",28,"yes"
577,16,5,"other","yes","yes",27,"yes"
325,16,2,"other","yes","no",24,"yes"
500,11,12,"other","no","no",29,"yes"
770,12,7,"other","no","no",25,"yes"
500,12,8,"other","yes","no",26,"yes"
391,16,6,"other","yes","no",28,"yes"
810,12,16,"other","yes","no",34,"yes"
543,9,19,"afam","no","no",34,"yes"
593,9,19,"afam","no","no",34,"yes"
864,17,2,"other","yes","no",25,"yes"
700,10,12,"afam","no","no",28,"yes"
510,12,7,"other","no","no",25,"yes"
615,13,15,"other","yes","no",34,"yes"
761,14,9,"other","yes","no",29,"yes"
493,10,15,"other","yes","no",31,"yes"
445,16,2,"other","yes","no",24,"yes"
425,12,7,"other","yes","no",25,"yes"
750,16,2,"other","yes","no",24,"yes"
700,16,2,"other","yes","no",24,"yes"
438,12,6,"other","yes","no",24,"yes"
608,12,11,"other","yes","no",29,"yes"
450,13,5,"other","yes","no",24,"yes"
313,3,17,"other","yes","no",26,"yes"
250,7,20,"afam","yes","no",33,"yes"
500,14,13,"other","yes","no",33,"yes"
365,12,8,"other","yes","no",26,"no"
813,12,8,"other","yes","no",26,"no"
326,12,7,"other","no","no",25,"no"
524,12,11,"other","no","no",29,"no"
815,13,9,"other","yes","no",28,"no"
750,12,10,"other","yes","no",28,"no"
525,17,1,"other","yes","no",24,"no"
1125,12,14,"other","yes","no",32,"no"
625,12,10,"other","yes","no",28,"no"
715,14,5,"other","yes","no",25,"no"
591,12,13,"other","no","no",31,"no"
404,17,4,"other","yes","no",27,"no"
675,12,10,"other","yes","no",28,"yes"
444,12,7,"other","yes","no",25,"yes"
488,12,6,"other","yes","no",24,"yes"
695,9,19,"other","yes","no",34,"yes"
700,12,7,"other","yes","yes",25,"yes"
325,12,6,"other","yes","yes",24,"yes"
556,9,10,"other","yes","no",25,"yes"
325,12,8,"other","yes","no",26,"yes"
668,13,7,"other","yes","no",26,"yes"
2404,18,7,"other","yes","no",31,"yes"
758,16,3,"other","yes","no",25,"yes"
986,16,12,"other","yes","no",34,"yes"
577,12,7,"other","yes","no",25,"yes"
286,17,6,"other","no","no",29,"yes"
231,14,8,"other","yes","yes",28,"yes"
513,12,7,"other","yes","no",25,"yes"
615,15,7,"other","yes","no",28,"yes"
700,15,4,"other","yes","no",25,"yes"
714,18,9,"other","yes","no",33,"yes"
701,9,15,"other","yes","no",30,"yes"
462,12,6,"afam","yes","no",24,"yes"
868,18,4,"other","yes","no",28,"yes"
917,16,7,"other","no","no",29,"yes"
1065,12,9,"other","yes","no",27,"yes"
400,12,11,"other","yes","yes",29,"yes"
640,12,9,"other","yes","no",27,"yes"
285,13,5,"other","yes","no",24,"yes"
641,17,4,"other","yes","yes",27,"yes"
389,13,13,"other","yes","no",32,"yes"
1010,12,7,"other","yes","no",25,"yes"
817,12,6,"other","no","no",24,"yes"
975,17,4,"other","yes","no",27,"yes"
750,12,11,"afam","yes","no",29,"yes"
463,15,3,"other","no","no",24,"yes"
1387,12,10,"other","yes","no",28,"yes"
577,12,7,"other","yes","no",25,"yes"
401,12,9,"other","yes","no",27,"yes"
320,10,10,"other","yes","no",26,"yes"
514,12,9,"other","yes","no",27,"yes"
208,11,8,"other","yes","no",25,"yes"
1192,17,4,"other","yes","no",27,"yes"
625,14,6,"other","yes","no",26,"yes"
481,17,11,"other","yes","no",34,"yes"
714,13,8,"other","yes","no",27,"yes"
625,11,10,"other","yes","no",27,"yes"
553,12,12,"other","yes","no",30,"yes"
579,12,16,"other","yes","no",34,"yes"
841,18,4,"other","yes","no",28,"yes"
1923,18,9,"other","yes","no",33,"yes"
806,16,4,"other","yes","no",26,"yes"
344,12,11,"afam","yes","no",29,"yes"
962,12,14,"other","yes","no",32,"yes"
600,12,14,"other","no","no",32,"yes"
837,18,10,"other","yes","no",34,"yes"
625,16,2,"other","yes","no",24,"yes"
563,16,6,"other","yes","no",28,"yes"
1410,16,6,"other","yes","no",28,"yes"
480,12,7,"other","yes","no",25,"yes"
600,12,6,"other","yes","no",24,"yes"
300,9,13,"other","yes","no",28,"yes"
505,9,10,"other","yes","no",25,"yes"
417,14,5,"afam","yes","no",25,"yes"
300,12,6,"afam","yes","no",24,"yes"
865,18,3,"other","yes","no",27,"yes"
300,16,3,"other","yes","no",25,"yes"
721,12,14,"other","yes","no",32,"yes"
856,12,16,"other","yes","no",34,"yes"
738,10,14,"other","yes","no",30,"yes"
1058,17,8,"afam","yes","no",31,"yes"
529,12,14,"afam","yes","no",32,"yes"
572,11,17,"other","yes","no",34,"yes"
805,12,14,"other","no","no",32,"yes"
400,10,14,"other","yes","no",30,"yes"
962,18,5,"other","yes","no",29,"yes"
817,18,3,"other","yes","no",27,"yes"
740,13,9,"other","yes","no",28,"yes"
721,18,6,"other","yes","no",30,"yes"
913,18,0,"other","yes","no",24,"yes"
379,17,4,"other","yes","no",27,"yes"
350,14,6,"other","yes","no",26,"yes"
694,11,16,"other","yes","no",33,"yes"
1014,12,14,"other","yes","yes",32,"yes"
1136,18,10,"other","yes","no",34,"yes"
1709,18,6,"other","yes","no",30,"yes"
529,12,8,"other","yes","no",26,"yes"
673,17,9,"afam","yes","no",32,"yes"
1010,17,5,"other","yes","no",28,"yes"
846,18,4,"other","yes","no",28,"yes"
710,11,10,"other","yes","no",27,"yes"
820,16,4,"other","no","no",26,"yes"
447,12,6,"other","yes","no",24,"yes"
500,15,4,"other","yes","no",25,"yes"
1049,16,9,"other","yes","no",31,"yes"
1202,18,5,"other","yes","no",29,"yes"
690,12,15,"other","yes","no",33,"yes"
648,16,6,"other","yes","no",28,"yes"
875,13,11,"other","yes","no",30,"yes"
548,17,2,"other","yes","no",25,"yes"
600,7,15,"other","yes","no",28,"yes"
2244,15,13,"other","yes","no",34,"yes"
1442,12,13,"other","yes","no",31,"yes"
320,12,16,"afam","yes","no",34,"yes"
1262,18,9,"other","yes","no",33,"yes"
600,12,6,"other","yes","no",24,"yes"
300,11,9,"afam","yes","no",26,"yes"
538,16,2,"other","yes","no",24,"yes"
744,12,15,"other","no","no",33,"yes"
846,12,15,"other","yes","no",33,"yes"
813,16,7,"other","yes","no",29,"yes"
1000,12,10,"other","yes","no",28,"yes"
561,16,4,"other","yes","no",26,"yes"
285,18,2,"other","yes","no",26,"yes"
437,16,5,"other","yes","no",27,"yes"
325,13,6,"other","yes","no",25,"yes"
580,16,6,"other","yes","no",28,"yes"
588,16,4,"afam","yes","no",26,"yes"
801,18,5,"other","yes","no",29,"yes"
312,14,5,"other","yes","no",25,"yes"
250,12,11,"afam","yes","no",29,"yes"
500,15,6,"afam","yes","no",27,"yes"
750,12,15,"afam","yes","no",33,"yes"
343,13,12,"other","yes","yes",31,"yes"
250,15,7,"other","yes","no",28,"yes"
700,16,2,"other","yes","no",24,"yes"
400,12,7,"other","yes","no",25,"yes"
555,17,4,"other","yes","no",27,"yes"
699,15,7,"other","yes","no",28,"yes"
1923,14,4,"other","yes","no",24,"yes"
1216,18,8,"other","yes","no",32,"yes"
615,16,7,"other","yes","no",29,"yes"
745,14,5,"other","yes","no",25,"yes"
458,16,2,"other","yes","no",24,"yes"
647,18,1,"other","yes","no",25,"yes"
745,12,7,"other","yes","no",25,"yes"
815,16,3,"other","yes","yes",25,"yes"
865,16,9,"other","yes","no",31,"yes"
542,12,10,"other","yes","no",28,"yes"
365,13,8,"other","yes","no",27,"yes"
417,10,8,"other","yes","no",24,"yes"
657,16,5,"other","yes","no",27,"yes"
529,15,5,"other","yes","no",26,"yes"
851,17,6,"other","yes","no",29,"yes"
663,12,7,"other","yes","no",25,"yes"
529,16,2,"other","yes","no",24,"yes"
889,18,4,"other","yes","no",28,"yes"
865,17,5,"other","yes","yes",28,"yes"
231,18,2,"other","yes","yes",26,"yes"
802,12,14,"other","no","yes",32,"yes"
533,13,8,"other","yes","no",27,"yes"
775,15,4,"afam","yes","no",25,"yes"
476,14,4,"afam","yes","no",24,"yes"
865,16,11,"other","yes","no",33,"yes"
1014,16,6,"other","no","no",28,"yes"
641,18,8,"other","yes","no",32,"yes"
333,16,2,"other","yes","no",24,"yes"
556,11,17,"afam","yes","no",34,"yes"
528,18,2,"other","yes","no",26,"yes"
635,12,8,"other","yes","no",26,"yes"
500,11,10,"afam","yes","yes",27,"yes"
1154,16,12,"afam","yes","no",34,"yes"
855,18,2,"other","yes","no",26,"yes"
479,12,10,"other","no","no",28,"yes"
817,18,1,"other","yes","yes",25,"yes"
692,18,5,"other","yes","no",29,"yes"
989,16,11,"other","no","no",33,"yes"
447,16,9,"other","yes","yes",31,"yes"
1002,18,10,"other","yes","no",34,"yes"
1241,18,10,"other","yes","no",34,"yes"
921,14,12,"other","no","no",32,"yes"
571,12,10,"other","yes","no",28,"yes"
525,12,13,"other","yes","no",31,"yes"
1154,12,10,"other","yes","no",28,"yes"
480,12,6,"afam","yes","no",24,"yes"
839,11,7,"other","yes","no",24,"yes"
1402,14,13,"other","yes","no",33,"yes"
400,13,8,"afam","yes","no",27,"yes"
710,12,15,"other","yes","no",33,"yes"
635,14,4,"other","yes","no",24,"yes"
388,13,7,"other","yes","no",26,"yes"
688,12,8,"other","yes","no",26,"yes"
630,12,16,"other","yes","no",34,"yes"
1044,15,13,"other","yes","no",34,"yes"
577,12,6,"other","yes","no",24,"yes"
500,12,7,"other","yes","no",25,"yes"
781,12,16,"other","no","no",34,"yes"
577,13,7,"other","yes","no",26,"yes"
525,13,6,"other","yes","no",25,"yes"
385,17,5,"other","yes","no",28,"yes"
625,12,11,"other","yes","no",29,"yes"
625,16,6,"other","yes","no",28,"yes"
475,13,7,"other","yes","no",26,"yes"
659,14,5,"other","yes","no",25,"yes"
425,16,2,"other","yes","no",24,"yes"
524,14,5,"other","yes","no",25,"yes"
625,12,8,"other","yes","no",26,"no"
1010,16,9,"other","yes","no",31,"no"
601,12,8,"other","yes","no",26,"no"
808,12,9,"other","yes","no",27,"no"
426,12,10,"other","yes","no",28,"no"
1060,12,12,"other","yes","no",30,"no"
414,12,8,"other","yes","no",26,"no"
492,12,12,"other","yes","no",30,"no"
325,12,9,"other","yes","no",27,"no"
275,12,10,"other","yes","no",28,"no"
291,12,7,"other","yes","no",25,"no"
731,18,7,"other","yes","yes",31,"no"
488,14,6,"other","yes","yes",26,"no"
337,14,4,"other","yes","no",24,"no"
725,12,9,"other","yes","no",27,"no"
440,13,6,"other","no","no",25,"no"
641,16,5,"other","no","no",27,"no"
375,12,10,"other","yes","no",28,"no"
481,12,7,"other","yes","no",25,"no"
925,14,9,"other","yes","no",29,"no"
514,12,8,"other","yes","no",26,"no"
1065,12,15,"other","yes","no",33,"no"
638,12,10,"other","yes","no",28,"no"
739,12,14,"other","yes","no",32,"no"
493,12,8,"other","yes","no",26,"no"
650,10,8,"other","yes","yes",24,"no"
308,7,18,"other","yes","no",31,"no"
629,16,8,"other","yes","no",30,"no"
409,13,9,"other","no","no",28,"no"
600,18,9,"other","yes","no",33,"no"
745,12,10,"other","no","no",28,"no"
625,17,8,"other","yes","no",31,"no"
549,12,11,"other","no","no",29,"no"
326,15,3,"other","no","no",24,"no"
258,9,11,"other","no","no",26,"no"
875,12,8,"other","yes","no",26,"yes"
639,12,7,"other","no","no",25,"yes"
667,11,16,"other","no","no",33,"yes"
504,14,9,"other","yes","yes",29,"yes"
313,17,2,"other","yes","yes",25,"yes"
1010,18,3,"other","yes","yes",27,"yes"
1000,10,17,"other","no","no",33,"yes"
721,16,6,"other","no","no",28,"yes"
785,12,9,"other","no","no",27,"yes"
546,12,16,"other","no","no",34,"yes"
828,12,7,"other","no","no",25,"yes"
159,12,7,"other","no","no",25,"yes"
700,10,11,"other","no","no",27,"yes"
721,13,9,"other","no","no",28,"yes"
304,12,6,"other","no","no",24,"yes"
553,16,3,"other","yes","no",25,"yes"
542,14,6,"other","yes","yes",26,"yes"
509,16,2,"other","no","no",24,"yes"
385,16,2,"other","no","no",24,"yes"
1442,12,14,"other","yes","no",32,"no"
879,16,10,"other","yes","no",32,"no"
1000,13,5,"other","yes","no",24,"no"
863,12,10,"other","no","no",28,"no"
740,12,9,"other","no","no",27,"no"
889,12,16,"other","no","no",34,"no"
458,15,8,"other","yes","no",29,"no"
450,12,16,"other","yes","no",34,"yes"
700,12,16,"other","yes","no",34,"yes"
744,14,13,"other","yes","no",33,"yes"
889,16,10,"other","yes","no",32,"yes"
692,18,8,"other","yes","no",32,"yes"
604,18,9,"other","no","no",33,"yes"
625,18,6,"other","yes","no",30,"yes"
746,14,13,"other","yes","no",33,"yes"
726,18,9,"other","yes","no",33,"yes"
560,12,12,"other","yes","no",30,"yes"
424,12,8,"other","no","no",26,"yes"
400,12,8,"other","no","no",26,"yes"
250,14,6,"other","yes","no",26,"yes"
646,13,7,"other","yes","no",26,"yes"
598,12,6,"other","yes","no",24,"yes"
1000,12,9,"other","yes","no",27,"yes"
528,12,10,"other","no","no",28,"yes"
481,12,8,"other","no","no",26,"yes"
850,12,15,"other","no","no",33,"yes"
506,14,10,"other","no","no",30,"yes"
512,12,11,"other","yes","no",29,"yes"
220,11,9,"other","yes","no",26,"yes"
154,16,2,"other","yes","no",24,"yes"
240,12,13,"other","yes","no",31,"yes"
557,12,10,"other","yes","no",28,"yes"
500,15,6,"other","yes","no",27,"yes"
372,16,4,"other","yes","no",26,"yes"
350,10,9,"other","no","no",25,"yes"
584,12,8,"other","no","no",26,"yes"
515,13,7,"other","no","no",26,"yes"
390,12,11,"other","no","no",29,"no"
280,16,3,"other","no","no",25,"no"
690,12,15,"other","no","no",33,"no"
300,12,8,"other","no","no",26,"no"
635,17,4,"other","no","no",27,"no"
342,13,7,"other","no","no",26,"no"
505,16,4,"other","no","no",26,"no"
356,13,5,"other","no","no",24,"no"
262,12,15,"other","no","no",33,"no"
400,10,16,"other","no","no",32,"no"
740,13,10,"other","no","no",29,"no"
342,12,16,"other","no","no",34,"no"
276,15,8,"other","no","no",29,"no"
427,9,9,"other","no","no",24,"no"
239,12,7,"other","no","no",25,"no"
385,13,5,"other","no","no",24,"no"
350,12,11,"other","no","no",29,"no"
599,12,11,"other","no","no",29,"no"
750,15,10,"other","yes","no",31,"no"
692,16,11,"other","no","no",33,"no"
147,12,16,"other","no","no",34,"no"
280,12,8,"other","yes","no",26,"yes"
769,18,8,"other","yes","no",32,"yes"
1010,13,13,"other","yes","no",32,"yes"
517,14,6,"other","no","no",26,"yes"
400,16,4,"other","no","no",26,"yes"
375,12,7,"other","no","no",25,"yes"
596,12,13,"other","no","no",31,"yes"
350,7,18,"other","no","no",31,"yes"
417,11,16,"other","no","no",33,"yes"
338,16,7,"other","no","no",29,"yes"
481,18,2,"other","no","no",26,"yes"
500,12,10,"other","no","no",28,"yes"
305,12,9,"other","no","no",27,"yes"
450,10,18,"other","no","no",34,"yes"
769,16,7,"other","yes","no",29,"yes"
721,16,4,"other","yes","no",26,"yes"
1000,13,10,"other","yes","no",29,"yes"
625,14,10,"other","yes","no",30,"yes"
817,16,4,"other","yes","no",26,"yes"
377,12,16,"other","yes","no",34,"yes"
708,12,15,"other","yes","no",33,"yes"
411,14,4,"other","yes","no",24,"yes"
1339,13,13,"other","yes","no",32,"yes"
716,12,16,"other","no","no",34,"yes"
192,10,16,"afam","yes","no",32,"yes"
797,16,10,"afam","yes","no",32,"yes"
924,16,12,"afam","yes","no",34,"yes"
240,15,5,"afam","yes","no",26,"yes"
625,13,6,"other","yes","no",25,"yes"
1025,8,10,"other","yes","no",24,"yes"
503,12,10,"afam","no","yes",28,"yes"
462,16,6,"other","yes","no",28,"yes"
476,16,3,"other","no","no",25,"yes"
500,15,5,"other","yes","yes",26,"yes"
1000,12,16,"other","no","no",34,"yes"
663,13,15,"other","no","no",34,"yes"
707,15,13,"other","yes","no",34,"yes"
928,16,9,"other","yes","yes",31,"yes"
300,12,6,"other","no","no",24,"yes"
365,15,6,"other","yes","no",27,"yes"
645,12,12,"other","yes","no",30,"yes"
462,18,1,"other","no","no",25,"yes"
1026,18,9,"other","yes","no",33,"yes"
525,12,6,"other","yes","no",24,"yes"
375,18,5,"other","yes","no",29,"yes"
1538,18,10,"other","yes","no",34,"yes"
923,18,9,"other","yes","no",33,"yes"
568,13,7,"other","yes","no",26,"yes"
600,14,5,"other","yes","no",25,"yes"
721,15,6,"other","yes","no",27,"yes"
1116,17,1,"other","yes","no",24,"yes"
712,14,7,"other","yes","no",27,"yes"
808,16,7,"other","yes","no",29,"yes"
925,11,10,"other","yes","no",27,"yes"
550,9,10,"other","yes","no",25,"yes"
271,12,8,"other","yes","no",26,"yes"
833,7,19,"other","yes","no",32,"yes"
1200,12,12,"other","yes","no",30,"yes"
581,14,13,"other","yes","no",33,"yes"
686,17,11,"afam","yes","no",34,"yes"
1000,18,8,"afam","yes","no",32,"yes"
537,13,5,"afam","yes","no",24,"yes"
690,12,10,"afam","yes","no",28,"yes"
500,12,10,"other","yes","no",28,"yes"
750,13,14,"other","yes","no",33,"yes"
913,17,6,"other","yes","yes",29,"yes"
600,15,3,"other","yes","no",24,"yes"
577,16,2,"other","yes","no",24,"yes"
601,12,8,"other","yes","no",26,"yes"
577,12,13,"other","yes","no",31,"yes"
677,12,14,"other","yes","no",32,"yes"
473,18,3,"afam","yes","no",27,"yes"
350,14,4,"other","yes","no",24,"yes"
620,15,11,"other","yes","no",32,"yes"
378,16,2,"other","yes","no",24,"yes"
243,16,3,"other","yes","no",25,"yes"
750,12,8,"other","yes","no",26,"yes"
441,18,6,"other","no","no",30,"yes"
688,14,9,"other","yes","no",29,"yes"
501,18,1,"other","no","no",25,"yes"
400,12,11,"other","yes","no",29,"yes"
981,12,8,"other","yes","no",26,"yes"
649,14,10,"other","yes","yes",30,"yes"
625,12,14,"other","yes","no",32,"yes"
707,16,6,"afam","yes","no",28,"yes"
1043,12,11,"other","yes","no",29,"yes"
761,12,9,"other","yes","no",27,"yes"
524,13,6,"other","no","no",25,"yes"
575,13,8,"afam","yes","no",27,"yes"
865,14,6,"afam","yes","no",26,"yes"
713,12,10,"afam","yes","no",28,"yes"
673,16,5,"other","yes","no",27,"yes"
662,12,7,"other","yes","no",25,"yes"
543,14,9,"other","yes","no",29,"yes"
525,13,6,"other","yes","no",25,"yes"
640,12,10,"other","yes","no",28,"yes"
297,12,8,"other","yes","no",26,"yes"
947,8,19,"afam","yes","no",33,"yes"
500,12,16,"afam","yes","no",34,"yes"
620,13,6,"afam","yes","no",25,"yes"
277,12,7,"afam","yes","no",25,"yes"
240,10,10,"other","no","yes",26,"yes"
240,10,9,"other","no","yes",25,"yes"
462,12,15,"other","yes","no",33,"yes"
404,12,9,"afam","yes","no",27,"yes"
450,12,7,"afam","yes","no",25,"yes"
250,12,6,"afam","yes","no",24,"yes"
727,11,9,"afam","yes","no",26,"yes"
667,12,6,"afam","yes","no",24,"yes"
962,12,10,"afam","yes","no",28,"yes"
750,14,7,"other","yes","no",27,"yes"
667,14,5,"other","yes","no",25,"yes"
692,17,11,"other","no","no",34,"yes"
465,12,7,"afam","yes","no",25,"yes"
641,12,12,"afam","yes","no",30,"yes"
710,11,12,"afam","yes","no",29,"yes"
425,13,6,"afam","yes","no",25,"yes"
833,12,9,"other","yes","no",27,"yes"
308,12,8,"other","yes","no",26,"yes"
625,16,7,"other","yes","no",29,"yes"
1442,16,10,"other","yes","no",32,"yes"
673,16,3,"other","yes","no",25,"yes"
1346,17,5,"other","yes","no",28,"yes"
400,17,10,"other","yes","no",33,"yes"
518,9,19,"other","no","no",34,"yes"
456,14,6,"other","yes","no",26,"yes"
409,17,10,"other","yes","yes",33,"yes"
559,18,10,"other","yes","no",34,"yes"
230,12,6,"afam","yes","no",24,"yes"
1026,17,4,"other","yes","no",27,"yes"
1082,12,9,"other","yes","no",27,"yes"
1202,14,4,"other","yes","no",24,"yes"
329,17,2,"other","no","no",25,"yes"
481,18,3,"other","yes","no",27,"yes"
673,18,0,"other","yes","yes",24,"yes"
1683,17,8,"other","yes","no",31,"yes"
1282,16,12,"other","yes","no",34,"yes"
577,12,6,"other","yes","no",24,"yes"
444,18,3,"other","yes","no",27,"yes"
481,16,6,"afam","yes","no",28,"yes"
467,12,6,"afam","yes","no",24,"yes"
668,6,19,"other","yes","no",31,"yes"
286,15,6,"other","yes","no",27,"yes"
577,18,9,"other","yes","no",33,"yes"
721,14,9,"other","yes","no",29,"yes"
462,12,7,"other","yes","no",25,"yes"
750,15,4,"other","yes","no",25,"yes"
200,12,6,"other","yes","no",24,"yes"
650,12,9,"other","yes","no",27,"yes"
481,18,4,"other","yes","no",28,"yes"
600,11,7,"other","yes","no",24,"yes"
769,16,6,"other","yes","yes",28,"yes"
775,17,4,"other","yes","no",27,"yes"
641,16,2,"other","yes","no",24,"yes"
1055,14,13,"other","yes","no",33,"yes"
676,16,9,"other","yes","no",31,"yes"
691,12,10,"other","yes","no",28,"yes"
962,17,7,"other","yes","no",30,"yes"
400,13,9,"other","yes","no",28,"yes"
673,16,5,"other","yes","no",27,"yes"
1442,18,10,"afam","yes","no",34,"yes"
529,18,8,"other","yes","no",32,"yes"
700,14,7,"afam","yes","no",27,"yes"
675,8,20,"afam","yes","no",34,"yes"
494,18,1,"other","yes","no",25,"yes"
500,12,6,"other","yes","no",24,"yes"
450,16,2,"afam","yes","no",24,"yes"
601,13,6,"afam","yes","no",25,"yes"
717,13,9,"afam","yes","no",28,"yes"
575,12,11,"afam","yes","no",29,"yes"
350,12,7,"afam","yes","no",25,"yes"
350,12,6,"afam","yes","no",24,"yes"
643,16,7,"other","yes","no",29,"yes"
675,15,3,"other","yes","no",24,"yes"
679,15,7,"other","yes","no",28,"yes"
534,12,9,"other","yes","no",27,"yes"
524,16,9,"other","yes","no",31,"yes"
667,16,6,"other","yes","yes",28,"yes"
370,14,6,"other","yes","no",26,"yes"
658,15,5,"other","yes","no",26,"yes"
700,12,16,"afam","yes","no",34,"yes"
311,18,3,"other","yes","no",27,"yes"
841,9,18,"other","yes","no",33,"yes"
660,14,11,"other","yes","no",31,"yes"
692,16,9,"other","yes","no",31,"yes"
577,15,7,"other","yes","no",28,"yes"
705,17,3,"other","yes","no",26,"yes"
292,16,5,"other","yes","yes",27,"yes"
750,13,7,"other","yes","no",26,"yes"
1442,16,12,"other","yes","no",34,"yes"
1202,16,11,"other","yes","no",33,"yes"
1603,15,12,"other","yes","yes",33,"yes"
769,14,12,"other","yes","yes",32,"yes"
513,16,9,"other","yes","no",31,"yes"
805,12,13,"other","yes","no",31,"yes"
962,17,11,"other","yes","no",34,"yes"
675,12,7,"other","yes","no",25,"yes"
398,13,5,"other","yes","no",24,"yes"
855,14,13,"other","yes","no",33,"yes"
693,11,8,"afam","yes","no",25,"yes"
641,11,7,"afam","yes","no",24,"yes"
345,13,8,"afam","yes","no",27,"yes"
561,12,9,"afam","yes","no",27,"yes"
684,12,6,"afam","yes","no",24,"yes"
469,16,7,"other","yes","yes",29,"yes"
300,16,4,"other","yes","no",26,"yes"
673,18,1,"other","yes","no",25,"yes"
385,16,2,"other","yes","no",24,"yes"
808,16,11,"other","yes","no",33,"yes"
548,17,1,"other","yes","no",24,"yes"
500,16,4,"other","yes","no",26,"yes"
727,13,10,"other","yes","no",29,"yes"
524,16,6,"other","yes","no",28,"yes"
450,15,3,"afam","yes","no",24,"yes"
755,12,10,"afam","yes","no",28,"yes"
640,12,6,"afam","yes","no",24,"yes"
313,12,6,"afam","yes","no",24,"yes"
1425,12,11,"other","yes","no",29,"yes"
761,12,10,"other","yes","no",28,"yes"
600,12,8,"other","yes","no",26,"yes"
1111,16,10,"other","yes","no",32,"yes"
763,16,11,"other","yes","no",33,"yes"
650,12,14,"other","yes","no",32,"yes"
1155,14,7,"other","yes","no",27,"yes"
600,12,6,"other","yes","no",24,"yes"
555,12,11,"other","yes","no",29,"yes"
543,11,11,"other","yes","no",28,"yes"
550,11,8,"other","yes","no",25,"yes"
800,11,14,"other","yes","no",31,"yes"
1000,11,9,"other","yes","no",26,"yes"
864,12,13,"other","yes","no",31,"yes"
613,13,13,"other","yes","no",32,"yes"
519,16,2,"other","yes","no",24,"yes"
707,13,11,"afam","yes","no",30,"yes"
818,13,7,"afam","yes","no",26,"yes"
300,10,9,"afam","yes","no",25,"yes"
702,16,8,"other","yes","no",30,"yes"
1322,16,12,"other","yes","no",34,"yes"
380,12,9,"afam","yes","no",27,"yes"
400,11,9,"afam","yes","no",26,"yes"
498,11,8,"afam","yes","no",25,"yes"
663,10,17,"afam","yes","no",33,"yes"
600,10,17,"afam","yes","no",33,"yes"
1034,18,8,"other","no","yes",32,"yes"
1079,14,5,"other","yes","no",25,"yes"
400,18,0,"other","yes","yes",24,"yes"
641,16,11,"other","yes","no",33,"yes"
620,12,14,"other","yes","no",32,"yes"
481,17,7,"other","yes","no",30,"yes"
1058,16,11,"other","yes","no",33,"yes"
545,12,8,"other","yes","no",26,"yes"
786,14,6,"other","yes","no",26,"yes"
485,18,1,"other","yes","no",25,"yes"
722,14,14,"other","yes","no",34,"yes"
695,15,7,"other","yes","no",28,"yes"
549,15,13,"other","yes","no",34,"yes"
793,15,11,"other","yes","no",32,"yes"
1923,16,11,"other","yes","yes",33,"yes"
793,15,12,"other","yes","no",33,"yes"
900,15,7,"other","yes","no",28,"yes"
654,14,12,"other","yes","no",32,"yes"
513,12,9,"other","yes","no",27,"yes"
384,14,9,"other","yes","no",29,"yes"
500,16,5,"other","no","yes",27,"yes"
601,15,4,"other","yes","no",25,"yes"
438,12,9,"other","yes","no",27,"yes"
500,12,7,"other","yes","no",25,"yes"
1264,18,9,"other","yes","no",33,"yes"
747,14,6,"other","yes","yes",26,"yes"
513,14,7,"other","yes","no",27,"yes"
700,12,15,"other","yes","yes",33,"yes"
672,16,7,"other","yes","no",29,"yes"
983,17,7,"other","yes","no",30,"yes"
220,13,10,"other","no","no",29,"yes"
1202,18,9,"other","yes","no",33,"yes"
667,12,12,"other","no","no",30,"yes"
838,14,8,"afam","yes","no",28,"yes"
444,15,4,"other","yes","no",25,"yes"
543,12,7,"other","yes","no",25,"yes"
505,14,10,"other","yes","yes",30,"yes"
797,12,13,"other","no","no",31,"yes"
357,9,9,"other","yes","no",24,"yes"
500,12,9,"other","yes","no",27,"yes"
962,12,16,"other","yes","no",34,"yes"
350,11,11,"other","yes","no",28,"yes"
313,15,3,"other","yes","no",24,"yes"
117,16,2,"other","yes","yes",24,"yes"
726,12,15,"other","yes","no",33,"yes"
536,13,14,"afam","yes","no",33,"yes"
532,13,7,"afam","yes","yes",26,"yes"
428,17,5,"afam","yes","yes",28,"yes"
1094,16,12,"other","yes","no",34,"yes"
1925,12,15,"other","yes","no",33,"yes"
850,18,8,"other","yes","yes",32,"yes"
365,12,6,"other","yes","no",24,"yes"
474,16,4,"other","yes","no",26,"yes"
656,13,7,"other","yes","no",26,"yes"
440,12,7,"other","yes","no",25,"yes"
462,14,5,"other","yes","no",25,"yes"
673,16,6,"other","yes","no",28,"no"
1150,12,6,"other","yes","no",24,"no"
800,12,13,"other","yes","no",31,"no"
460,12,7,"other","yes","no",25,"no"
334,12,8,"other","yes","no",26,"no"
702,13,7,"other","yes","no",26,"no"
524,12,7,"other","yes","no",25,"no"
667,7,20,"other","no","no",33,"yes"
641,18,2,"other","yes","no",26,"yes"
800,12,6,"other","yes","no",24,"yes"
577,12,14,"other","yes","no",32,"yes"
423,18,8,"other","no","no",32,"yes"
874,18,5,"other","yes","no",29,"yes"
640,15,7,"other","yes","no",28,"yes"
1101,16,7,"other","yes","yes",29,"no"
649,16,4,"other","yes","no",26,"no"
450,12,8,"other","yes","yes",26,"no"
924,12,15,"other","yes","no",33,"no"
698,11,10,"other","yes","no",27,"no"
505,15,13,"afam","yes","no",34,"no"
556,16,6,"other","yes","yes",28,"no"
375,17,2,"other","no","no",25,"no"
673,15,7,"other","yes","yes",28,"no"
308,13,11,"other","yes","no",30,"no"
585,12,16,"other","yes","no",34,"no"
781,12,6,"other","yes","no",24,"no"
656,12,9,"other","yes","no",27,"yes"
423,12,10,"other","yes","no",28,"yes"
1282,16,6,"other","yes","no",28,"yes"
962,12,7,"other","yes","no",25,"yes"
800,12,12,"other","yes","no",30,"yes"
750,12,15,"other","yes","no",33,"yes"
647,18,5,"other","yes","no",29,"yes"
938,12,11,"other","yes","no",29,"yes"
537,17,5,"other","yes","no",28,"yes"
290,15,3,"other","yes","no",24,"yes"
192,12,11,"other","no","yes",29,"yes"
818,18,6,"other","yes","no",30,"yes"
813,18,6,"other","yes","no",30,"yes"
727,12,11,"other","yes","no",29,"yes"
1125,12,6,"other","yes","no",24,"yes"
615,17,5,"afam","yes","no",28,"yes"
403,12,8,"afam","yes","no",26,"yes"
705,11,9,"other","yes","no",26,"yes"
337,15,6,"other","yes","no",27,"yes"
833,17,5,"other","yes","no",28,"yes"
192,17,3,"other","yes","no",26,"yes"
730,12,8,"other","yes","no",26,"yes"
542,10,10,"other","yes","no",26,"yes"
823,12,10,"other","no","no",28,"yes"
438,12,8,"other","yes","yes",26,"yes"
735,14,4,"other","yes","yes",24,"yes"
427,16,2,"other","yes","no",24,"yes"
340,12,12,"other","no","no",30,"yes"
481,13,15,"other","yes","yes",34,"yes"
817,16,10,"other","yes","no",32,"yes"
500,12,10,"other","no","no",28,"yes"
543,12,7,"afam","yes","no",25,"yes"
447,16,4,"other","yes","no",26,"yes"
217,15,4,"other","no","no",25,"yes"
275,8,12,"other","yes","no",26,"yes"
352,15,3,"afam","yes","no",24,"yes"
721,12,11,"other","no","no",29,"yes"
1008,12,9,"other","no","no",27,"yes"
654,17,6,"other","yes","no",29,"yes"
803,16,4,"other","yes","no",26,"yes"
570,12,9,"other","yes","no",27,"yes"
600,16,3,"other","yes","no",25,"yes"
645,12,6,"other","yes","no",24,"yes"
450,13,7,"other","yes","no",26,"yes"
445,13,7,"other","yes","yes",26,"yes"
590,15,8,"other","no","no",29,"yes"
721,14,5,"other","yes","no",25,"yes"
693,12,14,"other","yes","no",32,"yes"
529,13,7,"other","yes","yes",26,"yes"
470,9,15,"other","yes","no",30,"yes"
481,16,4,"other","yes","no",26,"yes"
462,16,3,"other","yes","no",25,"yes"
554,17,10,"other","yes","no",33,"yes"
865,14,12,"other","yes","no",32,"yes"
713,16,8,"other","no","no",30,"yes"
740,12,6,"other","no","no",24,"yes"
817,14,8,"other","yes","no",28,"yes"
677,12,16,"other","yes","no",34,"yes"
797,16,7,"other","yes","no",29,"yes"
769,13,5,"other","yes","no",24,"yes"
462,16,3,"other","yes","no",25,"yes"
519,14,4,"other","yes","no",24,"yes"
393,12,7,"other","no","no",25,"yes"
800,13,13,"other","yes","yes",32,"yes"
673,17,4,"other","yes","no",27,"no"
481,16,11,"other","no","no",33,"no"
911,12,14,"other","no","no",32,"no"
481,12,7,"other","no","no",25,"no"
500,11,16,"other","no","no",33,"no"
385,16,2,"other","no","no",24,"no"
436,12,6,"other","yes","no",24,"no"
526,12,7,"other","no","no",25,"no"
913,14,9,"other","no","no",29,"no"
542,16,3,"other","no","no",25,"no"
769,13,9,"other","no","no",28,"no"
226,12,6,"other","no","no",24,"no"
711,18,3,"other","no","no",27,"no"
346,18,10,"other","no","no",34,"no"
787,12,14,"other","no","no",32,"no"
455,14,6,"other","yes","no",26,"no"
460,16,2,"other","yes","no",24,"no"
277,13,7,"other","no","no",26,"no"
808,17,11,"other","yes","no",34,"no"
624,14,7,"other","no","no",27,"no"
697,12,8,"other","yes","no",26,"no"
378,14,6,"other","no","no",26,"no"
473,12,6,"other","no","no",24,"no"
425,12,6,"other","no","no",24,"no"
649,16,2,"other","no","no",24,"no"
491,15,4,"other","yes","no",25,"no"
924,18,2,"other","no","no",26,"no"
350,12,6,"other","no","no",24,"no"
600,13,6,"other","no","no",25,"no"
429,9,16,"other","no","no",31,"no"
500,12,8,"other","no","no",26,"no"
500,9,9,"other","no","no",24,"no"
350,8,20,"other","no","no",34,"no"
370,14,7,"other","no","no",27,"no"
380,16,2,"other","no","no",24,"no"
250,14,5,"other","no","no",25,"no"
506,18,6,"other","yes","no",30,"no"
619,12,9,"other","yes","no",27,"no"
381,16,2,"other","no","no",24,"no"
361,12,12,"other","no","no",30,"no"
588,12,10,"other","yes","no",28,"no"
350,12,6,"other","yes","no",24,"no"
484,12,14,"other","yes","no",32,"no"
835,11,17,"other","no","no",34,"no"
535,10,13,"other","yes","no",29,"no"
385,17,5,"other","no","no",28,"yes"
450,11,8,"other","no","no",25,"yes"
491,16,6,"other","no","no",28,"yes"
914,12,6,"other","no","no",24,"yes"
831,18,8,"other","yes","no",32,"yes"
434,12,12,"other","no","no",30,"yes"
700,12,8,"other","no","no",26,"yes"
542,10,10,"other","no","no",26,"yes"
231,16,2,"other","no","no",24,"yes"
395,12,16,"other","no","no",34,"no"
721,12,7,"other","yes","no",25,"no"
1187,12,7,"other","no","no",25,"no"
501,12,7,"other","yes","no",25,"no"
336,16,2,"other","yes","no",24,"yes"
565,12,14,"other","no","no",32,"yes"
964,17,11,"other","no","yes",34,"no"
1374,12,15,"other","yes","no",33,"no"
800,12,10,"other","yes","no",28,"no"
609,12,12,"other","yes","no",30,"no"
670,16,3,"other","yes","no",25,"no"
445,11,8,"other","yes","no",25,"no"
485,13,6,"other","yes","no",25,"no"
710,18,8,"other","no","no",32,"no"
953,12,14,"other","no","no",32,"no"
480,11,8,"other","no","no",25,"no"
500,13,8,"other","yes","no",27,"no"
457,16,4,"other","yes","yes",26,"no"
721,18,0,"other","no","no",24,"yes"
733,12,6,"other","no","no",24,"yes"
330,12,15,"other","no","no",33,"yes"
410,12,9,"other","no","no",27,"yes"
486,12,9,"other","no","no",27,"yes"
962,18,7,"other","yes","yes",31,"yes"
359,16,2,"other","no","no",24,"yes"
330,12,6,"other","no","no",24,"no"
625,12,10,"other","no","no",28,"no"
495,12,8,"other","no","no",26,"no"
653,12,11,"other","no","no",29,"no"
722,12,9,"other","no","no",27,"no"
704,12,7,"other","no","no",25,"no"
514,9,14,"other","no","no",29,"no"
625,12,13,"other","yes","no",31,"no"
622,18,5,"other","no","no",29,"no"
427,15,5,"other","yes","no",26,"no"
653,12,11,"other","no","no",29,"no"
643,12,12,"other","no","no",30,"no"
575,12,16,"other","yes","no",34,"no"
313,13,15,"other","no","yes",34,"no"
664,18,0,"other","no","no",24,"no"
555,13,13,"other","no","no",32,"no"
300,18,0,"other","yes","no",24,"no"
642,15,7,"other","no","no",28,"no"
667,14,8,"other","yes","no",28,"no"
1320,18,4,"other","yes","no",28,"no"
504,12,6,"other","yes","no",24,"no"
781,16,3,"other","yes","no",25,"no"
817,14,5,"other","yes","no",25,"no"
520,12,10,"other","no","no",28,"no"
577,12,9,"other","no","no",27,"no"
375,11,8,"other","no","no",25,"no"
500,12,6,"other","no","no",24,"no"
625,16,6,"other","yes","no",28,"no"
684,16,12,"other","no","no",34,"no"
470,14,6,"other","no","no",26,"no"
628,13,8,"other","no","no",27,"no"
525,13,5,"other","no","no",24,"no"
554,12,14,"other","no","no",32,"no"
641,16,3,"other","yes","no",25,"yes"
513,13,15,"other","yes","no",34,"yes"
604,12,9,"other","yes","no",27,"yes"
700,13,14,"other","yes","no",33,"yes"
606,12,15,"other","yes","no",33,"yes"
1021,12,15,"other","yes","no",33,"yes"
714,12,13,"other","yes","no",31,"yes"
500,12,10,"other","yes","no",28,"yes"
583,12,10,"other","yes","no",28,"yes"
706,12,13,"other","yes","no",31,"yes"
520,16,8,"other","no","no",30,"yes"
656,16,7,"other","yes","no",29,"yes"
684,16,6,"other","yes","no",28,"yes"
276,13,6,"other","yes","no",25,"yes"
707,13,15,"afam","yes","no",34,"yes"
788,12,16,"other","yes","no",34,"yes"
1319,18,7,"other","yes","no",31,"yes"
404,14,8,"other","yes","no",28,"yes"
300,16,3,"other","yes","no",25,"yes"
673,12,8,"other","yes","no",26,"yes"
722,12,16,"other","yes","no",34,"yes"
769,16,4,"other","no","no",26,"yes"
760,16,8,"other","no","no",30,"yes"
434,18,6,"other","no","no",30,"yes"
1192,13,15,"other","no","no",34,"yes"
462,17,8,"other","no","no",31,"yes"
370,12,6,"other","no","no",24,"yes"
475,12,12,"other","no","no",30,"yes"
435,12,10,"other","no","no",28,"yes"
332,12,8,"other","no","no",26,"yes"
640,16,9,"other","yes","no",31,"yes"
505,12,16,"other","no","no",34,"yes"
625,16,7,"other","no","no",29,"yes"
462,12,13,"other","no","no",31,"yes"
817,17,4,"other","yes","yes",27,"yes"
433,17,1,"other","yes","no",24,"yes"
641,14,5,"other","yes","no",25,"yes"
225,15,4,"other","no","no",25,"yes"
721,15,13,"afam","yes","no",34,"yes"
722,16,4,"other","yes","no",26,"yes"
817,16,7,"other","yes","no",29,"yes"
664,16,5,"other","yes","no",27,"yes"
897,18,4,"other","yes","no",28,"yes"
793,11,17,"other","yes","no",34,"yes"
539,15,10,"other","yes","no",31,"yes"
897,11,10,"other","yes","no",27,"yes"
721,15,9,"other","yes","no",30,"yes"
925,13,5,"other","yes","no",24,"yes"
508,12,10,"other","yes","no",28,"yes"
929,16,10,"other","yes","no",32,"yes"
705,17,10,"other","yes","no",33,"yes"
865,12,12,"other","yes","no",30,"yes"
520,16,2,"other","yes","no",24,"yes"
417,12,6,"other","yes","no",24,"yes"
266,15,5,"other","yes","no",26,"yes"
625,15,3,"other","yes","no",24,"yes"
940,12,13,"other","yes","no",31,"yes"
766,16,3,"other","yes","no",25,"yes"
801,9,14,"other","yes","no",29,"yes"
707,15,7,"other","yes","no",28,"yes"
684,12,12,"other","yes","no",30,"yes"
417,16,4,"other","yes","no",26,"yes"
600,18,5,"other","yes","no",29,"yes"
682,15,4,"other","yes","no",25,"yes"
918,18,7,"other","no","no",31,"yes"
738,12,14,"other","yes","no",32,"yes"
1167,12,10,"other","yes","no",28,"yes"
765,11,12,"other","yes","no",29,"yes"
962,12,8,"other","yes","no",26,"yes"
300,18,3,"other","yes","no",27,"yes"
658,16,2,"other","yes","no",24,"yes"
462,12,8,"other","yes","no",26,"yes"
721,12,6,"other","yes","no",24,"yes"
865,12,7,"other","yes","no",25,"yes"
596,11,7,"other","yes","no",24,"yes"
909,12,14,"other","yes","no",32,"yes"
1049,12,11,"other","yes","no",29,"yes"
455,13,15,"other","yes","yes",34,"yes"
675,12,9,"afam","no","yes",27,"yes"
721,12,6,"afam","yes","no",24,"yes"
600,7,20,"afam","yes","no",33,"yes"
925,12,10,"afam","yes","no",28,"yes"
750,12,10,"other","yes","no",28,"yes"
563,12,10,"other","yes","no",28,"yes"
625,14,6,"other","yes","no",26,"yes"
300,10,13,"other","no","no",29,"yes"
1380,12,9,"other","no","no",27,"yes"
470,14,5,"other","yes","no",25,"yes"
788,12,10,"other","yes","no",28,"yes"
230,16,3,"other","yes","no",25,"yes"
389,10,11,"other","no","no",27,"no"
315,12,15,"other","yes","no",33,"no"
355,17,6,"other","yes","no",29,"no"
500,8,12,"other","yes","no",26,"no"
650,11,16,"other","no","no",33,"no"
815,12,9,"other","yes","no",27,"no"
649,13,7,"other","no","no",26,"no"
435,12,11,"other","yes","no",29,"no"
600,11,10,"other","no","no",27,"no"
206,13,7,"other","yes","yes",26,"no"
481,12,9,"other","yes","yes",27,"no"
485,13,5,"other","yes","yes",24,"no"
759,18,5,"other","yes","no",29,"no"
995,12,8,"other","yes","no",26,"no"
1167,12,11,"other","yes","no",29,"yes"
314,16,3,"other","yes","no",25,"yes"
915,13,6,"other","yes","no",25,"yes"
664,13,7,"other","yes","no",26,"yes"
783,12,11,"other","yes","no",29,"yes"
650,13,13,"other","yes","no",32,"yes"
267,9,12,"other","yes","yes",27,"yes"
355,8,19,"other","no","no",33,"yes"
440,8,19,"other","no","no",33,"yes"
475,11,13,"other","yes","no",30,"yes"
726,11,15,"other","yes","no",32,"yes"
721,16,6,"other","yes","no",28,"yes"
563,12,16,"other","yes","no",34,"yes"
600,12,8,"other","yes","no",26,"yes"
692,15,4,"other","yes","no",25,"yes"
423,15,7,"other","yes","no",28,"yes"
786,12,6,"other","yes","no",24,"yes"
1202,12,13,"other","yes","no",31,"yes"
577,16,12,"other","yes","no",34,"yes"
635,18,3,"other","no","no",27,"yes"
410,12,9,"other","yes","no",27,"yes"
370,16,2,"other","yes","no",24,"yes"
789,16,4,"other","yes","no",26,"yes"
450,17,1,"other","yes","no",24,"yes"
1251,12,10,"other","yes","no",28,"yes"
808,16,8,"other","yes","no",30,"yes"
308,16,8,"other","yes","no",30,"yes"
817,12,12,"other","no","no",30,"yes"
673,16,8,"other","yes","no",30,"yes"
524,12,11,"other","no","no",29,"yes"
275,15,9,"other","no","no",30,"yes"
423,17,5,"other","no","no",28,"yes"
641,16,6,"other","yes","no",28,"yes"
450,12,10,"other","no","no",28,"yes"
333,12,8,"other","no","no",26,"yes"
913,12,14,"other","no","no",32,"yes"
128,11,10,"other","no","no",27,"yes"
396,16,5,"other","no","no",27,"yes"
475,13,9,"other","yes","no",28,"yes"
450,13,12,"other","no","no",31,"yes"
300,16,2,"other","no","no",24,"yes"
462,18,5,"other","yes","no",29,"yes"
630,12,14,"other","no","no",32,"yes"
485,12,15,"other","no","no",33,"yes"
549,12,12,"other","no","no",30,"yes"
372,12,7,"other","no","no",25,"yes"
641,12,16,"other","no","no",34,"yes"
519,12,11,"other","yes","no",29,"yes"
385,9,11,"other","no","no",26,"yes"
450,16,7,"other","yes","yes",29,"yes"
315,12,8,"other","no","no",26,"no"
731,14,9,"other","no","no",29,"no"
325,12,14,"other","no","no",32,"no"
616,16,6,"other","yes","no",28,"no"
346,15,9,"other","yes","no",30,"no"
471,13,9,"other","yes","no",28,"no"
300,12,9,"other","no","no",27,"no"
430,13,5,"other","yes","no",24,"yes"
267,12,10,"afam","yes","no",28,"yes"
230,12,10,"other","yes","no",28,"yes"
432,14,4,"other","yes","no",24,"yes"
531,12,8,"other","yes","no",26,"yes"
1100,12,9,"other","yes","no",27,"yes"
588,12,10,"afam","yes","no",28,"yes"
841,18,6,"other","no","no",30,"yes"
641,15,3,"other","yes","no",24,"yes"
962,14,14,"other","yes","no",34,"yes"
921,13,14,"other","yes","no",33,"yes"
350,15,6,"other","no","no",27,"no"
385,16,2,"other","no","no",24,"no"
618,16,11,"other","no","no",33,"no"
470,13,12,"other","yes","no",31,"no"
411,12,9,"other","no","no",27,"no"
400,12,7,"other","no","no",25,"no"
700,11,16,"other","yes","no",33,"no"
311,15,6,"other","yes","no",27,"no"
243,14,4,"other","no","yes",24,"no"
248,12,14,"afam","yes","yes",32,"no"
423,11,13,"afam","yes","no",30,"no"
600,11,16,"afam","yes","no",33,"no"
700,17,2,"afam","yes","no",25,"no"
300,12,6,"other","yes","no",24,"no"
691,12,6,"other","yes","no",24,"no"
600,12,12,"other","yes","no",30,"no"
700,12,12,"other","yes","no",30,"no"
275,14,5,"other","no","no",25,"no"
675,9,19,"afam","yes","no",34,"no"
449,17,5,"other","yes","no",28,"no"
635,16,8,"other","yes","no",30,"no"
1250,14,9,"other","no","no",29,"no"
962,18,5,"other","yes","no",29,"no"
490,18,1,"other","no","no",25,"no"
586,12,6,"other","no","no",24,"no"
750,14,13,"other","no","no",33,"no"
326,18,2,"other","no","no",26,"no"
430,18,5,"other","yes","no",29,"no"
571,12,8,"other","yes","no",26,"no"
913,16,6,"other","no","no",28,"no"
577,14,10,"other","no","no",30,"no"
433,11,15,"other","no","no",32,"no"
505,12,6,"other","no","no",24,"no"
721,18,10,"other","no","no",34,"yes"
962,16,11,"other","yes","no",33,"yes"
609,12,13,"other","yes","no",31,"yes"
450,12,7,"other","no","no",25,"yes"
625,12,15,"other","no","no",33,"no"
713,14,6,"other","no","no",26,"no"
710,12,6,"other","no","no",24,"no"
913,16,10,"other","yes","no",32,"no"
418,8,10,"other","no","no",24,"no"
692,13,10,"other","no","no",29,"no"
260,12,16,"other","yes","no",34,"no"
650,13,7,"other","yes","no",26,"no"
610,14,5,"other","yes","no",25,"no"
726,12,11,"other","yes","no",29,"no"
767,13,13,"other","yes","no",32,"no"
620,12,9,"other","no","no",27,"no"
721,16,5,"other","yes","no",27,"no"
516,18,2,"other","yes","no",26,"no"
400,12,7,"other","no","no",25,"no"
808,14,7,"other","yes","yes",27,"no"
460,12,6,"other","no","no",24,"no"
642,17,9,"other","no","no",32,"no"
519,12,10,"other","no","no",28,"no"
568,12,6,"other","yes","no",24,"no"
693,16,2,"other","no","no",24,"no"
978,12,13,"other","yes","no",31,"no"
779,12,14,"other","no","no",32,"no"
443,14,7,"other","yes","no",27,"no"
692,16,11,"other","yes","no",33,"no"
417,16,4,"other","no","no",26,"no"
773,11,13,"other","yes","no",30,"no"
400,15,5,"other","yes","no",26,"no"
900,12,9,"other","yes","no",27,"no"
700,16,9,"other","no","no",31,"no"
485,16,2,"other","no","no",24,"no"
894,16,7,"other","yes","no",29,"no"
750,18,5,"other","yes","no",29,"no"
1055,13,14,"other","no","no",33,"no"
933,12,10,"other","no","no",28,"no"
568,12,8,"other","no","no",26,"no"
987,16,3,"other","yes","no",25,"no"
769,16,2,"other","yes","no",24,"no"
648,12,9,"other","no","no",27,"no"
449,16,8,"other","no","no",30,"no"
580,12,9,"other","no","no",27,"no"
550,8,19,"other","no","no",33,"no"
800,12,11,"other","yes","no",29,"no"
160,12,6,"other","yes","no",24,"no"
462,17,5,"other","yes","no",28,"no"
425,14,5,"other","yes","no",25,"no"
600,8,18,"other","yes","no",32,"no"
866,17,3,"other","yes","no",26,"no"
683,12,10,"other","yes","no",28,"no"
1115,12,9,"other","yes","no",27,"no"
1100,12,8,"other","yes","no",26,"no"
286,12,6,"other","no","no",24,"no"
513,14,8,"other","yes","no",28,"no"
650,13,7,"other","yes","no",26,"no"
1039,12,13,"other","yes","no",31,"no"
700,12,8,"other","yes","no",26,"no"
315,18,7,"other","yes","no",31,"yes"
310,12,15,"other","no","no",33,"yes"
335,11,10,"other","no","no",27,"yes"
518,11,8,"other","no","no",25,"yes"
709,16,6,"other","yes","no",28,"yes"
623,12,7,"other","no","no",25,"yes"
298,13,9,"other","no","no",28,"yes"
625,14,4,"other","yes","no",24,"yes"
769,16,7,"other","yes","no",29,"yes"
459,16,6,"other","yes","no",28,"yes"
550,12,13,"other","no","no",31,"yes"
470,14,9,"other","no","no",29,"yes"
396,12,15,"other","no","no",33,"yes"
594,14,5,"other","no","no",25,"yes"
1039,16,6,"other","no","no",28,"yes"
400,12,16,"other","yes","no",34,"yes"
698,12,8,"other","no","no",26,"yes"
713,16,4,"other","no","yes",26,"yes"
550,12,6,"other","no","no",24,"yes"
333,14,7,"other","no","no",27,"yes"
1058,12,11,"other","yes","no",29,"yes"
590,11,13,"other","yes","no",30,"yes"
633,12,6,"other","yes","no",24,"yes"
500,10,10,"other","yes","no",26,"yes"
788,14,8,"other","yes","no",28,"yes"
832,18,7,"other","yes","no",31,"yes"
539,12,8,"other","yes","no",26,"yes"
577,18,4,"other","yes","no",28,"yes"
808,14,10,"other","yes","no",30,"yes"
722,14,10,"other","yes","no",30,"yes"
600,12,8,"other","yes","yes",26,"yes"
452,10,12,"other","yes","yes",28,"yes"
300,7,14,"other","yes","yes",27,"yes"
393,12,8,"afam","yes","yes",26,"yes"
200,12,8,"afam","yes","yes",26,"yes"
750,9,18,"other","no","yes",33,"yes"
673,16,4,"other","no","yes",26,"yes"
989,14,10,"other","yes","yes",30,"yes"
880,17,4,"other","yes","yes",27,"yes"
905,13,7,"other","no","yes",26,"yes"
250,14,14,"afam","yes","yes",34,"yes"
520,10,12,"other","yes","yes",28,"yes"
356,12,9,"other","yes","yes",27,"yes"
278,12,6,"other","yes","yes",24,"yes"
400,12,7,"afam","yes","yes",25,"yes"
273,10,12,"afam","yes","yes",28,"yes"
500,11,14,"other","yes","yes",31,"yes"
603,11,16,"other","yes","yes",33,"yes"
400,12,7,"other","yes","yes",25,"yes"
475,12,10,"afam","yes","yes",28,"yes"
1100,12,15,"other","yes","yes",33,"yes"
337,14,6,"other","yes","yes",26,"yes"
538,11,10,"other","yes","yes",27,"yes"
404,13,7,"afam","yes","yes",26,"yes"
757,16,5,"other","yes","yes",27,"yes"
554,16,11,"other","yes","yes",33,"yes"
577,16,7,"other","yes","yes",29,"yes"
432,15,5,"other","yes","yes",26,"yes"
550,11,12,"other","yes","yes",29,"yes"
797,16,2,"other","yes","yes",24,"yes"
450,14,7,"other","yes","yes",27,"yes"
807,13,10,"other","yes","yes",29,"yes"
600,13,5,"other","yes","yes",24,"yes"
933,13,15,"other","yes","yes",34,"yes"
481,11,16,"other","no","yes",33,"yes"
623,12,11,"other","yes","yes",29,"yes"
328,10,11,"afam","yes","yes",27,"yes"
600,16,4,"other","yes","yes",26,"yes"
693,14,7,"afam","yes","yes",27,"yes"
923,15,12,"other","yes","yes",33,"yes"
721,12,10,"other","yes","yes",28,"yes"
540,12,7,"afam","yes","yes",25,"yes"
459,13,8,"afam","yes","yes",27,"yes"
485,13,8,"afam","yes","yes",27,"yes"
350,12,7,"afam","yes","yes",25,"yes"
200,16,3,"other","yes","yes",25,"yes"
520,10,14,"afam","yes","yes",30,"yes"
250,12,7,"afam","yes","yes",25,"yes"
504,11,11,"afam","yes","no",28,"yes"
363,12,10,"afam","yes","yes",28,"yes"
654,11,16,"afam","yes","yes",33,"yes"
425,12,14,"afam","yes","yes",32,"yes"
245,12,13,"afam","yes","yes",31,"yes"
250,11,8,"afam","yes","yes",25,"yes"
879,13,13,"other","yes","no",32,"yes"
687,12,8,"afam","yes","yes",26,"yes"
402,11,15,"afam","yes","yes",32,"yes"
428,12,13,"afam","yes","yes",31,"yes"
325,13,5,"other","yes","yes",24,"yes"
725,17,4,"other","yes","yes",27,"yes"
780,12,7,"other","yes","yes",25,"yes"
264,14,7,"afam","yes","yes",27,"yes"
450,12,14,"afam","yes","yes",32,"yes"
346,14,7,"afam","yes","yes",27,"yes"
350,13,5,"afam","yes","yes",24,"yes"
400,13,5,"afam","yes","yes",24,"yes"
980,12,14,"other","yes","yes",32,"yes"
385,12,11,"afam","yes","yes",29,"yes"
344,17,5,"afam","yes","no",28,"yes"
563,16,3,"afam","yes","yes",25,"yes"
463,7,16,"other","yes","yes",29,"yes"
565,12,10,"afam","yes","yes",28,"yes"
638,12,9,"afam","yes","yes",27,"yes"
462,10,14,"afam","yes","yes",30,"yes"
670,13,8,"afam","yes","yes",27,"yes"
404,13,5,"afam","yes","yes",24,"yes"
373,17,2,"afam","yes","yes",25,"yes"
230,12,6,"afam","yes","yes",24,"yes"
558,12,14,"afam","yes","yes",32,"yes"
300,8,15,"afam","yes","yes",29,"yes"
913,14,9,"other","yes","yes",29,"yes"
558,18,3,"other","yes","yes",27,"yes"
529,13,14,"other","yes","yes",33,"yes"
330,15,5,"other","yes","yes",26,"yes"
375,9,11,"other","yes","yes",26,"yes"
615,13,5,"other","yes","yes",24,"yes"
721,14,7,"other","no","yes",27,"yes"
529,16,3,"other","yes","no",25,"yes"
859,12,16,"afam","yes","yes",34,"yes"
649,14,7,"afam","yes","yes",27,"yes"
238,10,8,"afam","yes","yes",24,"yes"
275,12,16,"afam","yes","yes",34,"yes"
325,14,6,"afam","yes","yes",26,"yes"
357,14,9,"afam","yes","no",29,"yes"
385,12,12,"afam","yes","yes",30,"yes"
365,14,4,"other","yes","yes",24,"yes"
800,8,19,"other","yes","yes",33,"yes"
482,12,16,"other","yes","yes",34,"yes"
955,17,6,"other","yes","yes",29,"yes"
462,17,3,"other","yes","yes",26,"yes"
417,16,6,"other","no","yes",28,"yes"
290,10,9,"other","yes","yes",25,"yes"
240,12,6,"other","yes","yes",24,"yes"
829,12,13,"afam","yes","yes",31,"yes"
361,12,14,"other","yes","yes",32,"yes"
598,16,6,"other","no","yes",28,"yes"
750,13,6,"other","yes","yes",25,"yes"
385,16,3,"afam","yes","yes",25,"yes"
620,16,6,"afam","yes","yes",28,"yes"
641,13,15,"other","yes","yes",34,"yes"
468,16,4,"afam","yes","yes",26,"yes"
385,13,5,"afam","yes","yes",24,"yes"
462,12,7,"afam","yes","yes",25,"yes"
635,12,9,"other","yes","yes",27,"yes"
400,12,8,"other","no","no",26,"yes"
760,13,8,"other","yes","yes",27,"yes"
560,13,8,"other","yes","yes",27,"yes"
1000,12,16,"other","yes","yes",34,"yes"
425,11,11,"other","yes","yes",28,"yes"
411,12,12,"afam","yes","yes",30,"yes"
179,11,8,"other","yes","yes",25,"yes"
375,18,8,"other","yes","yes",32,"yes"
1298,18,4,"other","yes","yes",28,"yes"
476,15,9,"afam","yes","no",30,"yes"
775,16,5,"other","yes","yes",27,"yes"
714,12,9,"other","yes","yes",27,"yes"
429,10,12,"afam","yes","yes",28,"yes"
435,13,5,"afam","yes","yes",24,"yes"
875,13,7,"other","yes","yes",26,"yes"
424,14,13,"afam","yes","yes",33,"yes"
375,12,7,"afam","yes","yes",25,"yes"
489,12,7,"afam","yes","yes",25,"yes"
462,15,3,"afam","yes","yes",24,"yes"
340,12,16,"afam","yes","yes",34,"yes"
581,12,12,"other","yes","yes",30,"yes"
515,12,9,"other","yes","yes",27,"yes"
1053,12,7,"other","yes","yes",25,"yes"
475,12,12,"afam","yes","yes",30,"yes"
1502,18,8,"other","yes","yes",32,"yes"
962,15,12,"other","yes","no",33,"yes"
230,15,9,"afam","yes","yes",30,"yes"
750,18,5,"afam","yes","yes",29,"yes"
225,15,5,"afam","yes","yes",26,"yes"
331,13,7,"afam","yes","yes",26,"yes"
397,11,9,"afam","yes","yes",26,"yes"
750,10,18,"other","yes","yes",34,"yes"
450,12,7,"other","yes","yes",25,"yes"
865,13,6,"afam","yes","yes",25,"yes"
535,8,10,"other","yes","yes",24,"yes"
846,16,5,"other","yes","no",27,"yes"
759,16,4,"other","yes","no",26,"yes"
600,16,2,"other","yes","yes",24,"yes"
1030,12,16,"other","yes","yes",34,"yes"
876,14,12,"other","yes","yes",32,"yes"
568,12,14,"other","yes","yes",32,"yes"
533,16,3,"other","yes","yes",25,"yes"
481,12,7,"other","yes","yes",25,"yes"
604,12,10,"afam","yes","yes",28,"yes"
657,12,9,"other","yes","yes",27,"yes"
625,12,13,"other","yes","yes",31,"yes"
280,12,11,"afam","yes","yes",29,"yes"
500,10,12,"other","yes","yes",28,"yes"
535,12,8,"other","yes","yes",26,"yes"
818,10,10,"other","yes","yes",26,"yes"
624,10,18,"other","yes","yes",34,"yes"
604,10,12,"other","yes","yes",28,"yes"
505,12,13,"other","yes","no",31,"yes"
750,12,12,"other","yes","no",30,"yes"
721,12,14,"other","yes","no",32,"yes"
674,18,8,"other","yes","no",32,"yes"
913,16,11,"other","yes","yes",33,"yes"
879,17,7,"afam","yes","yes",30,"yes"
427,12,8,"afam","yes","yes",26,"yes"
792,8,10,"afam","yes","yes",24,"yes"
327,14,9,"afam","yes","yes",29,"yes"
313,10,14,"afam","yes","yes",30,"yes"
786,16,12,"afam","yes","no",34,"yes"
337,18,7,"other","yes","no",31,"yes"
385,10,14,"afam","yes","yes",30,"yes"
529,16,5,"afam","yes","yes",27,"yes"
429,10,17,"afam","no","yes",33,"yes"
984,12,9,"other","no","no",27,"yes"
817,12,16,"other","yes","yes",34,"yes"
745,14,12,"afam","yes","yes",32,"yes"
345,10,8,"afam","yes","yes",24,"yes"
554,14,14,"afam","yes","yes",34,"yes"
263,13,5,"afam","yes","yes",24,"yes"
745,18,8,"afam","yes","yes",32,"yes"
673,17,6,"afam","yes","yes",29,"yes"
721,17,9,"afam","yes","yes",32,"yes"
438,13,11,"afam","yes","yes",30,"yes"
545,12,8,"afam","yes","yes",26,"no"
250,14,5,"afam","yes","yes",25,"no"
624,14,7,"afam","yes","yes",27,"no"
400,13,10,"other","yes","yes",29,"no"
577,16,7,"other","yes","yes",29,"no"
813,16,3,"afam","yes","yes",25,"no"
625,12,16,"afam","yes","yes",34,"no"
485,14,6,"afam","yes","yes",26,"no"
841,16,6,"other","yes","yes",28,"no"
865,16,5,"other","yes","yes",27,"no"
325,16,4,"other","yes","yes",26,"no"
477,14,6,"afam","yes","yes",26,"no"
250,16,3,"afam","yes","yes",25,"no"
500,12,6,"other","yes","yes",24,"no"
515,13,6,"other","yes","yes",25,"no"
256,18,4,"other","yes","yes",28,"no"
718,13,5,"other","yes","yes",24,"no"
796,18,6,"other","yes","no",30,"no"
750,12,7,"other","yes","yes",25,"no"
419,12,6,"afam","yes","yes",24,"no"
431,12,8,"afam","yes","yes",26,"no"
425,12,7,"afam","yes","no",25,"no"
220,12,13,"afam","yes","yes",31,"no"
685,13,10,"afam","yes","yes",29,"no"
500,15,13,"other","yes","yes",34,"no"
551,16,4,"other","yes","yes",26,"no"
700,11,8,"other","yes","yes",25,"no"
707,12,14,"other","yes","yes",32,"yes"
523,17,5,"other","yes","yes",28,"yes"
433,12,6,"other","yes","yes",24,"yes"
462,14,5,"other","yes","yes",25,"yes"
397,12,6,"other","yes","yes",24,"yes"
400,15,5,"other","yes","yes",26,"yes"
872,18,4,"other","yes","no",28,"yes"
378,12,8,"other","yes","yes",26,"yes"
364,12,9,"other","yes","yes",27,"yes"
962,15,10,"other","yes","yes",31,"yes"
801,15,9,"other","yes","yes",30,"yes"
400,5,21,"other","yes","yes",32,"yes"
540,13,10,"afam","yes","yes",29,"yes"
450,10,14,"other","yes","yes",30,"yes"
438,15,6,"afam","yes","yes",27,"yes"
360,12,8,"afam","yes","yes",26,"yes"
529,12,9,"other","yes","yes",27,"yes"
721,12,8,"afam","yes","yes",26,"yes"
345,2,23,"other","yes","yes",31,"yes"
1052,11,10,"other","yes","no",27,"yes"
726,16,6,"other","yes","yes",28,"yes"
543,12,15,"afam","yes","no",33,"yes"
1202,16,11,"other","yes","no",33,"yes"
400,16,2,"other","yes","yes",24,"yes"
375,9,17,"afam","yes","yes",32,"yes"
281,11,13,"afam","yes","yes",30,"yes"
127,12,6,"afam","yes","yes",24,"yes"
1393,12,14,"afam","yes","no",32,"yes"
649,12,12,"other","no","yes",30,"yes"
420,16,9,"other","yes","yes",31,"yes"
455,16,5,"other","yes","yes",27,"yes"
661,12,7,"afam","yes","yes",25,"yes"
380,12,6,"other","no","yes",24,"yes"
315,10,18,"afam","yes","yes",34,"yes"
452,14,4,"other","yes","yes",24,"yes"
625,12,10,"other","yes","yes",28,"yes"
601,14,4,"other","yes","yes",24,"yes"
499,13,8,"other","yes","yes",27,"yes"
693,8,17,"other","yes","yes",31,"no"
535,18,8,"other","no","yes",32,"yes"
465,7,13,"other","yes","no",26,"yes"
400,12,6,"other","no","yes",24,"yes"
368,18,3,"other","no","yes",27,"yes"
700,8,11,"other","no","yes",25,"yes"
962,16,9,"other","yes","no",31,"yes"
365,6,12,"other","no","yes",24,"yes"
475,9,18,"other","no","yes",33,"yes"
200,12,6,"other","no","yes",24,"yes"
600,9,9,"afam","yes","no",24,"yes"
505,12,9,"afam","yes","no",27,"yes"
577,16,9,"afam","yes","yes",31,"yes"
457,12,6,"afam","no","yes",24,"yes"
750,12,16,"other","yes","yes",34,"yes"
577,11,15,"other","no","yes",32,"yes"
289,15,3,"other","yes","yes",24,"yes"
224,12,7,"afam","yes","yes",25,"yes"
363,10,8,"afam","yes","yes",24,"yes"
229,10,10,"afam","yes","yes",26,"yes"
234,9,11,"afam","yes","yes",26,"yes"
465,14,4,"afam","yes","yes",24,"yes"
2083,16,5,"other","yes","yes",27,"yes"
427,15,10,"afam","yes","yes",31,"yes"
678,12,15,"other","yes","yes",33,"yes"
313,13,8,"other","no","yes",27,"yes"
601,18,4,"other","yes","yes",28,"yes"
500,10,17,"other","yes","yes",33,"yes"
375,12,10,"other","yes","yes",28,"yes"
550,12,16,"afam","yes","yes",34,"yes"
702,17,5,"afam","yes","no",28,"yes"
625,16,11,"afam","yes","yes",33,"yes"
423,14,14,"afam","yes","yes",34,"yes"
355,11,11,"afam","yes","yes",28,"yes"
519,12,8,"other","yes","yes",26,"yes"
359,14,4,"other","yes","yes",24,"yes"
349,11,10,"afam","yes","yes",27,"yes"
293,12,13,"afam","yes","yes",31,"yes"
443,18,4,"afam","yes","yes",28,"yes"
270,6,22,"afam","yes","yes",34,"yes"
385,14,8,"other","yes","yes",28,"yes"
438,12,9,"other","yes","yes",27,"yes"
417,11,13,"other","yes","yes",30,"yes"
481,11,14,"other","yes","yes",31,"yes"
596,16,8,"other","yes","yes",30,"yes"
600,12,10,"afam","yes","yes",28,"yes"
250,14,7,"afam","yes","yes",27,"yes"
531,12,13,"afam","yes","yes",31,"yes"
591,12,8,"afam","yes","yes",26,"yes"
503,12,15,"afam","yes","no",33,"yes"
475,11,8,"afam","yes","no",25,"yes"
1374,16,9,"other","yes","yes",31,"yes"
325,17,1,"other","yes","no",24,"yes"
577,14,5,"other","yes","yes",25,"yes"
702,12,7,"other","yes","no",25,"yes"
444,16,3,"other","yes","yes",25,"yes"
560,13,8,"afam","yes","yes",27,"yes"
962,13,13,"other","yes","yes",32,"yes"
310,12,8,"other","yes","yes",26,"yes"
1269,17,10,"other","yes","yes",33,"yes"
500,16,6,"other","yes","no",28,"yes"
583,16,8,"other","yes","no",30,"yes"
112,17,2,"other","yes","no",25,"yes"
673,14,13,"other","yes","no",33,"yes"
1923,17,6,"other","yes","yes",29,"yes"
400,14,4,"afam","yes","yes",24,"yes"
460,12,7,"afam","yes","yes",25,"yes"
245,12,12,"afam","yes","yes",30,"yes"
315,16,5,"afam","yes","yes",27,"yes"
641,14,6,"other","yes","yes",26,"yes"
750,12,7,"other","yes","yes",25,"yes"
308,17,2,"other","yes","no",25,"yes"
350,17,6,"other","yes","no",29,"yes"
462,18,3,"other","yes","no",27,"yes"
1154,15,13,"other","yes","no",34,"yes"
1748,16,12,"other","yes","yes",34,"yes"
769,17,10,"other","yes","no",33,"yes"
730,15,8,"other","yes","no",29,"yes"
736,18,6,"other","no","yes",30,"yes"
500,16,3,"other","no","yes",25,"yes"
365,16,2,"other","no","yes",24,"yes"
333,13,5,"other","yes","yes",24,"yes"
721,12,15,"other","no","yes",33,"yes"
375,12,9,"other","no","yes",27,"yes"
250,12,8,"other","no","yes",26,"yes"
361,17,7,"other","no","yes",30,"yes"
283,7,19,"other","no","yes",32,"no"
415,12,16,"other","no","yes",34,"no"
522,16,5,"other","no","yes",27,"no"
706,12,15,"other","no","yes",33,"no"
409,16,4,"other","no","yes",26,"no"
416,12,6,"other","no","yes",24,"no"
786,12,12,"other","yes","no",30,"no"
577,16,5,"other","no","yes",27,"no"
478,16,2,"other","no","yes",24,"no"
625,17,4,"other","yes","yes",27,"no"
505,17,1,"other","no","yes",24,"no"
287,12,14,"other","no","yes",32,"no"
500,12,6,"other","yes","yes",24,"no"
500,8,13,"other","yes","yes",27,"no"
350,12,9,"other","no","yes",27,"no"
462,13,5,"other","no","yes",24,"no"
548,13,11,"afam","no","yes",30,"no"
255,12,10,"afam","no","yes",28,"no"
524,13,5,"afam","yes","yes",24,"no"
292,12,15,"afam","no","yes",33,"no"
375,14,8,"other","yes","yes",28,"no"
529,18,8,"other","yes","yes",32,"no"
909,16,3,"other","no","yes",25,"no"
353,9,13,"other","yes","yes",28,"no"
1155,14,8,"other","yes","yes",28,"no"
250,8,20,"other","yes","yes",34,"no"
781,13,9,"other","yes","yes",28,"no"
416,13,12,"other","yes","yes",31,"no"
364,13,10,"afam","no","yes",29,"yes"
375,13,8,"afam","yes","yes",27,"yes"
375,15,3,"afam","no","yes",24,"yes"
358,16,6,"afam","no","yes",28,"yes"
300,7,18,"afam","no","yes",31,"yes"
528,14,5,"other","no","yes",25,"yes"
299,12,16,"other","no","yes",34,"yes"
450,8,18,"afam","no","yes",32,"yes"
540,14,5,"afam","no","yes",25,"yes"
528,8,15,"other","no","yes",29,"yes"
769,12,12,"other","no","yes",30,"yes"
198,12,8,"afam","yes","no",26,"yes"
400,12,6,"afam","yes","no",24,"yes"
753,12,10,"afam","yes","no",28,"yes"
445,12,6,"afam","yes","no",24,"yes"
240,9,15,"afam","no","yes",30,"yes"
167,3,16,"afam","no","yes",25,"yes"
445,12,6,"other","yes","yes",24,"yes"
250,10,10,"afam","no","yes",26,"yes"
475,12,8,"other","no","yes",26,"yes"
400,16,6,"other","no","yes",28,"yes"
398,18,0,"other","no","yes",24,"yes"
350,12,7,"afam","yes","no",25,"yes"
523,12,15,"afam","no","yes",33,"yes"
270,10,15,"afam","no","yes",31,"yes"
310,9,15,"afam","no","yes",30,"yes"
300,6,19,"afam","no","yes",31,"yes"
325,12,10,"afam","no","yes",28,"yes"
900,12,6,"other","yes","yes",24,"yes"
750,13,7,"other","yes","yes",26,"no"
285,8,12,"afam","yes","yes",26,"no"
278,12,6,"other","yes","yes",24,"no"
500,13,10,"afam","yes","yes",29,"no"
700,8,16,"other","yes","yes",30,"no"
300,9,11,"other","yes","yes",26,"no"
392,8,20,"other","yes","yes",34,"no"
511,12,16,"other","yes","yes",34,"no"
624,16,9,"other","yes","yes",31,"no"
244,12,9,"afam","yes","yes",27,"no"
363,12,9,"other","yes","yes",27,"no"
606,16,5,"other","yes","yes",27,"no"
760,12,7,"other","yes","yes",25,"no"
385,14,11,"other","yes","yes",31,"no"
495,12,14,"afam","yes","yes",32,"no"
828,16,5,"other","yes","yes",27,"no"
404,12,7,"other","yes","yes",25,"no"
267,15,6,"other","no","yes",27,"no"
440,12,16,"other","no","yes",34,"no"
375,14,8,"other","no","yes",28,"no"
301,10,8,"other","no","yes",24,"no"
658,12,16,"other","no","yes",34,"no"
514,15,3,"afam","yes","no",24,"no"
300,12,8,"afam","no","yes",26,"no"
230,12,8,"afam","no","yes",26,"no"
260,10,15,"afam","no","yes",31,"no"
305,12,6,"afam","no","yes",24,"no"
430,8,17,"afam","no","yes",31,"no"
260,8,10,"afam","no","yes",24,"no"
577,16,2,"other","yes","yes",24,"no"
425,11,12,"afam","no","yes",29,"no"
315,12,7,"afam","no","yes",25,"no"
375,13,10,"other","no","yes",29,"no"
500,9,18,"afam","no","yes",33,"no"
500,12,7,"other","yes","yes",25,"no"
350,12,14,"afam","yes","yes",32,"no"
525,10,13,"afam","yes","yes",29,"no"
500,17,3,"other","no","yes",26,"no"
385,16,3,"other","yes","yes",25,"no"
100,9,10,"afam","yes","yes",25,"yes"
300,15,5,"afam","yes","yes",26,"yes"
188,12,6,"afam","yes","yes",24,"yes"
355,8,19,"afam","yes","yes",33,"yes"
267,12,7,"afam","yes","yes",25,"yes"
267,12,10,"afam","yes","yes",28,"yes"
586,12,16,"other","yes","yes",34,"yes"
375,12,6,"afam","no","yes",24,"yes"
346,12,13,"afam","no","yes",31,"yes"
545,16,6,"other","yes","yes",28,"yes"
562,14,5,"other","yes","yes",25,"yes"
577,12,8,"other","yes","no",26,"yes"
890,15,5,"other","yes","no",26,"yes"
625,13,7,"other","no","yes",26,"yes"
416,13,7,"other","no","yes",26,"yes"
683,6,19,"other","no","yes",31,"yes"
625,11,13,"afam","yes","yes",30,"no"
310,9,12,"afam","yes","yes",27,"no"
664,12,10,"afam","yes","yes",28,"no"
286,11,15,"other","yes","yes",32,"no"
600,12,8,"afam","yes","yes",26,"no"
742,16,7,"afam","yes","no",29,"no"
225,11,10,"afam","yes","yes",27,"no"
623,12,16,"other","yes","yes",34,"no"
603,12,6,"other","yes","yes",24,"no"
550,12,11,"other","yes","yes",29,"no"
801,16,5,"other","no","yes",27,"no"
330,14,10,"other","yes","yes",30,"yes"
684,16,12,"other","yes","yes",34,"yes"
1000,15,8,"other","yes","no",29,"yes"
1091,16,8,"other","yes","yes",30,"yes"
476,13,5,"afam","yes","yes",24,"yes"
500,12,6,"afam","yes","yes",24,"yes"
950,14,5,"afam","yes","yes",25,"yes"
1142,18,6,"afam","yes","yes",30,"yes"
450,12,14,"afam","yes","yes",32,"yes"
448,12,7,"other","yes","yes",25,"yes"
361,16,5,"other","yes","yes",27,"yes"
535,13,5,"other","yes","yes",24,"yes"
616,17,2,"other","yes","yes",25,"yes"
490,14,4,"other","yes","yes",24,"yes"
415,12,8,"other","yes","yes",26,"yes"
250,13,5,"afam","yes","yes",24,"no"
500,13,9,"other","no","yes",28,"no"
1155,18,4,"other","yes","yes",28,"no"
525,12,14,"other","no","yes",32,"no"
300,11,7,"other","yes","yes",24,"no"
308,9,11,"other","no","yes",26,"no"
625,8,15,"other","no","yes",29,"no"
350,13,5,"other","yes","yes",24,"no"
673,16,8,"other","no","yes",30,"no"
558,13,9,"other","no","yes",28,"no"
351,12,10,"afam","no","yes",28,"no"
723,12,10,"afam","yes","no",28,"no"
569,15,6,"afam","no","yes",27,"no"
240,11,8,"afam","yes","yes",25,"no"
450,8,18,"other","no","yes",32,"no"
338,11,16,"afam","no","yes",33,"no"
288,10,13,"afam","no","yes",29,"no"
413,17,1,"other","no","yes",24,"yes"
848,12,11,"other","no","yes",29,"yes"
874,16,10,"other","no","yes",32,"yes"
295,11,12,"afam","no","yes",29,"yes"
300,8,12,"afam","no","yes",26,"yes"
289,16,4,"afam","yes","yes",26,"yes"
298,9,14,"afam","no","yes",29,"yes"
361,5,21,"afam","no","yes",32,"yes"
1097,12,12,"afam","yes","no",30,"yes"
465,16,11,"afam","yes","no",33,"yes"
265,14,7,"afam","no","yes",27,"yes"
839,16,8,"other","yes","yes",30,"yes"
577,16,9,"other","no","yes",31,"yes"
225,10,11,"afam","no","yes",27,"yes"
235,12,7,"afam","no","yes",25,"yes"
250,12,8,"afam","yes","yes",26,"yes"
196,12,10,"other","no","yes",28,"yes"
475,12,14,"afam","no","yes",32,"yes"
500,11,9,"other","no","yes",26,"yes"
334,8,15,"afam","no","yes",29,"yes"
454,10,11,"afam","no","yes",27,"yes"
945,16,3,"other","yes","yes",25,"yes"
291,13,5,"other","no","yes",24,"yes"
520,16,5,"other","no","yes",27,"yes"
474,15,7,"other","no","yes",28,"yes"
296,8,18,"other","no","yes",32,"yes"
420,12,15,"other","yes","yes",33,"yes"
519,12,8,"other","no","yes",26,"yes"
316,12,14,"other","no","yes",32,"yes"
375,12,10,"other","no","yes",28,"yes"
550,13,6,"afam","no","yes",25,"yes"
944,8,19,"other","no","yes",33,"yes"
475,16,5,"other","yes","yes",27,"yes"
393,16,5,"other","yes","yes",27,"yes"
750,11,7,"other","yes","yes",24,"yes"
492,13,9,"other","yes","yes",28,"yes"
500,12,10,"afam","yes","yes",28,"yes"
268,11,7,"afam","yes","yes",24,"yes"
475,12,15,"afam","yes","yes",33,"yes"
365,12,13,"afam","yes","yes",31,"yes"
281,11,9,"afam","yes","yes",26,"yes"
250,14,4,"afam","yes","yes",24,"yes"
263,12,15,"afam","yes","yes",33,"yes"
1012,18,5,"other","yes","no",29,"yes"
833,17,5,"other","yes","yes",28,"yes"
313,16,2,"other","yes","no",24,"yes"
962,14,12,"other","yes","yes",32,"yes"
346,9,14,"afam","yes","yes",29,"yes"
300,11,8,"afam","yes","yes",25,"yes"
375,11,15,"afam","yes","yes",32,"yes"
500,14,4,"other","yes","yes",24,"yes"
346,12,7,"other","yes","yes",25,"yes"
319,9,19,"afam","yes","yes",34,"yes"
400,11,9,"afam","yes","yes",26,"yes"
548,13,8,"afam","yes","yes",27,"yes"
230,7,12,"afam","yes","yes",25,"yes"
418,12,8,"other","no","yes",26,"yes"
527,13,10,"other","yes","yes",29,"yes"
865,10,17,"other","yes","yes",33,"yes"
519,13,15,"other","yes","yes",34,"yes"
335,11,12,"other","yes","yes",29,"yes"
865,13,14,"other","yes","yes",33,"yes"
520,8,13,"other","no","yes",27,"yes"
855,17,4,"other","yes","yes",27,"yes"
316,12,6,"other","no","yes",24,"yes"
831,18,9,"other","yes","yes",33,"yes"
875,16,9,"other","yes","yes",31,"yes"
1374,14,13,"other","yes","yes",33,"yes"
451,16,12,"other","yes","yes",34,"yes"
684,18,10,"other","no","yes",34,"yes"
435,13,9,"other","yes","yes",28,"yes"
913,13,13,"other","yes","yes",32,"yes"
855,13,14,"other","no","yes",33,"yes"
600,10,18,"other","yes","yes",34,"yes"
256,12,10,"afam","yes","yes",28,"yes"
375,12,11,"afam","yes","yes",29,"yes"
441,16,5,"afam","yes","yes",27,"yes"
405,13,6,"afam","yes","yes",25,"yes"
410,12,14,"afam","yes","yes",32,"yes"
300,15,6,"other","yes","yes",27,"yes"
693,16,4,"other","yes","yes",26,"yes"
1012,18,6,"other","yes","no",30,"yes"
452,15,5,"afam","yes","yes",26,"no"
388,12,10,"other","yes","yes",28,"no"
492,18,3,"other","no","yes",27,"no"
313,5,20,"other","no","yes",31,"no"
577,14,6,"other","yes","yes",26,"yes"
375,12,6,"other","yes","yes",24,"yes"
655,12,15,"other","yes","no",33,"yes"
709,16,4,"other","yes","yes",26,"yes"
511,14,6,"afam","yes","yes",26,"yes"
625,12,16,"other","yes","yes",34,"yes"
460,14,5,"other","yes","yes",25,"yes"
625,14,13,"other","yes","yes",33,"yes"
575,12,10,"afam","yes","yes",28,"yes"
500,12,7,"afam","yes","yes",25,"yes"
414,13,8,"afam","yes","no",27,"yes"
471,13,7,"afam","yes","no",26,"yes"
520,12,11,"afam","yes","yes",29,"yes"
750,13,8,"afam","yes","no",27,"yes"
490,12,7,"afam","yes","yes",25,"yes"
425,18,7,"afam","yes","no",31,"yes"
535,12,14,"afam","yes","yes",32,"yes"
745,13,7,"other","yes","yes",26,"no"
400,12,6,"other","yes","yes",24,"no"
320,12,10,"other","yes","yes",28,"no"
606,17,6,"other","yes","yes",29,"no"
563,11,7,"other","yes","yes",24,"no"
325,12,9,"afam","yes","yes",27,"no"
821,13,10,"other","yes","yes",29,"no"
810,12,14,"other","yes","yes",32,"no"
374,12,8,"other","yes","yes",26,"no"
300,12,14,"other","yes","yes",32,"no"
619,12,11,"other","yes","yes",29,"yes"
641,18,8,"other","no","yes",32,"yes"
585,12,13,"other","yes","yes",31,"yes"
587,12,12,"other","yes","yes",30,"yes"
533,12,6,"afam","yes","yes",24,"yes"
325,12,12,"afam","yes","yes",30,"yes"
655,13,7,"afam","yes","yes",26,"yes"
617,13,6,"afam","yes","yes",25,"yes"
602,12,6,"afam","yes","yes",24,"yes"
550,16,4,"afam","yes","yes",26,"yes"
686,16,3,"afam","yes","yes",25,"yes"
625,10,14,"afam","yes","yes",30,"yes"
440,11,14,"afam","yes","yes",31,"yes"
153,6,21,"afam","yes","yes",33,"yes"
595,10,11,"afam","yes","yes",27,"yes"
462,11,10,"afam","yes","yes",27,"yes"
300,11,9,"afam","yes","yes",26,"yes"
500,10,15,"afam","yes","yes",31,"yes"
404,10,13,"afam","yes","yes",29,"yes"
275,10,16,"afam","yes","yes",32,"yes"
400,8,18,"afam","no","yes",32,"yes"
600,18,4,"other","no","yes",28,"yes"
577,13,8,"other","no","yes",27,"yes"
375,12,9,"other","no","yes",27,"yes"
304,12,8,"other","no","yes",26,"yes"
282,12,10,"afam","no","yes",28,"yes"
275,14,8,"afam","no","yes",28,"yes"
635,12,7,"other","no","yes",25,"yes"
711,18,1,"afam","yes","no",25,"yes"
959,13,9,"afam","yes","no",28,"yes"
641,16,7,"afam","no","yes",29,"yes"
444,13,5,"other","no","yes",24,"yes"
235,9,19,"afam","yes","yes",34,"yes"
475,15,4,"afam","yes","yes",25,"yes"
252,12,8,"afam","no","yes",26,"yes"
635,14,7,"other","yes","yes",27,"yes"
390,13,7,"afam","no","yes",26,"yes"
413,9,18,"afam","no","yes",33,"yes"
400,11,12,"afam","yes","no",29,"yes"
288,8,11,"afam","no","yes",25,"yes"
360,12,7,"afam","yes","yes",25,"yes"
673,12,14,"other","no","yes",32,"yes"
393,10,18,"afam","yes","yes",34,"no"
577,16,4,"afam","yes","yes",26,"no"
188,11,9,"afam","yes","yes",26,"no"
285,5,16,"afam","yes","yes",27,"no"
375,9,19,"afam","yes","yes",34,"no"
770,17,7,"other","yes","yes",30,"no"
558,17,3,"other","yes","no",26,"no"
1763,18,4,"other","yes","no",28,"no"
695,12,16,"other","yes","yes",34,"no"
489,10,8,"other","no","no",24,"no"
509,12,6,"other","yes","yes",24,"no"
818,12,15,"other","no","yes",33,"no"
275,7,17,"other","no","yes",30,"no"
600,12,12,"other","no","yes",30,"no"
577,13,6,"other","yes","yes",25,"yes"
230,14,4,"other","yes","yes",24,"yes"
507,11,9,"other","yes","no",26,"yes"
606,12,8,"other","yes","yes",26,"yes"
813,12,6,"other","yes","yes",24,"yes"
285,10,9,"other","yes","yes",25,"yes"
1068,16,9,"other","yes","yes",31,"yes"
1635,14,12,"other","yes","yes",32,"yes"
860,16,8,"other","no","yes",30,"yes"
756,14,6,"other","yes","yes",26,"yes"
750,15,4,"other","yes","yes",25,"yes"
438,12,14,"other","yes","yes",32,"yes"
1106,12,15,"other","yes","yes",33,"yes"
291,17,7,"afam","yes","yes",30,"yes"
332,12,8,"afam","yes","no",26,"yes"
417,13,7,"other","no","yes",26,"yes"
625,13,11,"other","yes","yes",30,"yes"
462,12,9,"other","no","yes",27,"yes"
250,8,20,"other","no","yes",34,"yes"
520,18,6,"other","no","no",30,"yes"
150,14,8,"other","yes","yes",28,"yes"
400,14,5,"other","yes","no",25,"yes"
385,18,5,"other","no","no",29,"yes"
577,15,13,"other","yes","no",34,"yes"
538,18,10,"other","yes","no",34,"yes"
801,17,5,"other","yes","no",28,"yes"
500,17,1,"other","yes","no",24,"yes"
894,13,10,"other","yes","no",29,"yes"
625,14,7,"other","yes","no",27,"yes"
323,14,8,"other","no","no",28,"yes"
577,12,14,"other","yes","no",32,"yes"
427,12,7,"other","yes","no",25,"yes"
241,10,15,"other","yes","no",31,"yes"
758,17,5,"other","yes","no",28,"yes"
1979,16,10,"other","yes","no",32,"yes"
695,12,14,"other","yes","no",32,"yes"
491,16,4,"other","yes","no",26,"yes"
565,16,2,"other","yes","no",24,"yes"
340,10,14,"other","yes","no",30,"yes"
298,13,8,"other","yes","no",27,"yes"
308,13,6,"other","yes","no",25,"yes"
1097,13,5,"other","yes","no",24,"yes"
413,11,7,"other","yes","no",24,"yes"
606,12,15,"other","yes","no",33,"yes"
500,12,7,"other","yes","no",25,"yes"
589,15,4,"other","yes","no",25,"yes"
625,13,9,"other","yes","no",28,"yes"
390,10,9,"other","yes","no",25,"yes"
443,14,11,"other","yes","no",31,"yes"
707,13,7,"other","yes","no",26,"yes"
778,16,5,"other","yes","no",27,"yes"
510,12,10,"afam","yes","no",28,"yes"
442,17,2,"other","yes","no",25,"yes"
400,13,7,"other","yes","no",26,"yes"
1275,18,4,"other","yes","no",28,"yes"
405,12,8,"afam","yes","no",26,"yes"
673,12,10,"afam","yes","no",28,"yes"
280,10,11,"afam","yes","no",27,"yes"
350,10,8,"afam","yes","no",24,"yes"
2003,18,6,"other","yes","no",30,"yes"
769,16,4,"other","yes","no",26,"yes"
866,16,7,"other","yes","no",29,"yes"
880,15,11,"other","yes","no",32,"yes"
550,12,8,"other","yes","no",26,"yes"
610,14,8,"other","yes","no",28,"yes"
577,13,6,"other","yes","no",25,"yes"
148,12,7,"afam","yes","no",25,"yes"
824,16,7,"other","yes","no",29,"yes"
700,14,6,"other","yes","no",26,"yes"
750,18,3,"other","yes","no",27,"yes"
700,17,11,"other","no","no",34,"yes"
692,18,8,"other","yes","no",32,"yes"
308,11,10,"afam","yes","no",27,"yes"
865,17,8,"other","no","no",31,"yes"
693,14,4,"afam","yes","no",24,"yes"
800,11,7,"afam","yes","no",24,"yes"
673,14,12,"afam","yes","no",32,"yes"
515,14,5,"other","yes","yes",25,"yes"
712,16,9,"other","yes","no",31,"yes"
845,13,6,"other","yes","no",25,"yes"
885,14,5,"other","yes","no",25,"yes"
693,14,7,"other","yes","no",27,"yes"
851,12,16,"other","yes","no",34,"yes"
738,12,11,"other","yes","no",29,"yes"
481,14,5,"other","yes","no",25,"yes"
795,16,8,"other","yes","no",30,"yes"
579,13,13,"other","no","no",32,"yes"
869,12,16,"other","yes","no",34,"yes"
577,16,5,"other","yes","no",27,"yes"
1385,17,10,"other","yes","no",33,"yes"
1603,14,11,"other","yes","no",31,"yes"
675,12,12,"afam","yes","no",30,"yes"
462,18,8,"other","yes","no",32,"yes"
663,12,11,"other","yes","no",29,"yes"
845,12,6,"other","yes","no",24,"yes"
657,12,15,"other","no","no",33,"yes"
1200,15,6,"other","yes","no",27,"yes"
770,13,14,"other","yes","no",33,"yes"
250,12,9,"afam","yes","no",27,"yes"
343,12,6,"other","yes","no",24,"yes"
2115,12,16,"other","yes","no",34,"yes"
1029,18,3,"other","yes","no",27,"yes"
713,12,7,"other","yes","no",25,"yes"
595,10,12,"other","yes","no",28,"yes"
833,15,11,"other","yes","yes",32,"yes"
400,15,7,"other","yes","no",28,"yes"
721,14,11,"afam","yes","no",31,"yes"
167,12,13,"afam","yes","no",31,"yes"
467,14,7,"other","yes","no",27,"yes"
643,18,3,"other","yes","no",27,"yes"
600,13,15,"other","yes","no",34,"yes"
400,12,6,"other","yes","no",24,"yes"
1000,13,5,"other","yes","no",24,"yes"
666,14,8,"other","yes","no",28,"yes"
553,16,2,"other","yes","no",24,"yes"
785,14,8,"other","yes","no",28,"yes"
667,15,7,"other","yes","no",28,"yes"
300,10,9,"other","yes","no",25,"yes"
697,16,8,"other","yes","no",30,"yes"
438,14,13,"other","no","no",33,"yes"
685,13,6,"other","yes","no",25,"yes"
414,14,6,"other","yes","no",26,"yes"
751,12,7,"other","yes","no",25,"yes"
231,13,7,"other","yes","no",26,"yes"
505,16,7,"other","yes","no",29,"yes"
600,16,8,"other","no","no",30,"yes"
1309,18,9,"other","yes","no",33,"yes"
1058,18,8,"other","yes","no",32,"yes"
627,15,11,"other","yes","no",32,"yes"
1050,16,11,"other","yes","no",33,"yes"
983,18,8,"other","no","no",32,"yes"
1282,18,10,"other","yes","no",34,"yes"
818,12,8,"other","yes","no",26,"yes"
500,17,1,"other","yes","no",24,"yes"
720,12,14,"other","yes","no",32,"yes"
538,12,11,"other","yes","no",29,"yes"
938,17,11,"other","no","no",34,"yes"
300,11,8,"other","yes","no",25,"yes"
781,11,15,"other","no","no",32,"yes"
650,8,20,"other","no","no",34,"yes"
996,18,5,"other","yes","no",29,"yes"
582,17,5,"other","yes","no",28,"yes"
231,16,4,"other","yes","no",26,"yes"
539,16,3,"other","no","no",25,"yes"
628,15,13,"afam","yes","no",34,"yes"
674,12,10,"afam","yes","no",28,"yes"
231,16,5,"other","yes","no",27,"yes"
716,18,5,"other","yes","no",29,"yes"
286,13,5,"other","yes","no",24,"yes"
500,15,5,"other","yes","no",26,"yes"
312,16,5,"other","yes","no",27,"yes"
200,11,8,"other","yes","no",25,"yes"
1106,16,11,"other","yes","no",33,"yes"
583,12,11,"other","yes","no",29,"yes"
404,16,8,"other","yes","no",30,"yes"
618,13,6,"other","yes","no",25,"yes"
277,16,5,"other","yes","no",27,"yes"
962,17,2,"other","yes","yes",25,"yes"
692,15,9,"other","yes","no",30,"yes"
563,12,10,"other","yes","no",28,"yes"
1336,8,19,"other","yes","no",33,"yes"
673,14,11,"other","yes","no",31,"yes"
856,16,10,"other","no","no",32,"yes"
260,16,10,"other","yes","no",32,"yes"
575,15,7,"other","yes","no",28,"yes"
626,13,5,"other","yes","no",24,"yes"
1443,12,14,"other","yes","no",32,"yes"
336,14,8,"other","no","no",28,"yes"
577,12,9,"other","yes","no",27,"yes"
480,13,5,"other","yes","no",24,"yes"
250,15,7,"other","yes","no",28,"yes"
479,11,7,"other","yes","no",24,"yes"
1038,15,13,"other","yes","no",34,"yes"
1090,18,9,"other","yes","no",33,"yes"
462,18,2,"other","yes","no",26,"yes"
625,12,14,"other","no","no",32,"yes"
817,16,3,"other","yes","no",25,"yes"
361,14,8,"other","yes","no",28,"yes"
320,12,9,"other","yes","no",27,"yes"
347,16,10,"other","yes","no",32,"yes"
861,12,12,"other","yes","no",30,"no"
282,10,10,"other","yes","no",26,"no"
699,12,6,"other","yes","no",24,"no"
615,12,6,"other","yes","no",24,"no"
433,11,8,"other","no","no",25,"no"
534,16,3,"other","yes","no",25,"yes"
625,16,4,"other","yes","no",26,"yes"
577,18,2,"other","yes","no",26,"yes"
843,12,6,"other","yes","no",24,"yes"
404,16,4,"other","yes","no",26,"yes"
553,15,11,"other","yes","no",32,"yes"
1014,18,7,"other","yes","no",31,"yes"
325,16,7,"other","yes","no",29,"yes"
771,15,9,"other","yes","no",30,"yes"
700,14,4,"other","yes","no",24,"yes"
548,17,1,"other","yes","no",24,"yes"
625,16,4,"other","yes","no",26,"yes"
911,16,6,"other","yes","no",28,"yes"
745,12,15,"other","yes","no",33,"yes"
674,12,6,"other","no","no",24,"yes"
817,16,6,"other","no","no",28,"no"
770,15,4,"other","yes","no",25,"yes"
727,15,6,"other","yes","no",27,"yes"
666,12,6,"other","yes","no",24,"yes"
688,14,7,"other","yes","no",27,"yes"
560,14,6,"other","yes","no",26,"yes"
500,16,6,"other","yes","no",28,"yes"
670,14,8,"other","yes","no",28,"yes"
962,12,16,"other","yes","no",34,"yes"
726,16,6,"other","yes","no",28,"yes"
962,16,11,"other","yes","no",33,"yes"
615,17,10,"other","yes","no",33,"yes"
1154,13,13,"other","yes","no",32,"yes"
675,13,10,"other","yes","no",29,"yes"
422,12,8,"other","yes","no",26,"yes"
1063,12,7,"other","yes","no",25,"yes"
1175,18,9,"other","yes","no",33,"yes"
852,15,6,"other","yes","no",27,"yes"
610,12,6,"other","yes","no",24,"yes"
423,18,9,"other","yes","no",33,"yes"
1200,12,11,"other","yes","no",29,"yes"
1029,14,14,"other","yes","no",34,"yes"
550,14,8,"other","yes","no",28,"yes"
801,15,10,"other","yes","no",31,"yes"
543,12,13,"other","yes","no",31,"yes"
350,9,16,"other","yes","no",31,"yes"
750,14,12,"other","yes","no",32,"yes"
450,14,14,"other","yes","no",34,"yes"
600,14,4,"other","yes","no",24,"yes"
855,12,15,"other","yes","no",33,"yes"
728,14,6,"other","yes","no",26,"yes"
693,12,16,"other","yes","no",34,"yes"
1025,10,11,"other","yes","no",27,"yes"
1154,14,8,"other","yes","no",28,"yes"
983,16,10,"other","yes","no",32,"yes"
727,15,13,"other","yes","no",34,"yes"
535,14,14,"other","yes","no",34,"yes"
532,12,7,"other","yes","no",25,"yes"
289,13,7,"other","yes","no",26,"yes"
313,17,3,"other","yes","no",26,"yes"
404,13,5,"other","yes","no",24,"yes"
1100,18,6,"other","yes","no",30,"yes"
660,12,9,"other","yes","no",27,"yes"
433,12,14,"other","yes","no",32,"yes"
400,17,4,"other","yes","yes",27,"yes"
263,15,5,"other","yes","no",26,"yes"
400,13,15,"other","yes","no",34,"yes"
577,16,12,"other","no","no",34,"yes"
433,12,6,"other","yes","no",24,"yes"
470,17,2,"other","yes","no",25,"yes"
255,17,2,"other","yes","no",25,"yes"
625,12,8,"other","no","no",26,"yes"
670,13,15,"other","yes","no",34,"yes"
1049,12,12,"other","yes","no",30,"yes"
1846,17,11,"other","yes","no",34,"yes"
769,15,12,"other","yes","no",33,"yes"
688,11,17,"afam","yes","no",34,"yes"
650,15,3,"other","yes","no",24,"yes"
479,16,4,"other","no","no",26,"yes"
341,16,2,"other","no","no",24,"no"
906,14,12,"other","yes","no",32,"no"
351,12,15,"other","no","no",33,"no"
775,12,11,"other","yes","no",29,"no"
700,12,8,"other","yes","no",26,"no"
592,16,4,"other","no","no",26,"no"
740,12,6,"other","no","no",24,"no"
533,12,9,"other","no","no",27,"no"
417,16,3,"other","yes","no",25,"no"
1394,18,10,"other","yes","no",34,"no"
548,12,16,"other","no","no",34,"no"
657,11,7,"other","no","no",24,"yes"
572,12,7,"other","no","no",25,"yes"
624,13,10,"other","no","no",29,"yes"
442,16,9,"other","yes","no",31,"yes"
577,15,6,"other","no","no",27,"yes"
540,13,8,"other","no","no",27,"yes"
841,15,9,"other","no","no",30,"yes"
724,14,9,"other","yes","no",29,"no"
557,13,7,"other","yes","no",26,"no"
334,13,5,"other","no","no",24,"no"
510,15,3,"other","yes","yes",24,"no"
577,12,13,"other","yes","no",31,"no"
511,12,11,"other","yes","no",29,"no"
311,15,4,"other","yes","no",25,"yes"
577,12,16,"other","yes","no",34,"yes"
670,12,16,"other","yes","no",34,"yes"
631,12,9,"other","yes","no",27,"yes"
666,16,3,"other","yes","no",25,"yes"
400,14,7,"other","yes","no",27,"yes"
220,11,7,"other","no","no",24,"yes"
577,13,11,"other","yes","no",30,"yes"
423,13,10,"other","yes","no",29,"yes"
647,16,5,"other","yes","no",27,"yes"
345,15,7,"other","yes","no",28,"yes"
840,16,3,"other","yes","yes",25,"yes"
625,15,4,"other","yes","no",25,"yes"
1000,9,15,"other","yes","no",30,"yes"
919,16,9,"other","yes","no",31,"yes"
730,12,13,"other","yes","no",31,"yes"
448,12,6,"other","yes","yes",24,"yes"
483,14,9,"other","yes","no",29,"yes"
411,12,7,"other","yes","no",25,"yes"
885,14,10,"other","yes","no",30,"yes"
350,14,7,"other","yes","no",27,"no"
500,17,4,"other","no","no",27,"no"
733,15,12,"other","yes","no",33,"no"
459,13,11,"other","yes","no",30,"no"
721,16,6,"other","yes","no",28,"no"
699,15,11,"other","yes","yes",32,"no"
785,14,10,"other","yes","no",30,"no"
925,16,7,"other","yes","no",29,"no"
449,14,6,"other","yes","no",26,"no"
325,15,3,"other","no","no",24,"no"
683,13,13,"other","no","no",32,"no"
522,16,10,"other","yes","no",32,"no"
470,18,4,"other","yes","no",28,"no"
541,12,16,"other","no","no",34,"no"
852,14,9,"other","no","no",29,"no"
400,12,12,"other","no","no",30,"no"
547,18,3,"other","no","no",27,"no"
577,16,10,"other","no","no",32,"no"
300,11,7,"other","no","no",24,"no"
1068,16,10,"other","no","no",32,"no"
721,12,14,"other","no","no",32,"no"
673,17,8,"other","yes","no",31,"no"
739,17,4,"other","yes","yes",27,"no"
1478,12,8,"other","yes","no",26,"no"
875,17,4,"other","no","no",27,"no"
900,12,15,"other","no","no",33,"no"
801,13,12,"other","no","no",31,"no"
550,13,7,"other","no","no",26,"no"
575,10,18,"other","no","no",34,"no"
540,12,9,"other","no","no",27,"no"
790,16,10,"other","yes","no",32,"no"
693,14,8,"other","no","no",28,"no"
250,16,4,"other","no","no",26,"no"
417,17,1,"other","yes","no",24,"no"
635,9,17,"other","no","no",32,"no"
413,12,14,"other","yes","no",32,"no"
300,12,7,"other","no","no",25,"no"
567,17,3,"other","yes","no",26,"no"
641,16,10,"other","no","no",32,"no"
356,13,10,"other","no","no",29,"no"
400,12,15,"other","no","no",33,"no"
413,12,13,"other","no","no",31,"no"
531,14,13,"other","no","no",33,"no"
635,16,7,"other","no","no",29,"no"
144,14,7,"other","no","no",27,"no"
550,14,11,"other","no","no",31,"no"
486,12,14,"other","no","no",32,"no"
598,17,8,"other","yes","no",31,"no"
462,14,6,"other","yes","yes",26,"no"
812,16,4,"other","no","no",26,"no"
625,12,7,"other","no","no",25,"no"
1043,12,13,"other","no","no",31,"no"
800,16,5,"other","yes","no",27,"no"
812,16,5,"other","yes","no",27,"no"
433,17,3,"other","yes","no",26,"no"
751,17,5,"other","yes","no",28,"no"
294,14,6,"other","yes","no",26,"no"
427,12,7,"other","yes","no",25,"yes"
700,12,15,"other","yes","no",33,"yes"
284,16,3,"other","yes","no",25,"yes"
542,14,7,"other","no","no",27,"yes"
480,12,7,"other","yes","no",25,"yes"
378,16,4,"other","yes","no",26,"yes"
508,16,8,"other","yes","no",30,"yes"
500,12,7,"other","yes","no",25,"yes"
723,12,15,"other","yes","no",33,"yes"
220,12,7,"other","no","no",25,"yes"
475,15,3,"other","no","no",24,"yes"
1202,13,7,"other","yes","no",26,"yes"
400,13,5,"other","no","no",24,"yes"
601,16,7,"other","yes","no",29,"yes"
481,12,11,"other","no","no",29,"yes"
700,16,11,"other","no","no",33,"yes"
769,12,9,"other","yes","yes",27,"yes"
529,14,5,"other","yes","yes",25,"yes"
450,16,8,"other","yes","yes",30,"yes"
563,10,18,"other","yes","yes",34,"yes"
649,13,13,"other","yes","yes",32,"yes"
470,8,18,"other","yes","yes",32,"yes"
275,16,2,"other","yes","yes",24,"yes"
719,16,11,"other","yes","yes",33,"yes"
1082,12,15,"other","yes","yes",33,"yes"
673,16,12,"other","yes","yes",34,"yes"
350,18,0,"other","no","yes",24,"no"
769,14,8,"afam","yes","yes",28,"no"
650,12,8,"afam","no","yes",26,"no"
751,9,15,"other","no","yes",30,"no"
356,10,11,"other","no","yes",27,"no"
250,9,9,"other","no","yes",24,"no"
401,12,10,"other","no","yes",28,"no"
425,11,8,"other","no","yes",25,"no"
287,9,10,"other","no","yes",25,"no"
309,13,7,"afam","no","yes",26,"no"
578,14,4,"afam","yes","no",24,"no"
438,16,8,"afam","no","yes",30,"no"
450,12,13,"other","no","yes",31,"no"
173,17,5,"other","yes","yes",28,"no"
529,16,5,"afam","yes","no",27,"no"
482,12,12,"afam","no","yes",30,"no"
833,12,9,"afam","yes","no",27,"no"
260,12,16,"afam","no","yes",34,"no"
279,12,7,"afam","no","yes",25,"no"
350,13,6,"afam","no","yes",25,"no"
145,11,7,"other","no","yes",24,"no"
230,10,11,"afam","no","yes",27,"no"
450,15,3,"afam","yes","no",24,"no"
385,16,3,"other","yes","yes",25,"no"
817,17,11,"other","yes","yes",34,"no"
962,16,8,"other","no","yes",30,"no"
408,13,9,"other","no","yes",28,"no"
526,16,3,"other","yes","yes",25,"no"
578,13,5,"other","yes","no",24,"no"
620,14,8,"other","no","yes",28,"no"
230,12,7,"other","yes","yes",25,"yes"
580,11,13,"afam","yes","yes",30,"yes"
1155,18,8,"other","yes","yes",32,"yes"
380,12,10,"afam","yes","yes",28,"yes"
616,16,5,"afam","yes","yes",27,"yes"
450,12,10,"afam","yes","yes",28,"yes"
425,12,7,"afam","yes","yes",25,"yes"
500,12,10,"afam","yes","yes",28,"yes"
713,12,7,"other","yes","yes",25,"yes"
750,12,7,"other","yes","yes",25,"yes"
323,15,3,"other","yes","yes",24,"yes"
1038,13,9,"other","yes","yes",28,"yes"
491,16,3,"other","yes","yes",25,"yes"
525,13,10,"other","yes","yes",29,"yes"
388,11,12,"afam","yes","yes",29,"yes"
460,10,10,"afam","yes","yes",26,"yes"
400,15,3,"afam","yes","yes",24,"yes"
737,15,6,"afam","yes","yes",27,"yes"
599,14,6,"afam","yes","yes",26,"yes"
1131,18,9,"afam","no","yes",33,"no"
601,14,5,"afam","yes","yes",25,"yes"
298,10,10,"afam","yes","yes",26,"yes"
235,12,9,"afam","yes","yes",27,"yes"
220,13,6,"afam","yes","yes",25,"yes"
697,8,12,"afam","yes","yes",26,"yes"
542,9,9,"afam","yes","yes",24,"yes"
250,12,7,"afam","yes","yes",25,"yes"
400,16,4,"other","yes","yes",26,"yes"
423,15,10,"other","yes","yes",31,"yes"
290,12,7,"other","yes","yes",25,"yes"
247,10,17,"afam","yes","yes",33,"yes"
380,13,7,"afam","yes","yes",26,"yes"
656,12,6,"other","yes","yes",24,"yes"
711,12,14,"other","yes","yes",32,"yes"
481,14,9,"other","yes","yes",29,"yes"
641,16,3,"other","yes","yes",25,"yes"
596,12,14,"other","yes","yes",32,"yes"
578,7,18,"other","yes","yes",31,"yes"
678,16,8,"other","yes","yes",30,"no"
1538,16,10,"other","yes","yes",32,"no"
860,12,15,"other","yes","yes",33,"no"
534,18,8,"other","yes","yes",32,"no"
308,12,9,"other","yes","yes",27,"no"
600,14,9,"other","no","yes",29,"no"
625,8,17,"other","no","yes",31,"no"
540,13,10,"other","yes","yes",29,"no"
344,13,8,"other","no","yes",27,"no"
500,12,7,"other","no","yes",25,"no"
320,11,9,"afam","yes","no",26,"no"
378,18,3,"afam","no","yes",27,"no"
188,15,4,"afam","no","yes",25,"no"
168,9,18,"afam","no","yes",33,"no"
250,2,17,"afam","no","yes",25,"no"
190,3,15,"afam","no","yes",24,"no"
1000,12,10,"afam","yes","no",28,"no"
564,12,6,"afam","no","yes",24,"no"
624,9,9,"afam","no","yes",24,"no"
714,12,6,"afam","yes","yes",24,"no"
538,12,6,"other","no","yes",24,"no"
355,13,7,"afam","no","yes",26,"no"
240,12,6,"afam","no","yes",24,"no"
418,12,6,"other","no","yes",24,"no"
1026,13,8,"other","no","yes",27,"yes"
295,17,9,"other","no","yes",32,"yes"
550,12,8,"afam","yes","yes",26,"yes"
538,12,9,"afam","yes","yes",27,"yes"
350,5,19,"other","no","yes",30,"yes"
711,12,9,"other","no","yes",27,"yes"
229,12,11,"afam","no","yes",29,"yes"
220,12,9,"afam","no","yes",27,"yes"
310,12,11,"afam","no","yes",29,"yes"
320,12,6,"afam","yes","no",24,"yes"
303,12,9,"afam","no","yes",27,"yes"
450,13,7,"other","no","yes",26,"yes"
753,12,11,"afam","yes","yes",29,"yes"
438,12,8,"other","no","yes",26,"yes"
325,11,11,"afam","no","yes",28,"yes"
846,16,10,"other","no","yes",32,"yes"
313,14,6,"other","no","yes",26,"yes"
479,13,15,"other","yes","yes",34,"yes"
429,12,13,"other","yes","yes",31,"yes"
490,14,9,"other","yes","yes",29,"yes"
361,12,6,"other","yes","yes",24,"yes"
400,14,13,"other","yes","yes",33,"yes"
423,12,6,"afam","yes","yes",24,"yes"
311,12,9,"afam","no","yes",27,"yes"
271,11,10,"afam","no","yes",27,"yes"
385,18,2,"afam","yes","yes",26,"yes"
529,16,2,"afam","yes","yes",24,"yes"
700,11,14,"other","no","yes",31,"yes"
381,10,16,"other","no","yes",32,"yes"
465,12,10,"other","no","yes",28,"yes"
400,10,18,"other","no","yes",34,"yes"
455,10,17,"other","no","yes",33,"yes"
260,12,6,"afam","no","yes",24,"no"
705,13,9,"afam","yes","no",28,"no"
417,13,11,"other","no","yes",30,"no"
250,11,10,"afam","no","yes",27,"no"
460,12,6,"afam","no","yes",24,"no"
325,8,12,"afam","no","yes",26,"no"
275,9,10,"afam","no","yes",25,"no"
325,12,8,"afam","no","yes",26,"no"
300,15,4,"afam","yes","no",25,"no"
250,8,17,"afam","no","yes",31,"no"
288,12,10,"other","no","yes",28,"no"
550,13,9,"afam","yes","yes",28,"no"
429,12,15,"other","no","yes",33,"no"
375,8,16,"afam","yes","yes",30,"no"
577,9,15,"other","no","yes",30,"no"
531,13,6,"other","no","yes",25,"no"
250,12,6,"other","yes","yes",24,"no"
440,12,9,"other","no","yes",27,"no"
457,12,8,"other","no","yes",26,"no"
438,12,9,"other","no","yes",27,"no"
550,12,9,"afam","no","yes",27,"no"
650,16,3,"other","yes","yes",25,"no"
423,11,9,"other","no","yes",26,"no"
420,13,8,"other","yes","yes",27,"no"
200,14,5,"other","yes","yes",25,"no"
400,8,12,"other","no","yes",26,"no"
300,9,9,"other","yes","yes",24,"no"
714,12,12,"other","yes","yes",30,"no"
398,12,7,"other","no","yes",25,"no"
398,9,14,"other","no","yes",29,"no"
734,16,6,"other","yes","yes",28,"no"
688,12,7,"other","no","yes",25,"no"
212,6,16,"other","no","yes",28,"no"
455,12,13,"other","no","yes",31,"no"
350,15,3,"other","yes","yes",24,"no"
577,16,6,"other","no","yes",28,"no"
699,16,9,"other","no","no",31,"no"
375,16,5,"other","no","yes",27,"no"
375,13,5,"other","no","yes",24,"no"
364,12,15,"other","no","yes",33,"no"
220,12,11,"afam","yes","yes",29,"no"
621,16,9,"afam","yes","yes",31,"no"
375,11,14,"afam","no","yes",31,"no"
341,16,4,"afam","no","yes",26,"no"
380,16,2,"afam","no","yes",24,"no"
260,11,15,"other","yes","yes",32,"no"
489,8,16,"afam","yes","yes",30,"no"
433,11,9,"afam","yes","yes",26,"no"
365,11,10,"afam","yes","yes",27,"no"
257,14,13,"afam","yes","yes",33,"no"
513,14,6,"other","yes","yes",26,"no"
288,15,10,"other","yes","yes",31,"no"
866,18,6,"other","yes","yes",30,"no"
433,12,7,"other","yes","yes",25,"no"
500,1,22,"other","yes","yes",29,"no"
548,16,2,"other","yes","yes",24,"no"
400,12,11,"other","yes","yes",29,"no"
433,9,15,"other","yes","yes",30,"no"
375,13,5,"other","no","yes",24,"no"
547,12,14,"other","yes","yes",32,"no"
375,12,6,"other","no","yes",24,"no"
500,14,5,"other","no","yes",25,"no"
355,16,2,"other","no","yes",24,"no"
600,12,11,"other","yes","no",29,"no"
650,12,16,"other","yes","yes",34,"no"
848,12,14,"other","yes","yes",32,"no"
325,12,9,"other","yes","yes",27,"no"
289,12,15,"afam","no","yes",33,"yes"
457,14,4,"afam","no","yes",24,"yes"
711,14,9,"afam","yes","yes",29,"yes"
413,13,15,"other","no","yes",34,"yes"
649,16,3,"afam","yes","yes",25,"yes"
633,13,7,"other","yes","yes",26,"yes"
721,16,6,"other","no","yes",28,"yes"
913,12,14,"other","yes","yes",32,"yes"
375,13,7,"other","no","yes",26,"yes"
592,18,3,"other","yes","yes",27,"yes"
764,16,10,"other","no","yes",32,"no"
500,12,8,"other","no","yes",26,"no"
275,11,8,"afam","yes","no",25,"no"
260,10,8,"afam","yes","no",24,"no"
962,16,6,"other","no","yes",28,"no"
625,12,10,"afam","no","yes",28,"no"
333,12,8,"afam","no","yes",26,"no"
625,12,11,"afam","no","yes",29,"no"
250,10,8,"afam","no","yes",24,"no"
359,12,16,"afam","no","yes",34,"no"
550,12,16,"afam","no","yes",34,"no"
403,12,6,"afam","no","yes",24,"no"
463,11,9,"afam","yes","no",26,"no"
396,12,6,"afam","no","yes",24,"no"
278,12,6,"afam","no","yes",24,"no"
400,14,7,"afam","no","yes",27,"no"
415,16,2,"afam","no","yes",24,"no"
462,12,15,"afam","no","yes",33,"no"
1442,18,9,"other","no","yes",33,"no"
125,4,17,"afam","no","yes",27,"no"
200,10,18,"afam","no","yes",34,"no"
300,10,15,"afam","no","yes",31,"no"
521,10,16,"afam","no","yes",32,"no"
266,13,6,"afam","yes","yes",25,"no"
325,11,9,"afam","no","yes",26,"no"
350,9,15,"afam","yes","yes",30,"no"
340,9,19,"afam","no","yes",34,"no"
625,13,6,"afam","no","yes",25,"no"
214,10,13,"other","no","yes",29,"no"
688,12,10,"other","no","yes",28,"no"
275,8,18,"other","yes","yes",32,"no"
457,10,16,"other","no","yes",32,"no"
615,12,8,"afam","yes","yes",26,"no"
732,16,3,"afam","yes","no",25,"no"
163,12,8,"afam","no","yes",26,"no"
260,8,10,"afam","no","yes",24,"no"
492,11,10,"other","no","yes",27,"no"
575,12,8,"afam","yes","no",26,"no"
510,12,7,"afam","yes","no",25,"no"
565,8,12,"afam","yes","yes",26,"no"
515,9,14,"afam","no","yes",29,"no"
471,8,11,"afam","yes","no",25,"no"
335,13,8,"afam","no","yes",27,"no"
481,12,10,"afam","no","yes",28,"no"
642,12,8,"afam","no","yes",26,"no"
573,10,9,"afam","no","yes",25,"no"
315,6,20,"afam","no","yes",32,"no"
360,11,13,"afam","yes","yes",30,"no"
339,12,7,"afam","yes","yes",25,"no"
400,13,7,"other","no","yes",26,"no"
300,15,3,"other","no","yes",24,"no"
580,10,18,"other","no","yes",34,"no"
321,14,4,"other","no","yes",24,"no"
475,12,8,"afam","yes","no",26,"no"
445,7,12,"afam","yes","no",25,"no"
300,6,13,"afam","no","yes",25,"no"
252,10,11,"afam","no","yes",27,"no"
419,12,7,"afam","no","yes",25,"no"
317,6,22,"afam","no","yes",34,"no"
553,16,7,"other","no","yes",29,"no"
721,18,7,"other","no","yes",31,"no"
729,13,6,"other","no","yes",25,"no"
314,12,7,"other","yes","yes",25,"no"
220,9,12,"other","no","yes",27,"no"
235,8,11,"afam","no","yes",25,"yes"
333,9,12,"afam","no","yes",27,"yes"
333,11,9,"afam","no","yes",26,"yes"
333,11,13,"afam","no","yes",30,"yes"
380,12,10,"afam","no","yes",28,"yes"
390,12,8,"afam","no","yes",26,"yes"
250,5,23,"afam","no","yes",34,"yes"
673,17,4,"afam","yes","yes",27,"yes"
483,16,4,"afam","yes","yes",26,"yes"
769,16,3,"afam","yes","yes",25,"yes"
325,4,15,"afam","yes","yes",25,"yes"
465,11,13,"afam","no","yes",30,"yes"
350,14,4,"other","no","yes",24,"yes"
375,12,8,"afam","yes","yes",26,"yes"
300,5,16,"other","no","yes",27,"yes"
475,16,3,"afam","yes","yes",25,"yes"
528,12,9,"afam","yes","no",27,"yes"
513,10,10,"afam","no","yes",26,"yes"
445,12,9,"afam","yes","no",27,"yes"
265,11,12,"afam","no","yes",29,"yes"
260,12,9,"afam","no","yes",27,"yes"
318,9,9,"afam","yes","yes",24,"yes"
626,12,8,"other","no","yes",26,"no"
400,11,8,"other","no","yes",25,"no"
378,14,4,"other","yes","yes",24,"no"
803,16,7,"other","no","yes",29,"no"
447,16,3,"other","no","yes",25,"no"
319,15,7,"other","no","yes",28,"no"
401,8,16,"other","no","yes",30,"no"
438,9,12,"other","yes","yes",27,"no"
417,10,8,"other","yes","yes",24,"no"
375,10,9,"other","no","yes",25,"no"
616,16,8,"other","yes","yes",30,"no"
354,12,10,"other","yes","yes",28,"no"
425,18,4,"other","yes","yes",28,"no"
265,12,8,"other","no","yes",26,"no"
426,14,4,"other","yes","yes",24,"no"
250,12,7,"other","no","yes",25,"no"
560,17,2,"other","yes","yes",25,"no"
289,12,11,"other","no","yes",29,"no"
393,16,4,"other","no","yes",26,"no"
577,12,8,"other","yes","yes",26,"no"
346,17,9,"other","no","yes",32,"no"
1282,16,6,"other","yes","yes",28,"no"
865,17,5,"other","yes","no",28,"yes"
413,14,4,"other","yes","yes",24,"yes"
225,6,17,"other","yes","no",29,"yes"
404,14,7,"other","yes","no",27,"yes"
721,12,13,"other","yes","yes",31,"yes"
577,12,12,"other","yes","yes",30,"yes"
500,12,8,"other","no","yes",26,"yes"
250,12,11,"other","no","yes",29,"yes"
155,12,8,"other","no","yes",26,"yes"
406,12,9,"other","no","yes",27,"yes"
350,12,15,"afam","yes","yes",33,"no"
462,12,8,"afam","yes","yes",26,"no"
500,10,18,"other","yes","yes",34,"no"
846,16,8,"other","yes","yes",30,"no"
577,12,11,"other","yes","yes",29,"no"
400,16,6,"other","yes","yes",28,"no"
741,11,17,"other","no","no",34,"no"
350,14,5,"other","yes","yes",25,"no"
438,12,8,"other","yes","yes",26,"no"
727,13,6,"other","yes","yes",25,"no"
970,11,8,"other","yes","yes",25,"no"
751,16,8,"other","yes","yes",30,"no"
577,18,6,"other","yes","yes",30,"no"
404,16,8,"other","no","yes",30,"no"
616,12,12,"other","no","yes",30,"no"
230,16,3,"other","no","yes",25,"no"
142,12,6,"other","no","yes",24,"no"
385,18,6,"other","no","yes",30,"no"
385,12,9,"other","yes","yes",27,"no"
422,12,6,"other","no","yes",24,"no"
650,12,9,"afam","no","no",27,"no"
230,8,16,"afam","no","yes",30,"no"
672,15,9,"other","no","yes",30,"no"
354,18,3,"afam","yes","yes",27,"no"
250,13,7,"afam","no","yes",26,"no"
300,11,14,"afam","no","yes",31,"no"
400,12,6,"afam","no","yes",24,"no"
300,7,21,"afam","no","yes",34,"no"
460,13,8,"afam","no","yes",27,"no"
432,12,9,"afam","yes","no",27,"no"
250,11,9,"afam","no","yes",26,"no"
315,5,17,"other","yes","yes",28,"no"
625,12,10,"other","no","yes",28,"no"
500,10,10,"other","no","yes",26,"no"
331,12,9,"other","no","yes",27,"no"
585,12,10,"other","no","yes",28,"no"
320,13,9,"afam","no","yes",28,"no"
300,11,11,"afam","no","yes",28,"no"
738,16,10,"other","no","yes",32,"no"
385,12,12,"afam","no","yes",30,"no"
641,13,7,"afam","no","yes",26,"no"
325,5,21,"afam","no","yes",32,"no"
406,12,6,"afam","no","yes",24,"no"
300,6,20,"afam","no","yes",32,"no"
176,7,16,"afam","no","yes",29,"no"
450,11,10,"afam","no","yes",27,"no"
292,10,8,"afam","no","yes",24,"no"
801,12,9,"other","no","yes",27,"no"
375,9,12,"afam","no","yes",27,"no"
230,10,8,"afam","no","yes",24,"no"
535,13,14,"afam","no","yes",33,"no"
422,7,18,"afam","no","yes",31,"no"
361,10,11,"other","no","yes",27,"no"
300,9,12,"other","no","yes",27,"no"
558,12,10,"other","no","yes",28,"no"
470,16,6,"afam","no","yes",28,"no"
486,12,16,"other","no","yes",34,"no"
600,12,8,"other","no","yes",26,"no"
363,11,17,"afam","no","yes",34,"no"
200,10,8,"afam","yes","yes",24,"no"
142,8,16,"afam","no","yes",30,"no"
448,12,15,"other","no","yes",33,"no"
300,11,12,"afam","no","yes",29,"no"
706,12,13,"other","yes","no",31,"no"
534,12,8,"other","yes","no",26,"no"
260,13,10,"afam","no","yes",29,"no"
675,12,8,"afam","yes","no",26,"no"
260,7,18,"afam","no","yes",31,"no"
300,10,18,"afam","no","yes",34,"no"
1215,16,5,"other","yes","yes",27,"no"
577,17,5,"other","no","yes",28,"no"
250,14,7,"afam","no","yes",27,"no"
394,10,14,"afam","yes","no",30,"no"
275,8,10,"afam","no","yes",24,"no"
225,9,17,"afam","no","yes",32,"no"
275,7,12,"afam","no","yes",25,"no"
356,9,15,"afam","no","yes",30,"no"
885,12,7,"afam","yes","no",25,"no"
192,16,2,"afam","yes","yes",24,"no"
420,7,16,"afam","no","yes",29,"no"
375,7,20,"afam","no","yes",33,"no"
364,7,18,"afam","no","yes",31,"no"
400,12,8,"other","no","yes",26,"no"
353,12,8,"afam","yes","yes",26,"no"
300,13,10,"other","no","yes",29,"no"
416,15,4,"other","yes","yes",25,"no"
600,11,9,"afam","no","yes",26,"no"
973,13,10,"afam","yes","no",29,"no"
230,5,18,"afam","no","yes",29,"no"
311,12,9,"afam","no","yes",27,"no"
274,8,17,"afam","no","yes",31,"no"
400,11,10,"afam","yes","no",27,"no"
200,8,12,"afam","no","yes",26,"no"
435,13,7,"afam","no","yes",26,"no"
230,6,17,"afam","no","yes",29,"no"
731,6,18,"afam","yes","no",30,"no"
270,10,17,"afam","no","yes",33,"no"
176,8,12,"afam","no","yes",26,"no"
250,12,7,"afam","no","yes",25,"no"
333,10,14,"afam","no","yes",30,"no"
438,12,7,"afam","yes","no",25,"no"
428,16,4,"afam","yes","yes",26,"no"
740,16,7,"other","yes","yes",29,"no"
700,12,8,"afam","yes","no",26,"no"
245,12,6,"afam","no","yes",24,"no"
230,12,8,"afam","no","yes",26,"no"
273,15,8,"afam","no","yes",29,"no"
632,14,8,"afam","yes","no",28,"no"
289,16,3,"afam","yes","no",25,"no"
300,8,18,"afam","no","yes",32,"no"
230,10,13,"afam","no","yes",29,"no"
395,8,16,"afam","no","yes",30,"no"
572,9,9,"afam","no","yes",24,"no"
625,17,7,"afam","yes","no",30,"no"
550,16,3,"afam","yes","no",25,"no"
250,9,11,"afam","no","yes",26,"no"
363,8,13,"other","no","yes",27,"no"
100,14,14,"afam","no","yes",34,"no"
350,12,15,"afam","yes","no",33,"no"
290,10,9,"afam","no","yes",25,"no"
250,4,22,"afam","no","yes",32,"no"
833,8,19,"afam","yes","yes",33,"no"
435,10,9,"afam","yes","yes",25,"no"
333,12,9,"afam","yes","no",27,"no"
306,12,8,"other","no","yes",26,"no"
573,18,9,"other","no","yes",33,"no"
288,12,7,"other","yes","yes",25,"no"
463,12,10,"afam","yes","yes",28,"no"
389,12,16,"other","no","yes",34,"no"
1106,16,10,"other","no","yes",32,"no"
245,16,2,"other","yes","yes",24,"no"
358,12,7,"other","yes","yes",25,"no"
357,8,20,"other","yes","yes",34,"no"
400,12,12,"afam","no","yes",30,"no"
300,10,9,"other","no","yes",25,"no"
553,16,5,"other","yes","yes",27,"no"
300,8,17,"other","no","yes",31,"no"
450,7,17,"other","yes","yes",30,"no"
409,12,7,"other","no","yes",25,"no"
250,14,4,"other","yes","yes",24,"no"
337,16,2,"other","yes","yes",24,"no"
280,16,2,"other","yes","yes",24,"no"
523,13,5,"other","yes","yes",24,"no"
513,16,4,"other","yes","yes",26,"no"
691,14,11,"other","yes","yes",31,"no"
425,16,5,"other","no","no",27,"no"
361,13,5,"other","yes","yes",24,"no"
542,12,6,"other","no","no",24,"no"
769,12,14,"other","yes","yes",32,"no"
505,12,7,"other","yes","yes",25,"no"
591,17,2,"other","yes","yes",25,"no"
419,16,3,"other","yes","yes",25,"no"
375,16,4,"other","yes","yes",26,"no"
369,17,3,"other","yes","yes",26,"no"
438,11,9,"other","yes","yes",26,"no"
619,17,6,"other","yes","no",29,"no"
635,16,11,"other","yes","yes",33,"no"
500,12,8,"other","yes","yes",26,"no"
875,12,14,"other","yes","yes",32,"no"
635,17,11,"other","yes","yes",34,"no"
313,14,4,"other","no","no",24,"no"
350,15,3,"other","no","yes",24,"no"
857,9,9,"other","no","yes",24,"no"
200,11,14,"afam","no","yes",31,"no"
383,12,6,"afam","yes","no",24,"no"
245,12,12,"afam","no","yes",30,"no"
808,12,14,"afam","no","yes",32,"no"
462,18,9,"afam","no","yes",33,"no"
577,16,7,"afam","no","yes",29,"no"
506,17,8,"afam","yes","no",31,"no"
962,17,5,"other","no","yes",28,"no"
743,16,4,"other","yes","yes",26,"no"
450,12,6,"other","yes","yes",24,"no"
476,11,10,"afam","no","yes",27,"no"
123,9,10,"afam","no","yes",25,"no"
794,11,15,"afam","yes","yes",32,"no"
200,10,9,"afam","no","yes",25,"no"
462,14,12,"other","no","yes",32,"no"
225,10,13,"other","no","yes",29,"no"
577,13,9,"other","yes","yes",28,"no"
180,8,18,"afam","no","yes",32,"no"
325,9,16,"afam","no","no",31,"no"
409,7,15,"afam","no","yes",28,"no"
200,10,9,"afam","no","yes",25,"no"
539,16,7,"other","no","yes",29,"no"
354,16,6,"other","no","yes",28,"no"
250,11,11,"other","no","yes",28,"no"
693,16,6,"other","no","yes",28,"no"
420,12,10,"other","no","yes",28,"no"
366,12,15,"other","yes","yes",33,"no"
351,11,7,"other","no","yes",24,"no"
913,16,9,"other","yes","yes",31,"no"
900,13,9,"other","no","yes",28,"no"
300,7,13,"other","no","yes",26,"no"
307,10,11,"other","no","yes",27,"no"
475,7,14,"other","yes","yes",27,"no"
340,11,11,"afam","no","yes",28,"no"
463,9,14,"afam","yes","yes",29,"no"
200,12,12,"afam","no","yes",30,"no"
315,15,3,"afam","no","yes",24,"no"
625,16,8,"afam","no","yes",30,"no"
254,12,12,"afam","no","yes",30,"no"
450,9,12,"other","no","yes",27,"no"
375,12,6,"afam","no","yes",24,"no"
300,12,8,"afam","yes","no",26,"no"
364,12,8,"afam","no","yes",26,"no"
750,18,3,"afam","yes","no",27,"no"
589,15,7,"afam","yes","yes",28,"no"
265,10,15,"afam","yes","yes",31,"no"
300,9,10,"afam","yes","yes",25,"no"
390,6,21,"afam","no","yes",33,"no"
500,10,15,"other","no","yes",31,"no"
450,12,11,"other","no","yes",29,"no"
263,12,9,"other","no","yes",27,"no"
432,14,7,"other","no","yes",27,"no"
192,10,14,"afam","no","yes",30,"no"
829,14,14,"other","no","yes",34,"no"
513,16,8,"afam","yes","yes",30,"yes"
529,13,11,"afam","yes","no",30,"yes"
385,16,4,"afam","no","yes",26,"yes"
500,13,8,"other","no","yes",27,"yes"
712,15,8,"other","yes","yes",29,"yes"
472,16,5,"other","yes","yes",27,"yes"
470,12,6,"afam","no","yes",24,"yes"
413,13,6,"afam","yes","no",25,"yes"
335,12,7,"other","no","yes",25,"yes"
481,13,15,"other","yes","yes",34,"yes"
500,12,6,"other","no","yes",24,"yes"
713,12,13,"other","no","yes",31,"yes"
525,13,7,"afam","no","yes",26,"yes"
