{
   "changed" : {
      "float" : 3.141592653,
      "integer" : 1000000000,
      "negative" : -100
   },
   "number_vs_string" : 2,
   "same" : [
        0,
        0.0,
        -1000000,
        0.0000000001
   ],
   "undistinguishable" : {
        "0 vs -0" : 0,
   }
}
